ID,latitude,longitude,depth,X,Y,Z,EX,EY,EZ,MAG,NCCP,NCCS,NCTP,NCTS,RCC,RCT,CID,time_utc
1,16.182997,-97.565511,-12.959,-265.2,3623.8,-797.0,267.7,85.7,209.7,1.414,0,0,22,23,-9.0,0.137,3,2017-09-06 05:01:24.370
2,16.30844,-98.115324,-15.02,-7152.4,2782.0,1708.3,3291.7,2133.6,2550.1,1.52,0,0,8,5,-9.0,0.434,7,2017-09-06 06:59:42.020
3,17.005999,-98.3712,-46.36,2534.4,-3264.9,-2719.8,30.5,48.5,40.6,0.851,0,0,2,3,-9.0,0.039,12,2017-09-07 01:19:00.670
4,16.103806,-97.592196,-9.32,-3120.2,-5139.4,-4436.1,248.7,199.1,192.4,0.946,0,0,18,17,-9.0,0.087,3,2017-09-07 04:40:53.120
5,16.16379,-97.555802,-11.619,773.1,1498.4,-2137.5,127.9,207.0,309.4,1.52,0,0,14,16,-9.0,0.082,3,2017-09-07 16:44:43.310
6,16.164286,-97.593327,-24.388,-3240.5,1553.3,10631.3,482.8,589.1,830.7,0.611,0,0,6,7,-9.0,0.221,3,2017-09-07 17:39:57.220
7,15.213938,-94.753605,-28.204,8304.7,-26155.4,-350.4,573.7,783.8,1608.4,3.672,0,0,296,81,-9.0,0.323,1,2017-09-08 05:17:38.430
8,15.143345,-94.530566,-31.476,32260.4,-33966.6,2921.3,1031.2,1112.1,1582.4,3.232,0,0,32,6,-9.0,0.371,1,2017-09-08 05:24:33.900
9,15.220655,-94.794287,-31.951,3935.7,-25412.0,3396.2,541.6,491.2,640.1,3.51,0,0,387,273,-9.0,0.28,1,2017-09-08 05:44:25.120
10,15.178674,-94.804712,-29.391,2817.0,-30057.4,836.1,894.0,1466.9,1323.7,3.306,0,0,138,293,-9.0,0.323,1,2017-09-08 05:57:59.260
11,15.115597,-94.789868,-29.968,4411.7,-37037.1,1413.8,837.4,823.7,1597.4,2.974,0,0,154,40,-9.0,0.324,1,2017-09-08 07:20:30.660
12,15.561945,-95.158455,-31.02,-35140.5,12352.4,2465.2,966.6,1251.7,1247.2,3.058,0,0,29,6,-9.0,0.301,1,2017-09-08 07:21:09.970
13,15.285665,-94.829134,-30.895,194.0,-18218.6,2340.3,708.9,891.9,1059.9,2.852,0,0,202,188,-9.0,0.244,1,2017-09-08 07:23:38.800
14,14.92069,-94.722673,-23.835,11634.3,-58604.0,-4719.3,2578.4,2952.3,3203.2,3.059,0,0,7,0,-9.0,0.247,1,2017-09-08 07:30:31.930
15,15.101002,-94.655558,-74.049,18838.4,-38652.1,45494.4,1600.6,2201.6,3996.7,3.461,0,0,100,3,-9.0,0.379,1,2017-09-08 07:38:32.780
16,15.081486,-94.674235,-24.182,16832.5,-40811.5,-4373.0,1058.9,1211.6,910.2,2.922,0,0,88,11,-9.0,0.291,1,2017-09-08 07:46:13.680
17,15.039259,-95.253971,-32.504,-45444.9,-45484.1,3949.7,1008.2,1350.9,1334.0,2.992,0,0,17,9,-9.0,0.366,1,2017-09-08 07:59:58.540
18,15.006663,-95.055143,-54.356,-24087.5,-49090.8,25801.1,2395.8,2922.7,5473.5,2.629,0,0,5,5,-9.0,0.409,1,2017-09-08 08:15:21.800
19,15.37798,-94.96556,-32.52,-14449.7,-8003.8,3965.7,742.2,1108.8,1459.7,2.558,0,0,86,108,-9.0,0.33,1,2017-09-08 08:38:29.780
20,15.577017,-94.82557,-27.322,576.5,14020.2,-1232.3,1050.2,1771.8,1514.1,3.05,0,0,38,9,-9.0,0.312,1,2017-09-08 08:41:12.220
21,15.158139,-94.800716,-29.827,3246.4,-32329.6,1272.1,923.7,1462.6,1601.9,2.477,0,0,96,128,-9.0,0.311,1,2017-09-08 08:50:09.490
22,15.129984,-94.669808,-34.535,17306.5,-35445.1,5980.5,598.7,840.0,1530.8,2.959,0,0,268,81,-9.0,0.283,1,2017-09-08 09:08:14.440
23,15.387234,-95.192131,-28.993,-38769.7,-6979.7,438.2,1165.8,1102.5,1510.0,2.827,0,0,11,15,-9.0,0.332,1,2017-09-08 09:16:22.000
24,15.196705,-94.81259,-27.807,1970.4,-28062.2,-747.3,788.5,943.6,885.6,2.497,0,0,181,216,-9.0,0.313,1,2017-09-08 09:26:02.490
25,15.161761,-94.777759,-34.406,5711.3,-31928.8,5851.0,1151.6,1111.7,1647.6,2.688,0,0,236,151,-9.0,0.302,1,2017-09-08 10:22:16.830
26,15.055993,-94.4861,-38.587,37043.9,-43632.4,10032.7,1004.8,1229.0,4160.0,2.474,0,0,47,10,-9.0,0.309,1,2017-09-08 10:59:59.510
27,15.619236,-94.911287,-55.245,-8619.6,18691.8,26690.4,931.9,1498.5,3050.8,2.932,0,0,49,16,-9.0,0.3,1,2017-09-08 11:06:11.540
28,15.290163,-94.790959,-26.028,4292.2,-17720.8,-2527.1,1184.9,1251.3,961.5,3.014,0,0,233,105,-9.0,0.299,1,2017-09-08 11:11:54.620
29,15.191574,-94.848844,-17.409,-1922.5,-28630.0,-11145.4,896.6,1057.4,994.3,2.552,0,0,4,9,-9.0,0.384,1,2017-09-08 11:22:29.540
30,15.311772,-94.959855,-60.741,-13839.6,-15329.8,32186.2,1104.5,1722.0,3131.0,3.482,0,0,122,47,-9.0,0.36,1,2017-09-08 11:25:52.280
31,15.314215,-94.788102,-32.758,4598.7,-15059.5,4203.7,694.7,947.0,703.0,2.725,0,0,269,97,-9.0,0.245,1,2017-09-08 11:33:18.750
32,15.249728,-95.168042,-53.968,-36195.6,-22195.1,25413.1,1584.4,1964.2,3684.2,3.361,0,0,28,9,-9.0,0.278,1,2017-09-08 11:43:06.970
33,15.115186,-94.590796,-67.349,25793.4,-37082.6,38794.7,1410.2,2012.5,4203.1,2.856,0,0,127,18,-9.0,0.344,1,2017-09-08 12:12:22.690
34,15.041624,-95.056844,-31.808,-24267.9,-45222.3,3253.1,1335.7,1517.7,2029.4,2.677,0,0,8,13,-9.0,0.178,1,2017-09-08 12:21:43.440
35,15.034043,-94.195093,-35.154,68307.6,-46061.2,6599.2,1255.5,1168.9,2381.3,2.947,0,0,14,2,-9.0,0.366,1,2017-09-08 12:45:59.220
36,14.931211,-94.981209,-22.969,-16146.6,-57439.7,-5585.3,1397.9,1573.9,1729.7,2.403,0,0,31,7,-9.0,0.308,1,2017-09-08 13:33:53.640
37,15.188944,-94.705924,-30.395,13425.2,-28921.0,1840.6,1113.9,1702.9,1653.7,2.523,0,0,186,14,-9.0,0.334,1,2017-09-08 13:36:45.140
38,15.091354,-94.71512,-29.416,12440.4,-39719.5,861.1,1012.8,1031.9,910.8,2.6,0,0,180,111,-9.0,0.31,1,2017-09-08 14:14:29.720
39,15.063053,-95.092375,-29.194,-28083.2,-42851.1,639.1,929.0,1099.4,1412.5,2.288,0,0,51,18,-9.0,0.327,1,2017-09-08 14:16:19.320
40,15.418629,-94.416056,-27.775,44529.5,-3505.9,-779.7,782.8,1176.7,1679.0,3.571,0,0,14,4,-9.0,0.305,1,2017-09-08 14:24:56.460
41,15.090932,-95.084285,-11.706,-27212.3,-39766.2,-16848.5,1537.6,1693.4,1619.3,2.704,0,0,6,2,-9.0,0.185,1,2017-09-08 14:43:08.350
42,15.269524,-95.312077,-12.547,-51658.7,-20004.6,-16007.9,1946.1,1727.4,1514.9,2.138,0,0,5,1,-9.0,0.347,1,2017-09-08 14:49:47.070
43,14.955905,-94.939941,-31.701,-11712.0,-54707.4,3146.6,1820.3,2022.0,2717.1,2.597,0,0,27,6,-9.0,0.286,1,2017-09-08 14:53:33.450
44,15.384155,-94.990275,-34.827,-17103.2,-7320.4,6271.9,959.1,955.8,1584.3,2.053,0,0,98,39,-9.0,0.28,1,2017-09-08 15:10:58.540
45,15.295265,-94.891268,-30.789,-6476.8,-17156.4,2234.3,675.2,900.7,1186.8,2.53,0,0,108,97,-9.0,0.27,1,2017-09-08 15:11:50.390
46,15.202277,-94.837199,-73.465,-671.8,-27445.8,44910.8,1661.4,2015.6,3048.6,2.718,0,0,29,13,-9.0,0.319,1,2017-09-08 15:13:22.420
47,15.247104,-94.818392,-27.245,1347.3,-22485.5,-1309.4,799.7,823.7,603.7,2.336,0,0,178,139,-9.0,0.227,1,2017-09-08 15:36:07.460
48,14.603259,-94.253874,-27.074,1700.5,-1614.3,-5496.5,5506.2,4542.2,5846.1,2.0,0,0,9,0,-9.0,0.806,21,2017-09-08 16:19:11.380
49,15.452831,-95.12841,-56.03,-31925.1,278.7,27475.4,1281.0,1247.0,2328.8,3.122,0,0,32,9,-9.0,0.375,1,2017-09-08 16:29:00.460
50,15.07525,-94.690511,-28.57,15084.6,-41501.5,15.7,1387.6,1058.9,1109.8,2.466,0,0,99,50,-9.0,0.284,1,2017-09-08 16:40:17.410
51,14.806529,-95.022526,-6.043,-4508.0,-2525.1,-237.1,15674.1,18619.5,13814.3,2.728,0,0,7,3,-9.0,0.838,26,2017-09-08 17:01:46.820
52,15.189863,-94.827515,-32.597,367.8,-28819.3,4042.2,1135.9,1242.3,1564.6,3.434,0,0,361,128,-9.0,0.391,1,2017-09-08 17:02:52.120
53,15.38015,-94.665487,-26.655,17759.6,-7763.6,-1899.5,1060.9,1438.0,1277.8,2.548,0,0,122,50,-9.0,0.315,1,2017-09-08 17:09:18.520
54,15.065159,-94.654468,-20.957,18957.1,-42618.1,-7597.5,948.7,873.8,787.2,2.663,0,0,50,21,-9.0,0.255,1,2017-09-08 17:21:53.840
55,15.245039,-94.824447,-31.728,697.5,-22714.0,3173.2,592.9,803.6,607.6,2.5,0,0,227,240,-9.0,0.257,1,2017-09-08 17:40:06.820
56,15.102135,-95.103483,-32.299,-29273.7,-38526.7,3744.4,951.3,1077.7,1410.0,2.854,0,0,70,40,-9.0,0.402,1,2017-09-08 18:24:09.560
57,15.193175,-94.82098,-27.867,1069.8,-28452.8,-687.5,1216.2,1143.6,1070.6,2.577,0,0,265,147,-9.0,0.302,1,2017-09-08 18:28:18.080
58,15.859118,-95.116423,-75.86,-30608.4,45235.3,47305.3,4341.9,6430.8,9691.7,3.871,0,0,14,1,-9.0,0.317,1,2017-09-08 18:57:21.660
59,15.269007,-94.658781,-26.284,18484.4,-20061.8,-2271.0,832.9,1003.3,811.3,2.73,0,0,120,19,-9.0,0.382,1,2017-09-08 19:04:44.920
60,15.329057,-94.899984,-31.687,-7411.6,-13417.2,3132.2,1135.1,1455.7,1534.5,2.358,0,0,72,145,-9.0,0.403,1,2017-09-08 19:50:01.820
61,15.033917,-94.683561,-53.268,15832.7,-46075.1,24713.0,874.9,1510.6,3659.3,2.375,0,0,9,9,-9.0,0.353,1,2017-09-08 19:56:21.440
62,15.211276,-94.824764,-58.614,663.5,-26449.9,30059.5,1303.9,1251.3,2264.8,2.915,0,0,37,27,-9.0,0.266,1,2017-09-08 20:01:07.360
63,15.306367,-94.665169,-19.488,17796.9,-15927.9,-9066.9,954.0,1375.1,1108.3,2.729,0,0,51,30,-9.0,0.329,1,2017-09-08 20:12:00.000
64,15.218334,-94.639762,-21.888,20528.8,-25668.9,-6666.9,1374.8,1558.5,1422.1,2.603,0,0,25,2,-9.0,0.33,1,2017-09-08 21:46:13.540
65,15.290144,-94.761344,-35.993,7472.5,-17723.0,7438.0,649.8,971.7,1537.3,2.41,0,0,237,150,-9.0,0.261,1,2017-09-08 21:51:11.920
66,15.26446,-94.767839,-30.111,6775.2,-20565.0,1556.6,863.4,1425.0,1145.0,2.403,0,0,264,202,-9.0,0.311,1,2017-09-08 22:01:46.560
67,15.3831,-94.892008,-26.115,-6554.8,-7437.1,-2439.4,1076.3,1111.1,1241.7,2.121,0,0,40,27,-9.0,0.29,1,2017-09-08 22:20:36.460
68,15.281114,-94.84174,-63.073,-1159.8,-18722.2,34518.2,1271.4,2380.4,3633.8,2.493,0,0,27,10,-9.0,0.265,1,2017-09-08 22:36:24.480
69,15.594158,-94.460335,-30.877,39761.0,15916.9,2322.2,726.8,1043.6,928.7,2.514,0,0,14,6,-9.0,0.191,1,2017-09-08 23:10:31.060
70,15.21003,-94.736426,-36.282,10149.5,-26587.7,7727.8,1184.4,936.7,1962.5,2.462,0,0,272,273,-9.0,0.255,1,2017-09-08 23:14:47.220
71,15.429588,-94.810734,-53.039,2168.5,-2293.3,24484.8,993.8,2192.5,3542.5,2.346,0,0,120,55,-9.0,0.26,1,2017-09-08 23:25:27.600
72,15.151788,-94.681453,-46.344,16054.9,-33032.4,17789.9,1140.8,1419.7,3209.6,2.645,0,0,163,65,-9.0,0.322,1,2017-09-08 23:37:36.880
73,15.196721,-94.752775,-28.887,8394.4,-28060.4,332.1,808.2,1000.6,1560.8,2.492,0,0,437,213,-9.0,0.257,1,2017-09-09 00:34:53.260
74,15.187554,-94.821224,-30.349,1043.8,-29074.8,1794.6,504.2,934.7,1136.7,2.743,0,0,468,302,-9.0,0.32,1,2017-09-09 00:47:53.380
75,15.123309,-94.718172,-35.636,12111.5,-36183.7,7081.2,460.4,421.1,2118.9,2.223,0,0,275,207,-9.0,0.271,1,2017-09-09 00:53:41.270
76,15.202979,-94.744149,-23.174,9320.3,-27368.0,-5380.7,802.3,1408.3,1209.8,2.577,0,0,153,105,-9.0,0.3,1,2017-09-09 01:31:51.210
77,15.22721,-94.822738,-32.654,881.0,-24686.8,4099.8,751.9,1052.2,1513.3,2.633,0,0,354,203,-9.0,0.284,1,2017-09-09 01:46:39.570
78,15.204936,-94.824976,-62.174,640.8,-27151.5,33619.9,1470.9,1426.4,2217.1,2.372,0,0,165,145,-9.0,0.363,1,2017-09-09 02:21:53.390
79,14.712269,-94.198942,-31.549,4756.0,-7381.3,833.5,3777.3,1171.4,3566.3,3.174,0,0,15,5,-9.0,0.607,4,2017-09-09 02:32:03.430
80,15.630304,-95.278711,-57.75,573.1,5867.4,-4622.0,3732.4,2693.3,4928.3,2.682,0,0,9,8,-9.0,0.372,6,2017-09-09 02:35:15.470
81,15.19353,-95.318066,-22.344,-52311.2,-28413.6,-6210.8,1134.0,1413.8,1520.8,2.326,0,0,16,12,-9.0,0.299,1,2017-09-09 02:40:30.420
82,15.056432,-95.285164,-35.47,-48793.5,-43583.8,6915.4,946.1,776.0,1588.0,2.901,0,0,29,12,-9.0,0.351,1,2017-09-09 02:43:36.350
83,15.271602,-94.832373,-50.241,-153.5,-19774.7,21686.2,721.8,1230.8,2257.3,2.226,0,0,211,147,-9.0,0.216,1,2017-09-09 02:56:09.920
84,15.026524,-94.408911,-27.229,45338.4,-46893.2,-1325.4,943.7,956.0,1354.0,2.36,0,0,33,11,-9.0,0.323,1,2017-09-09 02:57:02.960
85,15.509134,-94.838599,-18.428,-821.4,6508.8,-10126.3,1141.2,1572.9,1031.1,2.872,0,0,22,14,-9.0,0.266,1,2017-09-09 03:01:52.810
86,15.369722,-94.564364,-54.646,28615.1,-8917.4,26091.0,1497.4,2355.7,2753.5,3.45,0,0,60,18,-9.0,0.346,1,2017-09-09 03:08:12.010
87,14.984771,-94.615649,-38.989,23131.2,-51513.3,10434.9,780.4,1280.2,3308.2,2.375,0,0,172,47,-9.0,0.285,1,2017-09-09 04:05:34.620
88,15.29489,-94.548755,-31.968,30296.3,-17197.8,3413.6,1044.5,1742.7,1430.4,2.007,0,0,49,23,-9.0,0.384,1,2017-09-09 04:09:24.170
89,15.180621,-94.810246,-33.898,2222.8,-29841.9,5343.0,411.0,1292.3,1609.5,2.027,0,0,273,245,-9.0,0.27,1,2017-09-09 04:31:27.830
90,15.008315,-94.581632,-55.075,26784.5,-48908.0,26520.8,819.9,1044.6,2113.2,2.879,0,0,192,48,-9.0,0.272,1,2017-09-09 04:34:00.360
91,15.250541,-94.80516,-30.348,2768.1,-22105.2,1793.0,439.5,878.3,1212.0,2.624,0,0,313,252,-9.0,0.255,1,2017-09-09 05:02:30.720
92,15.153621,-94.737272,-31.437,10059.5,-32829.5,2882.5,800.2,1161.4,815.2,2.839,0,0,501,174,-9.0,0.287,1,2017-09-09 05:18:34.710
93,15.383961,-94.547998,-57.001,30371.1,-7341.9,28446.7,1110.9,2535.0,2656.5,3.021,0,0,3,2,-9.0,0.325,1,2017-09-09 05:48:40.610
94,15.029403,-94.546859,-49.407,30518.3,-46574.7,20852.0,839.9,870.4,1789.3,3.266,0,0,95,29,-9.0,0.217,1,2017-09-09 06:12:04.960
95,14.943538,-94.44821,-43.521,41124.6,-56075.7,14966.7,854.8,1109.2,2796.5,2.294,0,0,38,12,-9.0,0.235,1,2017-09-09 06:17:39.540
96,15.539112,-94.537158,-56.302,31522.5,9825.9,27747.3,1093.1,2096.1,1899.7,2.389,0,0,17,8,-9.0,0.307,1,2017-09-09 06:19:15.720
97,15.150979,-94.708813,-26.758,13116.5,-33122.0,-1796.2,720.7,1016.1,738.3,2.717,0,0,242,76,-9.0,0.256,1,2017-09-09 06:20:43.280
98,15.129592,-94.720418,-34.508,11870.4,-35488.5,5953.1,742.7,859.0,1189.8,2.607,0,0,188,137,-9.0,0.206,1,2017-09-09 06:22:12.670
99,15.403412,-95.05599,-31.706,-24155.5,-5189.7,3151.1,825.3,1010.3,1249.2,3.588,0,0,131,111,-9.0,0.291,1,2017-09-09 06:24:18.560
100,14.825881,-94.301253,-20.823,-6258.7,5189.4,-9892.9,6196.8,6651.5,6558.4,2.808,0,0,7,1,-9.0,0.645,4,2017-09-09 06:28:08.560
101,14.979218,-94.645866,-23.108,19884.9,-52127.8,-5446.2,769.7,1038.5,822.3,2.17,0,0,87,24,-9.0,0.302,1,2017-09-09 06:32:13.860
102,15.017575,-94.549683,-30.012,30215.8,-47883.4,1457.3,909.7,893.0,1423.1,2.26,0,0,62,47,-9.0,0.36,1,2017-09-09 06:37:04.590
103,15.144246,-94.796851,-29.781,3661.2,-33866.9,1226.1,698.1,511.5,983.3,2.272,0,0,325,250,-9.0,0.258,1,2017-09-09 06:51:34.960
104,15.262826,-94.81263,-53.226,1966.4,-20745.8,24671.5,1030.1,1051.8,2154.1,2.812,0,0,370,179,-9.0,0.277,1,2017-09-09 07:00:42.050
105,15.216994,-94.815316,-27.757,1677.6,-25817.2,-797.5,759.7,1150.4,656.8,2.298,0,0,189,248,-9.0,0.326,1,2017-09-09 07:07:11.160
106,15.646356,-95.126766,-50.911,-31733.4,21692.7,22356.5,1156.7,1591.3,3096.8,2.541,0,0,34,17,-9.0,0.304,1,2017-09-09 07:14:11.980
107,14.937743,-94.984131,-17.132,-16460.4,-56717.1,-11422.4,1321.7,1528.6,1327.5,2.366,0,0,32,7,-9.0,0.238,1,2017-09-09 07:29:30.910
108,15.34683,-94.923405,-31.772,-9925.5,-11450.5,3217.7,702.3,1058.6,1182.9,2.613,0,0,109,74,-9.0,0.267,1,2017-09-09 07:54:48.570
109,14.63244,-94.285433,-39.298,-1699.6,1614.3,6728.2,5509.5,4548.7,45706.7,2.688,0,0,9,0,-9.0,0.806,21,2017-09-09 08:01:27.790
110,15.257906,-94.864559,-30.796,-3609.8,-21290.2,2241.5,566.7,1202.3,921.1,2.535,0,0,127,180,-9.0,0.25,1,2017-09-09 08:19:27.950
111,15.366089,-94.915275,-30.467,-9052.9,-9319.6,1912.3,813.4,1199.2,1171.8,1.611,0,0,70,62,-9.0,0.378,1,2017-09-09 08:48:04.270
112,15.057294,-94.66661,-31.534,17653.2,-43488.4,2979.9,1075.7,783.5,1191.0,1.898,0,0,149,47,-9.0,0.356,1,2017-09-09 09:03:14.030
113,14.892939,-94.608057,-34.834,23951.9,-61674.7,6279.2,1122.2,1149.5,3041.5,2.047,0,0,43,16,-9.0,0.303,1,2017-09-09 09:13:14.860
114,15.125909,-94.76674,-52.519,6895.4,-35895.9,23964.4,865.0,751.3,1838.1,2.129,0,0,357,99,-9.0,0.265,1,2017-09-09 09:18:08.470
115,15.339014,-94.91932,-30.67,-9487.9,-12315.5,2115.6,960.2,1109.7,1488.3,2.334,0,0,169,108,-9.0,0.323,1,2017-09-09 09:19:57.850
116,15.160725,-94.76569,-49.283,7007.5,-32043.6,20728.7,786.1,770.8,2095.8,2.757,0,0,439,119,-9.0,0.237,1,2017-09-09 09:22:17.410
117,15.363215,-94.628255,-23.512,21757.1,-9637.5,-5042.2,879.4,1232.8,914.3,2.704,0,0,80,47,-9.0,0.259,1,2017-09-09 09:27:23.550
118,15.005579,-94.303597,-29.815,56655.4,-49210.8,1260.1,719.3,1636.1,1219.7,2.392,0,0,50,13,-9.0,0.245,1,2017-09-09 09:45:53.020
119,15.252638,-94.923641,-26.776,-9953.7,-21873.2,-1778.6,812.1,1465.0,1755.5,2.274,0,0,43,75,-9.0,0.319,1,2017-09-09 09:52:02.480
120,15.531833,-94.562272,-49.611,28828.1,9020.5,21056.7,738.8,1238.5,2466.4,2.184,0,0,31,13,-9.0,0.29,1,2017-09-09 10:19:27.460
121,15.12559,-94.765951,-32.955,6980.1,-35931.3,4400.2,628.4,996.2,1885.6,2.282,0,0,354,160,-9.0,0.314,1,2017-09-09 10:24:06.610
122,15.675769,-95.062028,-28.943,-24787.4,24947.3,388.1,916.4,1664.3,1496.5,2.004,0,0,31,11,-9.0,0.4,1,2017-09-09 10:33:59.000
123,15.055526,-94.98396,-22.862,-16437.5,-43684.0,-5692.2,1136.1,1323.6,1385.5,2.947,0,0,47,18,-9.0,0.293,1,2017-09-09 12:25:05.450
124,15.572844,-94.444287,-30.839,41484.7,13558.4,2284.3,515.5,1134.5,844.5,2.058,0,0,13,6,-9.0,0.196,1,2017-09-09 12:42:24.820
125,14.96139,-94.827075,-23.864,415.5,-54100.4,-4690.7,2160.2,2594.1,2733.8,2.16,0,0,15,5,-9.0,0.334,1,2017-09-09 12:52:51.700
126,15.035266,-94.299097,-22.185,57134.4,-45925.8,-6369.4,949.6,989.5,1020.7,2.864,0,0,31,5,-9.0,0.252,1,2017-09-09 13:18:43.330
127,15.495179,-95.26901,-68.597,1614.6,-9084.7,6225.0,3662.3,7648.2,5990.2,2.41,0,0,3,2,-9.0,0.266,6,2017-09-09 13:51:36.690
128,15.380366,-94.844491,-56.833,-1454.2,-7739.7,28278.3,1683.3,1913.9,5444.6,2.408,0,0,45,20,-9.0,0.484,1,2017-09-09 13:55:58.550
129,15.222833,-95.237085,-31.489,-43612.2,-25171.1,2934.2,1042.0,1233.6,1646.0,2.64,0,0,19,12,-9.0,0.297,1,2017-09-09 14:30:31.240
130,15.194972,-95.349731,-30.176,-55711.4,-28254.0,1621.3,951.5,1313.4,1518.1,3.16,0,0,10,5,-9.0,0.316,1,2017-09-09 15:30:09.520
131,15.398469,-95.014714,-74.549,-19725.5,-5736.6,45994.3,1236.6,2279.0,3408.0,2.107,0,0,23,6,-9.0,0.441,1,2017-09-09 16:05:45.890
132,15.356316,-94.954647,-26.242,-13279.1,-10400.9,-2313.0,1049.8,1516.6,1262.0,2.449,0,0,98,62,-9.0,0.303,1,2017-09-09 16:17:33.430
133,15.545103,-95.093457,-40.899,-28167.3,10488.8,12344.6,874.8,863.8,5664.5,2.26,0,0,56,18,-9.0,0.29,1,2017-09-09 16:49:30.330
134,15.602033,-94.476034,-45.629,38075.7,16788.3,17074.0,674.4,674.6,2081.9,2.163,0,0,9,2,-9.0,0.157,1,2017-09-09 17:17:07.180
135,14.504704,-94.740999,-24.05,15.8,-929.0,210.4,1941.5,2025.4,1768.0,1.981,0,0,6,0,-9.0,0.33,27,2017-09-09 17:22:42.600
136,15.807031,-95.305013,-59.399,1166.9,1237.2,2398.5,11180.6,15378.6,26312.4,2.157,0,0,6,2,-9.0,0.644,28,2017-09-09 19:42:53.080
137,15.855343,-95.138241,-9.316,-32948.3,44817.5,-19238.6,982.4,1732.3,1125.4,2.27,0,0,24,3,-9.0,0.269,1,2017-09-09 20:15:44.120
138,15.234617,-94.893237,-28.066,-6689.6,-23867.1,-488.2,848.7,1109.1,1313.9,3.293,0,0,178,109,-9.0,0.342,1,2017-09-09 20:26:12.880
139,15.300892,-94.812467,-45.72,1982.9,-16533.7,17165.1,998.3,1393.0,2542.5,2.712,0,0,347,177,-9.0,0.31,1,2017-09-09 20:32:57.280
140,15.413579,-95.223592,-31.768,-42144.1,-4064.6,3213.3,1213.7,1435.8,1591.2,2.267,0,0,16,6,-9.0,0.314,1,2017-09-09 21:39:55.340
141,15.113792,-95.022599,-23.485,-20585.5,-37236.8,-5069.9,872.4,1045.1,952.1,1.907,0,0,75,18,-9.0,0.313,1,2017-09-09 22:12:36.520
142,14.950734,-94.94681,-21.711,-12449.9,-55279.4,-6843.8,1278.8,1417.4,1570.6,2.277,0,0,30,8,-9.0,0.237,1,2017-09-09 22:36:50.000
143,15.173972,-94.76241,-34.476,7359.9,-30577.7,5921.8,1141.1,1132.2,1168.5,2.419,0,0,326,259,-9.0,0.341,1,2017-09-09 22:53:55.160
144,15.027782,-94.550236,-35.687,30155.9,-46753.9,7132.8,1100.1,967.6,1749.3,2.383,0,0,121,32,-9.0,0.304,1,2017-09-09 23:28:31.200
145,15.158761,-94.562223,-29.988,28859.3,-32260.9,1433.7,1125.5,946.0,1239.5,2.029,0,0,47,16,-9.0,0.362,1,2017-09-09 23:47:20.180
146,15.097843,-94.596501,-19.973,25181.5,-39001.6,-8581.9,1049.1,1213.9,1028.4,2.826,0,0,25,5,-9.0,0.286,1,2017-09-10 00:52:25.500
147,14.825908,-94.29034,-31.182,-5083.4,5192.5,466.3,5050.2,5161.4,6862.3,2.783,0,0,14,2,-9.0,0.676,4,2017-09-10 01:51:26.610
148,15.28997,-94.976172,-31.777,-15592.5,-17742.2,3222.2,792.9,988.7,1260.6,2.837,0,0,105,31,-9.0,0.317,1,2017-09-10 02:26:01.830
149,14.91818,-94.569523,-19.654,28091.0,-58881.6,-8900.6,1433.2,1409.1,1549.6,2.166,0,0,7,2,-9.0,0.307,1,2017-09-10 02:35:23.100
150,14.859261,-94.829818,-30.018,121.1,-65401.2,1463.8,2066.8,2356.5,3194.7,3.742,0,0,16,3,-9.0,0.267,1,2017-09-10 03:07:19.360
151,15.05973,-94.695817,-27.948,14514.9,-43218.8,-606.4,720.8,731.1,541.3,2.014,0,0,207,57,-9.0,0.275,1,2017-09-10 04:24:23.470
152,15.187089,-94.771745,-20.845,6357.2,-29126.2,-7709.8,1294.1,1489.5,1021.4,2.5,0,0,363,176,-9.0,0.389,1,2017-09-10 04:28:19.460
153,15.150401,-95.105851,-25.894,-29524.8,-33185.9,-2660.7,883.9,965.2,1285.1,2.875,0,0,51,34,-9.0,0.265,1,2017-09-10 04:43:57.770
154,15.449335,-95.043359,-41.774,-22797.5,-108.2,13219.0,632.5,841.2,1641.7,2.888,0,0,137,84,-9.0,0.286,1,2017-09-10 04:50:32.440
155,15.145931,-95.058569,-30.208,-24447.1,-33680.6,1653.2,904.7,1010.5,1327.5,2.153,0,0,65,25,-9.0,0.328,1,2017-09-10 05:20:31.290
156,15.139983,-94.893905,-27.643,-6762.6,-34338.7,-911.7,1066.2,1420.8,1608.6,1.825,0,0,59,40,-9.0,0.354,1,2017-09-10 05:28:20.960
157,14.77599,-94.239657,-38.767,372.5,-330.8,8051.4,1988.5,2665.9,62436.6,2.316,0,0,21,5,-9.0,0.722,4,2017-09-10 05:51:24.040
158,15.137183,-94.723828,-28.026,11504.2,-34648.5,-528.1,1142.0,997.9,900.9,2.157,0,0,167,32,-9.0,0.296,1,2017-09-10 05:55:27.860
159,15.142032,-94.925578,-28.055,-10164.4,-34112.0,-499.3,1849.9,2348.4,2760.8,2.284,0,0,63,33,-9.0,0.363,1,2017-09-10 05:57:30.440
160,15.346354,-95.161873,-29.651,-35524.9,-11503.2,1096.5,1308.8,1579.9,1792.0,2.33,0,0,25,9,-9.0,0.32,1,2017-09-10 06:34:12.020
161,15.100804,-95.005021,-20.515,-18698.5,-38674.0,-8040.0,1012.0,1093.1,1152.6,2.547,0,0,52,25,-9.0,0.298,1,2017-09-10 07:05:26.140
162,15.092785,-95.097095,-25.679,-28588.8,-39561.3,-2875.4,716.8,847.5,1077.6,2.203,0,0,99,54,-9.0,0.282,1,2017-09-10 07:23:21.440
163,15.183952,-95.185156,-8.167,-38039.2,-29473.4,-20387.5,2772.9,3206.4,2886.6,2.112,0,0,5,2,-9.0,0.338,1,2017-09-10 07:28:03.410
164,14.920733,-94.930599,-25.93,-10709.1,-58599.2,-2624.5,1699.0,2003.7,2514.3,2.151,0,0,47,11,-9.0,0.273,1,2017-09-10 07:46:35.000
165,15.354917,-95.05472,-35.439,-24022.0,-10555.7,6883.9,823.2,802.9,1615.0,2.197,0,0,87,49,-9.0,0.325,1,2017-09-10 08:18:25.470
166,15.119038,-94.868701,-34.012,-4056.0,-36656.3,5456.9,1332.4,1598.9,3137.2,2.149,0,0,52,33,-9.0,0.345,1,2017-09-10 08:23:18.510
167,15.593891,-94.725122,-32.327,11353.0,15887.4,3772.2,928.8,1311.5,1484.1,3.286,0,0,86,1,-9.0,0.319,1,2017-09-10 08:39:36.390
168,15.272151,-94.842057,-32.272,-1194.0,-19714.1,3717.4,1660.8,1766.7,1625.3,1.992,0,0,225,127,-9.0,0.341,1,2017-09-10 08:48:21.650
169,14.848361,-94.927474,-24.402,-10375.0,-66607.3,-4152.6,2334.5,2834.5,2968.7,2.269,0,0,5,2,-9.0,0.2,1,2017-09-10 09:22:20.270
170,15.256168,-94.967985,-62.754,-14715.0,-21482.5,34198.9,1274.4,1628.3,3240.3,2.715,0,0,77,35,-9.0,0.349,1,2017-09-10 09:30:43.380
171,15.07508,-95.241488,-30.024,-44100.0,-41520.3,1469.6,1006.4,1255.5,981.3,2.851,0,0,28,14,-9.0,0.417,1,2017-09-10 10:14:12.160
172,15.047729,-95.042855,-36.31,-22764.7,-44546.8,7755.7,891.6,1119.6,3637.7,1.821,0,0,82,6,-9.0,0.412,1,2017-09-10 10:20:58.800
173,15.152358,-94.90804,-31.124,-8280.7,-32969.4,2569.0,1032.8,1390.5,1725.1,2.022,0,0,66,55,-9.0,0.314,1,2017-09-10 10:22:38.810
174,15.506862,-95.032552,-44.04,-21634.5,6257.4,15485.6,1183.6,1682.2,3189.9,1.888,0,0,15,14,-9.0,0.411,1,2017-09-10 11:31:25.100
175,15.115335,-94.916439,-31.603,-9183.2,-37066.1,3048.2,1281.1,1638.3,2155.9,2.514,0,0,41,21,-9.0,0.456,1,2017-09-10 11:52:18.690
176,15.371165,-98.860352,-23.133,-2826.6,-1818.4,-5928.8,2413.6,1976.4,2587.2,2.329,0,0,13,7,-9.0,0.272,9,2017-09-10 13:25:46.330
177,15.158209,-94.983846,-37.82,-16421.8,-32321.9,9265.5,1211.0,1354.6,4798.3,2.342,0,0,69,17,-9.0,0.375,1,2017-09-10 13:32:08.450
178,14.956656,-94.765552,-10.603,7025.8,-54624.3,-17951.2,2643.0,3230.6,2755.4,2.842,0,0,3,0,-9.0,0.112,1,2017-09-10 13:38:08.040
179,15.043784,-95.078564,-48.266,-26601.0,-44983.4,19711.3,1824.5,2135.2,4736.9,2.0,0,0,22,13,-9.0,0.338,1,2017-09-10 14:53:05.680
180,15.805117,-94.93112,-24.816,-10742.5,39259.9,-3738.5,1349.8,2290.7,1802.5,2.007,0,0,6,2,-9.0,0.381,1,2017-09-10 14:57:57.370
181,15.029153,-95.0882,-24.022,-27637.4,-46602.2,-4533.1,865.8,1154.7,1127.5,2.526,0,0,54,24,-9.0,0.314,1,2017-09-10 15:09:08.720
182,15.156318,-94.75708,-49.24,7932.3,-32531.1,20685.2,928.0,1008.3,2580.6,2.393,0,0,293,106,-9.0,0.236,1,2017-09-10 15:27:57.150
183,14.965857,-94.564632,-32.178,28613.9,-53606.1,3623.7,797.9,919.4,1074.1,3.794,0,0,20,29,-9.0,0.312,1,2017-09-10 15:28:47.070
184,15.140433,-94.728426,-10.426,11010.3,-34288.9,-18128.7,1057.7,1496.6,697.5,2.261,0,0,8,4,-9.0,0.144,1,2017-09-10 15:47:15.290
185,15.200553,-94.736393,-51.831,10153.1,-27636.4,23276.5,917.3,993.0,1990.0,2.369,0,0,291,139,-9.0,0.281,1,2017-09-10 16:18:21.020
186,15.04856,-94.362158,-29.073,50358.8,-44454.9,518.3,997.1,790.2,1083.3,3.188,0,0,40,12,-9.0,0.243,1,2017-09-10 16:31:46.280
187,15.204061,-94.780981,-36.297,5364.7,-27248.4,7742.8,921.4,577.6,1336.9,2.297,0,0,334,409,-9.0,0.257,1,2017-09-10 16:57:55.870
188,15.110116,-95.17902,-30.628,-37386.6,-37643.6,2073.4,979.0,1641.6,1494.6,2.863,0,0,16,20,-9.0,0.244,1,2017-09-10 17:01:41.560
189,15.493199,-94.490568,-27.737,36525.5,4745.5,-817.4,1067.1,1226.2,1425.6,2.93,0,0,24,9,-9.0,0.299,1,2017-09-10 17:01:51.760
190,15.031409,-94.668791,-34.306,17419.7,-46352.6,5751.1,681.6,688.3,1732.5,2.43,0,0,209,83,-9.0,0.255,1,2017-09-10 17:05:51.420
191,15.362656,-94.869368,-35.485,-4125.0,-9699.4,6930.9,517.4,834.6,1676.6,2.032,0,0,128,129,-9.0,0.331,1,2017-09-10 17:37:41.540
192,15.096253,-94.760286,-32.912,7588.9,-39177.5,4357.2,477.7,707.5,1319.2,1.845,0,0,121,124,-9.0,0.268,1,2017-09-10 17:39:40.220
193,15.32264,-94.879696,-29.128,-5234.3,-14127.3,573.9,980.2,1060.2,875.2,1.907,0,0,192,149,-9.0,0.299,1,2017-09-10 18:06:59.820
194,15.284415,-94.799154,-32.468,3413.2,-18357.0,3913.3,570.7,533.8,578.0,2.653,0,0,370,254,-9.0,0.236,1,2017-09-10 18:21:37.120
195,15.071935,-94.696484,-27.88,14443.2,-41868.3,-674.5,832.8,1150.8,1253.5,2.307,0,0,190,73,-9.0,0.268,1,2017-09-10 18:30:25.480
196,15.076019,-95.098169,-23.631,-28704.7,-41416.5,-4923.7,1165.4,1308.3,1415.9,1.895,0,0,53,25,-9.0,0.313,1,2017-09-10 18:32:33.040
197,15.368409,-94.958203,-32.448,-13661.0,-9062.8,3893.0,529.8,839.2,764.9,2.244,0,0,142,115,-9.0,0.257,1,2017-09-10 18:48:16.000
198,15.666638,-94.917944,-36.784,-9332.8,23937.0,8229.5,943.3,1569.7,2689.7,1.938,0,0,44,20,-9.0,0.301,1,2017-09-10 19:37:12.660
199,15.810274,-95.067562,-24.393,-25372.6,39830.7,-4162.0,735.3,1575.8,1073.0,1.791,0,0,34,8,-9.0,0.34,1,2017-09-10 19:53:32.080
200,14.987623,-94.64283,-30.395,20210.1,-51197.7,1840.7,772.5,1174.5,1642.0,2.188,0,0,102,66,-9.0,0.341,1,2017-09-10 19:55:38.600
201,15.778863,-94.537451,-47.406,31473.4,36354.8,18851.8,661.6,829.7,1425.1,2.055,0,0,64,30,-9.0,0.196,1,2017-09-10 19:59:52.500
202,15.256308,-94.609017,-32.496,23827.9,-21467.0,3941.0,1087.3,1354.5,2204.5,2.207,0,0,173,63,-9.0,0.288,1,2017-09-10 20:02:14.880
203,15.174117,-94.749699,-29.954,8725.2,-30561.7,1399.3,688.9,938.0,719.8,2.663,0,0,567,235,-9.0,0.268,1,2017-09-10 20:21:37.320
204,15.85831,-95.005591,-27.813,-18725.2,45145.9,-741.6,1084.6,3394.9,1431.7,3.488,0,0,24,10,-9.0,0.439,1,2017-09-10 20:47:31.540
205,15.288796,-94.792594,-31.521,4116.6,-17872.2,2966.4,702.4,1188.0,1181.4,2.53,0,0,338,163,-9.0,0.286,1,2017-09-10 20:51:37.920
206,14.986979,-94.331836,-32.258,53623.5,-51268.9,3703.9,1169.5,963.2,1163.1,2.944,0,0,34,9,-9.0,0.215,1,2017-09-10 21:17:32.040
207,14.969305,-94.771061,-54.583,6434.0,-53224.6,26028.0,2544.4,2087.3,4077.7,2.259,0,0,1,3,-9.0,0.146,1,2017-09-10 21:45:20.900
208,15.386984,-94.384928,-31.985,47874.0,-7007.4,3430.8,939.9,1063.6,1155.3,2.313,0,0,13,3,-9.0,0.212,1,2017-09-10 21:49:27.940
209,15.093271,-94.954199,-31.19,-13239.5,-39507.5,2635.1,1432.5,1991.2,2383.9,2.339,0,0,18,9,-9.0,0.357,1,2017-09-10 22:05:45.800
210,15.491881,-94.547681,-56.839,30396.9,4599.7,28284.0,766.8,1349.9,2284.8,2.3,0,0,43,15,-9.0,0.374,1,2017-09-10 22:29:04.520
211,15.119856,-94.518547,-38.806,33552.8,-36565.8,10251.1,1079.2,1579.4,4313.5,2.468,0,0,26,15,-9.0,0.34,1,2017-09-10 23:14:41.240
212,15.005706,-94.557422,-32.586,29385.3,-49196.8,4031.2,905.8,860.8,1427.8,2.251,0,0,112,44,-9.0,0.277,1,2017-09-10 23:21:45.000
213,16.265722,-94.880819,-32.926,-4678.2,815.7,1385.8,4775.0,8531.5,8362.8,1.378,0,0,3,1,-9.0,0.955,18,2017-09-10 23:44:22.040
214,15.041415,-94.362109,-30.102,50364.6,-45245.5,1547.3,999.1,1025.7,1220.8,3.536,0,0,70,9,-9.0,0.202,1,2017-09-11 00:32:16.800
215,16.331269,-98.078011,-15.985,-3163.7,5308.3,2673.2,2831.1,2279.0,1898.5,1.562,0,0,10,7,-9.0,0.363,7,2017-09-11 00:57:54.390
216,15.405238,-94.625057,-36.112,22098.6,-4987.6,7557.8,547.5,1284.1,2564.0,2.171,0,0,128,78,-9.0,0.296,1,2017-09-11 01:03:59.660
217,14.992841,-94.611401,-38.783,23587.0,-50620.4,10227.9,1015.1,879.3,3372.3,1.918,0,0,34,41,-9.0,0.406,1,2017-09-11 03:10:00.440
218,15.173113,-94.787394,-29.954,4676.2,-30672.8,1399.8,678.0,1026.5,1703.2,2.353,0,0,340,245,-9.0,0.344,1,2017-09-11 03:15:30.730
219,15.033435,-94.642342,-36.236,20260.5,-46128.5,7681.0,769.6,735.8,3008.6,2.21,0,0,178,80,-9.0,0.27,1,2017-09-11 03:20:33.440
220,15.200275,-94.62085,-56.589,22560.6,-27667.3,28034.1,1008.5,1178.9,1998.2,2.02,0,0,79,18,-9.0,0.362,1,2017-09-11 03:34:01.160
221,14.95734,-94.555363,-63.427,29609.9,-54548.5,34872.9,877.2,1320.5,2470.2,1.868,0,0,89,24,-9.0,0.24,1,2017-09-11 03:48:24.550
222,14.701448,-94.855526,-17.793,-2643.3,-82863.6,-10761.5,3005.4,3191.6,3024.3,2.104,0,0,4,1,-9.0,0.313,1,2017-09-11 04:25:04.320
223,15.341533,-94.855241,-30.972,-2608.2,-12036.6,2417.5,710.7,860.4,1314.5,3.026,0,0,303,137,-9.0,0.289,1,2017-09-11 04:32:53.270
224,16.651497,-95.363704,-22.08,3322.8,-509.5,3875.0,648.3,1333.6,680.9,1.722,0,0,4,3,-9.0,0.123,19,2017-09-11 04:40:16.530
225,15.216799,-94.564779,-32.086,28580.6,-25838.8,3531.4,1069.6,1314.3,1412.8,1.918,0,0,78,32,-9.0,0.297,1,2017-09-11 04:53:27.590
226,15.340108,-94.655216,-28.582,18864.4,-12194.3,27.1,568.4,986.6,1351.5,2.233,0,0,184,64,-9.0,0.329,1,2017-09-11 05:14:12.630
227,15.365651,-94.762126,-28.123,7387.1,-9367.9,-431.8,1210.0,1559.5,1364.7,2.116,0,0,108,43,-9.0,0.407,1,2017-09-11 05:19:44.280
228,15.085935,-94.664176,-21.215,17913.2,-40319.2,-7339.9,1050.3,1272.0,1554.2,2.466,0,0,223,78,-9.0,0.308,1,2017-09-11 05:23:30.870
229,14.959437,-94.425374,-46.556,43576.8,-54316.5,18001.6,585.2,1033.4,2685.5,1.821,0,0,24,6,-9.0,0.223,1,2017-09-11 05:40:50.590
230,15.220467,-94.494442,-29.754,36133.6,-25432.9,1199.4,1018.1,1213.3,1539.7,2.956,0,0,34,10,-9.0,0.35,1,2017-09-11 05:50:55.870
231,15.256593,-94.791667,-28.688,4216.8,-21435.6,133.0,808.3,831.9,888.8,1.994,0,0,253,113,-9.0,0.216,1,2017-09-11 06:09:14.640
232,15.647696,-94.57264,-30.564,27708.5,21841.0,2009.3,1280.3,2047.6,1553.3,1.613,0,0,17,7,-9.0,0.224,1,2017-09-11 06:11:30.800
233,15.261531,-94.670174,-28.041,17261.8,-20889.2,-514.0,1536.0,1874.4,1275.9,1.923,0,0,52,12,-9.0,0.487,1,2017-09-11 06:42:34.010
234,15.033596,-94.655021,-35.945,18899.0,-46110.6,7390.3,775.5,839.5,3379.1,2.608,0,0,134,73,-9.0,0.294,1,2017-09-11 06:46:16.790
235,15.203227,-94.742415,-71.37,9506.0,-27340.6,42815.6,1394.5,1624.0,2397.0,2.55,0,0,230,42,-9.0,0.272,1,2017-09-11 07:16:10.840
236,15.371712,-95.036483,-31.194,-22063.0,-8697.3,2639.8,619.4,747.9,656.6,1.74,0,0,66,75,-9.0,0.305,1,2017-09-11 07:38:04.120
237,16.636724,-95.251701,-31.161,2523.1,-1989.5,-674.4,2138.2,5285.4,5208.9,1.667,0,0,5,5,-9.0,0.308,13,2017-09-11 07:41:43.010
238,15.052982,-94.672681,-32.436,17000.6,-43965.6,3881.5,751.8,908.5,1091.9,2.577,0,0,273,82,-9.0,0.241,1,2017-09-11 07:50:59.420
239,15.038807,-94.220744,-21.227,65551.5,-45534.0,-7327.4,991.6,1073.1,1196.0,3.109,0,0,11,2,-9.0,0.192,1,2017-09-11 07:57:38.180
240,15.370111,-94.554199,-56.389,29705.8,-8874.4,27834.4,1292.7,2147.4,2651.1,2.322,0,0,71,46,-9.0,0.367,1,2017-09-11 09:35:56.100
241,15.362139,-95.091724,-35.28,-27993.4,-9756.6,6725.7,1084.0,1200.8,2218.9,1.617,0,0,33,60,-9.0,0.323,1,2017-09-11 10:16:18.860
242,15.124828,-94.248804,-6.422,-967.1,1458.1,796.7,7879.5,12522.6,9927.2,2.699,0,0,8,1,-9.0,0.431,14,2017-09-11 10:30:30.490
243,16.672677,-95.299007,-32.509,-2523.4,1989.2,674.4,2134.3,5306.2,5208.9,1.607,0,0,5,5,-9.0,0.308,13,2017-09-11 10:39:10.100
244,15.11258,-95.157967,-32.455,-35125.3,-37370.9,3900.1,1332.5,1551.9,10670.4,1.615,0,0,17,14,-9.0,0.43,1,2017-09-11 11:22:16.780
245,15.156411,-94.768831,-30.842,6670.3,-32520.9,2287.3,672.9,1083.1,601.1,1.692,0,0,285,118,-9.0,0.21,1,2017-09-11 11:38:17.080
246,15.109944,-95.116414,-24.949,-30662.4,-37662.6,-3606.0,775.1,959.9,958.3,2.242,0,0,80,43,-9.0,0.252,1,2017-09-11 12:30:20.780
247,16.848299,-98.421696,-22.14,1390.9,-3430.6,-2525.0,186.1,134.4,287.6,1.189,0,0,2,2,-9.0,0.055,29,2017-09-11 14:14:11.440
248,15.072825,-94.723258,-37.339,11567.4,-41769.8,8784.4,489.3,906.4,1855.6,3.129,0,0,265,116,-9.0,0.298,1,2017-09-11 14:38:59.700
249,15.284957,-94.479321,-47.242,37751.5,-18297.0,18687.6,1362.3,1653.8,3599.5,3.578,0,0,9,4,-9.0,0.358,1,2017-09-11 14:55:58.230
250,15.32811,-94.993311,-46.757,-17430.8,-13522.0,18202.0,721.9,2100.6,3371.1,2.618,0,0,11,10,-9.0,0.344,1,2017-09-11 17:43:00.160
251,15.323468,-94.601994,-56.338,24578.2,-14035.6,27783.5,993.8,1305.2,2031.6,2.656,0,0,115,71,-9.0,0.254,1,2017-09-11 18:21:12.980
252,15.771624,-94.979777,-27.329,-15961.2,35553.8,-1225.2,909.6,1985.6,1392.9,2.075,0,0,28,2,-9.0,0.448,1,2017-09-11 19:16:46.980
253,14.852171,-94.93877,-6.517,4507.4,2525.1,237.1,15799.5,20067.9,13708.0,2.634,0,0,7,3,-9.0,0.838,26,2017-09-11 20:15:47.240
254,15.482473,-94.463501,-22.991,39431.0,3558.7,-5564.0,981.5,1559.8,1378.1,2.303,0,0,18,5,-9.0,0.301,1,2017-09-11 20:24:22.280
255,15.03672,-94.625675,-32.782,22050.7,-45765.0,4227.4,1056.6,926.2,1008.7,2.388,0,0,77,37,-9.0,0.32,1,2017-09-11 20:28:14.240
256,15.550477,-94.519344,-18.691,33433.3,11083.5,-9863.3,1108.3,1704.7,951.6,2.352,0,0,8,4,-9.0,0.228,1,2017-09-11 20:49:10.280
257,14.94925,-94.204069,-30.333,67356.7,-55443.8,1777.9,2865.9,2095.9,2343.8,3.323,0,0,7,2,-9.0,0.25,1,2017-09-11 21:09:11.240
258,15.608806,-94.962671,-27.554,-14132.0,17537.7,-1001.1,943.8,1544.9,1343.4,3.481,0,0,59,21,-9.0,0.345,1,2017-09-11 22:20:52.840
259,15.554693,-95.275317,-57.999,937.3,-2499.3,-4373.2,4686.7,5449.7,7559.1,1.892,0,0,5,6,-9.0,0.377,6,2017-09-11 23:45:13.000
260,15.304141,-94.633228,-31.93,21226.1,-16174.1,3375.9,765.7,1057.0,1560.8,2.122,0,0,120,74,-9.0,0.325,1,2017-09-12 00:17:52.400
261,15.469927,-94.770573,-32.976,6478.3,2170.4,4420.9,524.1,881.5,1042.6,2.696,0,0,285,146,-9.0,0.223,1,2017-09-12 00:43:00.090
262,14.939449,-94.140243,-57.814,74217.0,-56528.3,29259.3,3512.8,3106.5,4495.6,2.835,0,0,3,1,-9.0,0.077,1,2017-09-12 01:00:19.240
263,14.891315,-94.445801,-32.809,41388.6,-61854.4,4254.7,1033.5,1517.0,1597.5,3.629,0,0,13,4,-9.0,0.255,1,2017-09-12 01:12:30.320
264,15.129928,-94.414746,-23.276,44700.6,-35451.4,-5278.6,1009.5,945.2,1164.3,3.004,0,0,53,9,-9.0,0.298,1,2017-09-12 01:47:59.170
265,15.721995,-95.019474,-33.017,-20220.5,30062.4,4462.4,513.2,1248.2,1805.0,3.103,0,0,104,35,-9.0,0.369,1,2017-09-12 02:09:46.590
266,15.449076,-94.805713,-31.891,2707.5,-136.7,3336.2,668.6,952.6,998.0,2.132,0,0,136,71,-9.0,0.225,1,2017-09-12 02:16:11.500
267,15.42894,-95.009001,-32.671,-19110.9,-2364.9,4116.6,700.2,1070.7,1013.3,2.462,0,0,61,73,-9.0,0.258,1,2017-09-12 02:20:17.400
268,15.487912,-94.669019,-31.304,17375.9,4160.5,2749.4,822.8,719.0,884.2,2.105,0,0,99,57,-9.0,0.212,1,2017-09-12 02:28:43.520
269,15.574752,-94.869507,-66.434,-4137.7,13769.5,37879.4,828.3,2389.4,2612.1,3.042,0,0,162,110,-9.0,0.213,1,2017-09-12 02:30:50.840
270,15.377848,-94.725016,-31.449,11369.6,-8018.3,2894.7,1221.1,887.8,1240.2,1.834,0,0,112,48,-9.0,0.209,1,2017-09-12 04:04:39.860
271,15.536223,-94.757023,-32.311,7931.6,9506.3,3756.4,617.6,1343.3,1247.0,2.128,0,0,160,72,-9.0,0.201,1,2017-09-12 04:11:10.190
272,15.798625,-94.526082,-56.067,32690.8,38541.5,27512.4,1696.3,1500.1,1234.7,2.452,0,0,97,31,-9.0,0.206,1,2017-09-12 05:07:04.900
273,15.580942,-94.813957,-43.653,1821.9,14454.5,15098.8,668.9,1170.4,2139.0,2.779,0,0,103,73,-9.0,0.207,1,2017-09-12 05:23:42.330
274,15.077473,-94.747355,-56.338,8978.5,-41255.5,27783.2,930.9,1153.5,2104.6,2.056,0,0,127,85,-9.0,0.243,1,2017-09-12 05:32:08.980
275,15.37691,-94.687882,-30.681,15356.3,-8122.1,2126.1,780.8,680.7,1182.2,2.299,0,0,214,91,-9.0,0.254,1,2017-09-12 05:38:36.210
276,15.299861,-94.675602,-40.451,16676.9,-16647.8,11896.8,934.5,1400.8,3049.7,2.137,0,0,35,22,-9.0,0.295,1,2017-09-12 05:59:05.160
277,15.054659,-94.720711,-35.981,11840.8,-43780.0,7426.6,673.1,823.9,1044.2,2.486,0,0,202,116,-9.0,0.299,1,2017-09-12 06:14:21.860
278,15.31685,-94.664266,-20.74,17893.3,-14768.0,-7814.2,948.0,975.4,974.5,1.996,0,0,94,38,-9.0,0.28,1,2017-09-12 06:24:53.940
279,15.330728,-94.684367,-10.91,15734.8,-13232.2,-17644.1,1603.4,1428.4,1251.4,1.944,0,0,13,4,-9.0,0.131,1,2017-09-12 07:07:26.400
280,14.947984,-95.040023,-23.935,-22465.6,-55583.8,-4619.3,1339.2,1699.6,1254.8,1.907,0,0,35,0,-9.0,0.288,1,2017-09-12 07:19:24.080
281,15.106275,-94.786393,-26.245,4784.5,-38068.4,-2309.8,878.6,1429.3,1289.8,2.303,0,0,76,113,-9.0,0.513,1,2017-09-12 07:25:41.510
282,15.266903,-94.868075,-52.822,-3986.7,-20294.7,24267.9,867.5,1367.4,2760.4,2.497,0,0,435,193,-9.0,0.27,1,2017-09-12 07:40:25.280
283,15.258093,-95.123983,-51.632,-31464.2,-21269.5,23077.7,1639.2,2002.3,4167.2,2.184,0,0,17,5,-9.0,0.214,1,2017-09-12 08:46:14.640
284,15.314668,-94.629915,-17.274,21581.5,-15009.4,-11280.1,988.3,1006.8,848.3,2.048,0,0,51,31,-9.0,0.318,1,2017-09-12 08:56:54.080
285,15.544054,-94.840194,-44.997,-992.7,10372.8,16442.8,606.1,891.1,1384.8,2.132,0,0,177,110,-9.0,0.222,1,2017-09-12 09:16:31.690
286,15.286167,-95.010498,-15.559,9994.7,-3670.7,6095.2,4377.2,4957.3,4424.8,1.517,0,0,4,2,-9.0,0.635,8,2017-09-12 09:26:47.880
287,15.302032,-94.774707,-34.668,6037.6,-16407.5,6113.4,1415.9,1235.9,2175.0,1.828,0,0,96,22,-9.0,0.386,1,2017-09-12 10:13:32.340
288,15.043863,-94.753459,-44.713,8323.3,-44974.6,16158.4,672.2,1139.6,3281.0,2.095,0,0,71,63,-9.0,0.254,1,2017-09-12 10:17:59.990
289,15.739975,-94.808219,-21.216,2436.9,32051.9,-7338.2,1290.1,2612.9,1308.8,1.987,0,0,9,1,-9.0,0.434,1,2017-09-12 10:21:24.160
290,15.428661,-94.687044,-19.22,15444.4,-2395.7,-9334.8,1033.6,1021.6,772.0,2.058,0,0,60,23,-9.0,0.215,1,2017-09-12 10:22:55.750
291,15.240603,-94.804883,-35.52,2797.6,-23204.9,6965.5,661.4,1117.4,1861.2,1.887,0,0,288,141,-9.0,0.272,1,2017-09-12 10:37:29.810
292,15.27836,-94.45118,-31.43,40773.0,-19027.0,2875.9,941.6,1828.5,1292.1,1.703,0,0,12,3,-9.0,0.293,1,2017-09-12 10:45:56.240
293,15.510374,-95.176392,-18.341,-37069.3,6646.0,-10213.8,1160.7,1388.6,1180.8,2.099,0,0,8,4,-9.0,0.342,1,2017-09-12 11:18:03.450
294,15.954378,-94.936507,-30.629,-11315.5,55776.1,2074.2,899.8,2043.3,1445.4,2.093,0,0,16,6,-9.0,0.223,1,2017-09-12 11:42:00.630
295,15.691697,-95.17758,-28.862,-37180.8,26709.8,307.4,591.3,1051.8,1224.9,1.92,0,0,35,10,-9.0,0.304,1,2017-09-12 12:04:57.950
296,15.781626,-95.745174,-43.871,3114.9,1817.7,-3428.8,15599.2,21410.8,20007.3,2.036,0,0,4,3,-9.0,0.924,23,2017-09-12 12:15:28.980
297,15.669557,-94.524292,-20.763,32892.7,24259.9,-7791.9,880.2,1158.5,1248.3,2.205,0,0,21,16,-9.0,0.322,1,2017-09-12 17:53:31.680
298,15.330264,-95.053418,-31.752,-23883.6,-13283.6,3197.5,820.9,1471.7,1544.7,1.896,0,0,76,64,-9.0,0.355,1,2017-09-12 18:28:20.720
299,15.1266,-93.694661,-30.642,-1765.1,1964.3,4033.3,847.2,525.2,1197.3,2.41,0,0,66,29,-9.0,0.258,2,2017-09-12 18:39:40.560
300,15.586575,-94.684196,-40.757,15743.9,15077.8,12202.6,1034.7,1227.1,3892.3,2.23,0,0,65,55,-9.0,0.284,1,2017-09-12 18:49:36.280
301,15.098794,-95.351302,-6.92,1473.6,3927.4,1554.9,2665.7,3663.2,3368.5,2.62,0,0,3,2,-9.0,0.271,20,2017-09-12 19:06:06.600
302,15.271573,-94.794328,-21.323,3931.1,-19777.9,-7231.6,752.0,758.8,992.7,2.971,0,0,174,49,-9.0,0.231,1,2017-09-12 20:07:28.900
303,15.76609,-94.515625,-53.717,33815.0,34941.5,25162.0,498.6,795.3,832.0,2.604,0,0,234,72,-9.0,0.228,1,2017-09-12 20:10:03.320
304,15.263219,-94.831746,-30.32,-86.3,-20702.3,1765.7,719.1,837.3,1356.4,2.184,0,0,227,218,-9.0,0.303,1,2017-09-12 20:27:24.260
305,15.284204,-94.926888,-32.609,-10301.1,-18380.3,4054.8,848.2,1311.5,1118.3,2.69,0,0,183,82,-9.0,0.308,1,2017-09-12 21:26:49.360
306,15.198578,-94.768831,-31.102,6669.4,-27855.0,2547.3,558.0,676.0,816.4,2.496,0,0,426,245,-9.0,0.291,1,2017-09-12 21:52:26.640
307,15.752938,-94.525675,-54.102,32738.1,33486.2,25547.8,794.1,553.7,781.9,2.311,0,0,191,88,-9.0,0.185,1,2017-09-12 22:00:35.240
308,15.54922,-94.842065,-12.664,-1193.5,10944.4,-15890.8,1817.0,1618.1,931.4,1.959,0,0,10,2,-9.0,0.369,1,2017-09-12 23:02:01.680
309,15.747888,-94.499992,-50.905,35492.6,32927.5,22349.9,523.3,509.3,943.9,2.444,0,0,225,71,-9.0,0.238,1,2017-09-12 23:25:31.300
310,16.660703,-95.426001,-14.33,-3323.3,509.2,-3875.0,655.9,1313.0,567.0,1.657,0,0,4,3,-9.0,0.123,19,2017-09-13 00:02:23.200
311,15.778793,-94.529224,-53.522,32355.6,36347.2,24966.9,539.6,668.8,879.8,2.154,0,0,208,78,-9.0,0.181,1,2017-09-13 00:05:04.080
312,15.058757,-94.407153,-29.164,45523.8,-43326.6,609.6,826.9,680.6,1107.5,2.655,0,0,67,13,-9.0,0.262,1,2017-09-13 00:19:03.400
313,15.546927,-94.818604,-24.036,1324.1,10690.6,-4518.5,945.3,1921.4,1380.3,2.6,0,0,150,28,-9.0,0.282,1,2017-09-13 00:29:27.280
314,15.392066,-94.775431,-19.149,5957.8,-6445.0,-9406.0,1019.1,1202.6,877.9,2.59,0,0,124,43,-9.0,0.247,1,2017-09-13 00:43:38.260
315,15.874957,-95.13798,-58.481,-32918.6,46988.0,29926.4,2640.7,4290.3,5474.2,2.78,0,0,50,17,-9.0,0.303,1,2017-09-13 00:51:22.290
316,15.100081,-94.743335,-30.948,9409.7,-38753.9,2393.1,471.7,1057.9,1299.7,2.562,0,0,353,127,-9.0,0.265,1,2017-09-13 01:11:53.600
317,15.362802,-94.486214,-30.982,37004.8,-9683.3,2427.4,1833.1,2391.9,2841.6,3.309,0,0,5,6,-9.0,0.306,1,2017-09-13 01:16:53.160
318,15.053783,-94.854785,-36.351,-2561.4,-43876.9,7796.7,2349.6,2466.5,8981.6,2.522,0,0,19,4,-9.0,0.27,1,2017-09-13 01:16:56.510
319,16.181109,-95.142293,-10.16,-33355.9,80864.3,-18395.1,1138.6,2276.5,1206.8,1.746,0,0,12,3,-9.0,0.421,1,2017-09-13 01:22:52.190
320,15.313664,-95.006478,-34.013,-18844.8,-15120.5,5458.1,540.9,1211.6,1095.8,2.437,0,0,225,122,-9.0,0.334,1,2017-09-13 01:24:52.440
321,15.282143,-94.581193,-14.903,26814.5,-18608.4,-13652.1,1313.1,1702.7,1555.9,2.057,0,0,13,8,-9.0,0.259,1,2017-09-13 01:43:16.890
322,15.240613,-94.792415,-48.332,4136.5,-23203.7,19777.4,792.0,703.8,2105.3,2.758,0,0,592,285,-9.0,0.245,1,2017-09-13 02:27:54.520
323,15.55933,-94.796655,-49.018,3678.3,12063.1,20463.3,594.2,1039.1,1508.1,2.156,0,0,117,140,-9.0,0.188,1,2017-09-13 03:00:28.880
324,15.475287,-94.771379,-32.093,6391.6,2763.5,3537.9,595.2,878.5,1024.2,2.143,0,0,243,111,-9.0,0.181,1,2017-09-13 03:10:46.190
325,15.072122,-94.961043,-29.717,-13975.6,-41847.6,1162.1,1317.7,1504.0,2019.0,2.271,0,0,63,23,-9.0,0.315,1,2017-09-13 03:29:14.000
326,15.356621,-95.001855,-37.611,-18347.1,-10367.1,9056.6,1074.4,1014.7,2958.9,2.827,0,0,156,125,-9.0,0.313,1,2017-09-13 03:31:58.430
327,15.19962,-94.614754,-31.453,23215.8,-27739.8,2898.3,969.2,915.0,917.0,2.152,0,0,126,26,-9.0,0.319,1,2017-09-13 04:49:56.310
328,15.552434,-94.804134,-46.138,2876.2,11300.0,17583.6,767.2,1293.0,2083.4,1.871,0,0,116,95,-9.0,0.327,1,2017-09-13 05:19:38.980
329,15.683008,-94.759847,-31.569,7625.7,25748.3,3014.5,1005.5,2719.2,1469.4,1.479,0,0,30,3,-9.0,0.354,1,2017-09-13 06:21:01.420
330,15.123182,-94.770182,-30.737,6525.6,-36197.7,2182.8,682.2,911.8,1313.5,1.825,0,0,138,188,-9.0,0.293,1,2017-09-13 06:29:49.740
331,15.180322,-94.778149,-29.977,5669.6,-29875.0,1422.5,634.3,752.8,1119.7,1.892,0,0,339,203,-9.0,0.278,1,2017-09-13 06:34:24.710
332,15.596058,-94.47006,-31.987,38717.3,16127.2,3432.3,867.5,1079.9,814.7,1.8,0,0,9,4,-9.0,0.312,1,2017-09-13 06:52:25.610
333,15.761543,-94.569775,-46.951,28008.0,34438.4,18396.3,439.9,797.9,918.0,1.96,0,0,139,91,-9.0,0.174,1,2017-09-13 07:01:18.350
334,15.21097,-94.787769,-49.895,4636.1,-26483.8,21340.9,760.9,728.7,2118.4,2.251,0,0,505,133,-9.0,0.225,1,2017-09-13 07:43:27.780
335,15.217092,-94.592806,-32.189,25571.1,-25806.4,3634.6,919.2,1016.6,1232.4,2.393,0,0,80,45,-9.0,0.269,1,2017-09-13 07:54:22.680
336,15.420273,-98.812988,-29.997,2258.2,3615.4,935.5,2762.6,1746.4,2393.4,2.065,0,0,15,10,-9.0,0.312,9,2017-09-13 08:20:21.750
337,15.118089,-95.320841,-34.212,-52618.7,-36761.4,5657.0,834.5,792.1,2020.1,2.327,0,0,37,17,-9.0,0.291,1,2017-09-13 08:34:07.440
338,15.577091,-95.02771,-27.026,-21111.2,14028.5,-1528.7,1544.4,1985.3,2042.6,1.742,0,0,10,4,-9.0,0.301,1,2017-09-13 09:09:26.540
339,15.036344,-94.535034,-51.023,31788.2,-45806.5,22468.0,711.0,1054.8,2571.7,2.242,0,0,119,31,-9.0,0.258,1,2017-09-13 09:13:03.130
340,15.30825,-94.623429,-31.508,22277.7,-15719.6,2953.3,747.8,1060.0,1509.8,2.154,0,0,148,62,-9.0,0.249,1,2017-09-13 09:20:45.170
341,15.351481,-94.731266,-31.635,10699.8,-10935.9,3080.2,765.7,1187.9,1259.2,3.356,0,0,318,100,-9.0,0.316,1,2017-09-13 09:46:19.210
342,15.303788,-94.894206,-33.963,-6792.5,-16213.3,5408.1,555.7,1244.3,2357.0,3.17,0,0,341,232,-9.0,0.334,1,2017-09-13 09:57:05.650
343,15.730742,-94.526449,-46.386,32657.3,31030.3,17831.5,560.6,802.7,1006.8,2.418,0,0,225,50,-9.0,0.178,1,2017-09-13 10:44:22.310
344,15.272642,-94.488151,-44.994,36804.1,-19659.6,16439.6,1299.5,1627.4,3447.0,2.313,0,0,42,22,-9.0,0.294,1,2017-09-13 12:13:24.870
345,15.202398,-95.269735,-25.089,-47120.5,-27432.3,-3466.0,1365.9,1360.0,1615.1,1.753,0,0,7,8,-9.0,0.385,1,2017-09-13 13:21:43.380
346,15.653477,-94.878247,-55.223,-5074.9,22480.7,26668.4,845.3,1488.1,2372.3,2.32,0,0,100,62,-9.0,0.303,1,2017-09-13 13:28:29.200
347,15.079638,-94.686206,-26.197,15547.3,-41016.0,-2358.0,1032.9,1602.2,1895.6,2.894,0,0,254,29,-9.0,0.197,1,2017-09-13 14:04:15.950
348,15.566819,-94.802661,-34.743,3033.8,12891.8,6188.8,949.9,1868.8,3605.5,2.31,0,0,170,84,-9.0,0.178,1,2017-09-13 14:41:41.430
349,15.512036,-94.790552,-47.916,4334.2,6829.9,19361.8,555.0,670.5,1046.0,2.463,0,0,232,118,-9.0,0.17,1,2017-09-13 15:27:58.150
350,15.754183,-94.509937,-51.239,34426.1,33624.0,22684.2,586.6,712.5,1197.1,2.316,0,0,208,62,-9.0,0.156,1,2017-09-13 15:31:06.070
351,15.241331,-94.802783,-45.553,3023.5,-23124.3,16998.6,634.8,1001.9,2447.4,2.05,0,0,220,243,-9.0,0.226,1,2017-09-13 16:07:47.440
352,15.781134,-94.562069,-51.113,28833.3,36606.2,22558.6,489.5,878.8,1060.5,2.157,0,0,162,84,-9.0,0.212,1,2017-09-13 16:49:54.750
353,15.407249,-95.018522,-34.942,-20133.4,-4765.0,6387.8,701.4,1274.4,1507.0,2.111,0,0,99,60,-9.0,0.288,1,2017-09-13 17:37:40.000
354,15.15525,-93.688664,-32.054,-1120.6,5134.3,5445.5,918.6,583.0,935.6,2.4,0,0,54,24,-9.0,0.272,2,2017-09-13 17:53:21.480
355,15.748772,-95.803328,-50.729,-3116.9,-1817.8,3428.6,16182.4,20704.1,18528.8,1.476,0,0,4,3,-9.0,0.924,23,2017-09-13 18:04:28.840
356,15.163845,-94.778988,-35.616,5579.7,-31698.3,7061.4,818.8,806.8,1740.5,2.109,0,0,275,261,-9.0,0.324,1,2017-09-13 18:12:01.960
357,15.217359,-94.795076,-34.36,3851.2,-25776.8,5805.8,765.1,855.4,2284.9,2.422,0,0,224,325,-9.0,0.25,1,2017-09-13 19:24:54.200
358,15.180299,-94.794548,-37.725,3908.2,-29877.6,9170.4,638.4,679.7,2217.7,2.352,0,0,375,210,-9.0,0.242,1,2017-09-13 19:36:34.040
359,15.780234,-94.518424,-53.72,33513.1,36506.6,25165.6,524.0,960.4,1343.9,2.079,0,0,141,94,-9.0,0.197,1,2017-09-13 19:44:41.060
360,15.149778,-95.350293,-32.337,-55778.2,-33254.9,3782.2,845.9,1081.5,1339.2,3.292,0,0,20,10,-9.0,0.243,1,2017-09-13 21:30:45.440
361,15.779001,-94.52609,-52.981,32691.1,36370.2,24426.6,694.0,746.7,874.6,2.251,0,0,99,80,-9.0,0.147,1,2017-09-13 22:05:56.920
362,15.290583,-94.634839,-24.419,21053.8,-17674.4,-4135.3,1022.0,1159.9,1008.5,2.334,0,0,120,78,-9.0,0.287,1,2017-09-13 22:49:37.600
363,15.891986,-94.951156,-31.041,-12888.3,48872.2,2485.9,864.7,1206.4,1097.5,2.031,0,0,34,23,-9.0,0.314,1,2017-09-13 23:09:20.480
364,15.36766,-98.918311,-32.272,-9049.3,-2206.3,3209.9,3062.9,2103.4,3605.5,1.326,0,0,6,6,-9.0,0.507,9,2017-09-13 23:25:08.560
365,15.373018,-94.698258,-16.455,14242.4,-8552.8,-12099.4,1153.3,1414.0,951.1,2.537,0,0,75,17,-9.0,0.226,1,2017-09-14 00:46:51.820
366,15.177533,-95.337524,-29.747,-54403.2,-30183.7,1192.8,869.9,1456.4,1580.7,2.078,0,0,24,14,-9.0,0.309,1,2017-09-14 00:57:19.610
367,15.323543,-94.88007,-21.503,-5273.9,-14027.3,-7051.2,913.8,1220.0,834.5,2.28,0,0,72,61,-9.0,0.288,1,2017-09-14 02:17:34.200
368,15.698774,-94.503817,-26.384,35086.6,27492.9,-2170.1,372.8,806.4,987.3,1.835,0,0,66,34,-9.0,0.191,1,2017-09-14 02:23:37.420
369,15.423796,-94.770264,-23.916,6512.1,-2934.1,-4638.9,966.4,960.7,910.7,2.48,0,0,198,33,-9.0,0.298,1,2017-09-14 02:44:20.220
370,15.343723,-95.064714,-35.672,-25095.3,-11794.4,7117.3,676.1,936.5,1658.9,2.211,0,0,116,98,-9.0,0.304,1,2017-09-14 03:01:56.600
371,15.098473,-94.230802,-4.829,968.0,-1458.1,-796.5,7922.6,12278.9,9352.9,2.633,0,0,8,1,-9.0,0.431,14,2017-09-14 03:06:11.420
372,15.492429,-94.8236,-24.262,787.4,4660.3,-4292.9,997.1,2205.1,1652.1,2.418,0,0,90,47,-9.0,0.31,1,2017-09-14 03:23:19.130
373,15.231911,-95.299219,-23.201,-50282.9,-24166.6,-5353.4,1151.5,1423.9,1532.1,2.126,0,0,16,7,-9.0,0.315,1,2017-09-14 03:26:16.940
374,15.454651,-94.776449,-45.995,5848.5,480.1,17440.7,631.6,915.1,1787.5,1.943,0,0,197,144,-9.0,0.245,1,2017-09-14 03:39:30.590
375,15.244123,-94.81298,-53.005,1928.3,-22815.3,24450.6,794.9,941.5,1699.0,1.829,0,0,302,159,-9.0,0.195,1,2017-09-14 04:15:40.620
376,15.284857,-94.678687,-32.369,16347.0,-18308.0,3814.0,914.1,987.1,1462.9,2.075,0,0,59,28,-9.0,0.322,1,2017-09-14 05:54:42.490
377,15.316219,-94.722632,-31.482,11627.4,-14837.7,2927.0,748.9,1076.5,737.1,3.134,0,0,284,106,-9.0,0.292,1,2017-09-14 06:05:56.150
378,15.37654,-94.755575,-22.805,8090.2,-8163.0,-5749.8,802.4,722.6,569.6,2.303,0,0,207,66,-9.0,0.268,1,2017-09-14 06:09:16.570
379,15.051819,-94.402946,-32.071,45976.4,-44094.3,3516.0,844.0,913.1,924.4,3.164,0,0,57,17,-9.0,0.324,1,2017-09-14 06:10:47.520
380,15.153709,-94.688127,-35.622,15337.8,-32819.9,7067.8,942.0,1189.0,1432.5,2.165,0,0,383,126,-9.0,0.288,1,2017-09-14 06:17:16.150
381,15.368646,-94.712606,-25.535,12702.4,-9036.5,-3020.0,786.7,958.6,989.5,2.967,0,0,156,69,-9.0,0.274,1,2017-09-14 06:24:27.620
382,16.281269,-98.061458,-13.198,-1395.2,-224.8,-114.2,2277.1,1454.2,1750.2,1.067,0,0,22,14,-9.0,0.362,7,2017-09-14 06:40:44.880
383,15.114921,-94.369076,-59.376,49608.1,-37111.8,30821.8,1807.8,1870.6,3841.6,1.731,0,0,21,7,-9.0,0.348,1,2017-09-14 06:41:20.530
384,15.684381,-94.813867,-28.842,1831.5,25900.2,287.5,696.7,1281.9,1302.0,2.675,0,0,159,75,-9.0,0.275,1,2017-09-14 07:13:38.800
385,15.445083,-94.716984,-7.299,12230.3,-578.7,-21255.2,1285.4,1677.6,1544.0,2.07,0,0,9,3,-9.0,0.202,1,2017-09-14 07:17:18.470
386,15.229607,-94.881787,-22.449,-5459.9,-24421.5,-6105.6,865.8,1788.8,1227.6,1.712,0,0,108,24,-9.0,0.3,1,2017-09-14 07:57:55.640
387,15.426999,-95.033732,-57.817,-21765.5,-2579.7,29262.8,696.3,1734.8,2345.0,2.034,0,0,91,71,-9.0,0.309,1,2017-09-14 08:45:09.430
388,15.150786,-93.713582,-29.368,-3798.5,4640.5,2759.0,580.6,707.3,695.1,2.255,0,0,52,22,-9.0,0.26,2,2017-09-14 08:53:39.520
389,15.78761,-94.530273,-54.933,32242.1,37322.8,26378.6,990.4,1028.2,1084.0,2.304,0,0,181,78,-9.0,0.205,1,2017-09-14 08:57:02.130
390,15.456171,-94.664453,-30.443,17867.6,648.2,1888.7,912.8,651.7,1295.6,2.337,0,0,168,92,-9.0,0.307,1,2017-09-14 10:04:23.850
391,15.283083,-94.627336,-29.236,21860.2,-18504.3,681.6,990.6,933.2,1279.5,2.243,0,0,161,81,-9.0,0.283,1,2017-09-14 10:17:58.950
392,16.233325,-98.017293,-9.568,3325.5,-5530.4,-3743.7,973.8,1312.8,2507.2,2.075,0,0,12,8,-9.0,0.298,7,2017-09-14 10:58:51.710
393,15.111501,-94.813428,-32.309,1881.2,-37490.2,3754.0,1020.0,836.1,954.0,1.925,0,0,98,141,-9.0,0.328,1,2017-09-14 11:38:41.730
394,15.230598,-94.686548,-29.114,15504.5,-24311.9,559.0,1232.7,1117.2,1198.8,2.001,0,0,237,41,-9.0,0.329,1,2017-09-14 11:47:31.430
395,15.613569,-94.851587,-31.438,-2215.3,18064.8,2883.1,664.9,1330.6,1263.9,2.295,0,0,142,66,-9.0,0.218,1,2017-09-14 12:13:08.730
396,15.189006,-94.690568,-32.245,15074.4,-28914.2,3690.7,700.5,639.6,814.2,2.795,0,0,444,140,-9.0,0.296,1,2017-09-14 13:57:10.240
397,15.196235,-93.682967,-30.106,-507.7,9669.3,3497.3,862.8,390.3,705.4,2.547,0,0,46,17,-9.0,0.266,2,2017-09-14 14:36:46.940
398,15.341458,-95.101945,-30.013,-29092.7,-12044.9,1458.5,950.2,1463.4,1448.2,1.927,0,0,25,33,-9.0,0.251,1,2017-09-14 15:17:41.130
399,15.296794,-94.647599,-19.422,19684.1,-16987.3,-9132.9,966.0,988.1,810.6,2.189,0,0,57,28,-9.0,0.275,1,2017-09-14 15:32:41.450
400,15.559585,-94.803516,-39.993,2942.1,12091.3,11438.4,829.0,1069.1,2603.9,2.259,0,0,144,71,-9.0,0.18,1,2017-09-14 16:19:38.180
401,15.522124,-95.098796,-49.955,-28742.2,7946.2,21400.3,790.8,924.1,1814.1,2.194,0,0,52,32,-9.0,0.317,1,2017-09-14 16:31:39.930
402,15.721865,-94.507992,-31.829,34637.2,30048.0,3274.6,558.5,755.5,1025.0,2.612,0,0,128,46,-9.0,0.236,1,2017-09-14 17:08:05.720
403,15.168952,-94.751717,-32.617,8507.9,-31133.2,4062.3,553.5,685.8,661.1,2.844,0,0,458,231,-9.0,0.264,1,2017-09-14 18:08:08.840
404,15.680104,-94.896899,-28.55,-7075.3,25427.0,-4.4,917.1,964.1,847.9,1.876,0,0,35,37,-9.0,0.247,1,2017-09-14 18:10:48.840
405,15.155119,-94.480021,-56.037,37687.8,-32663.8,27482.1,1491.2,1480.1,2955.1,2.08,0,0,21,4,-9.0,0.348,1,2017-09-14 18:31:42.880
406,15.11665,-94.763468,-31.681,7246.6,-36920.5,3126.5,503.7,967.1,996.5,2.481,0,0,335,161,-9.0,0.277,1,2017-09-14 18:48:25.260
407,15.416356,-95.135465,-5.943,-3425.2,10734.9,-3520.5,2323.6,6369.0,3649.1,2.162,0,0,5,1,-9.0,0.658,8,2017-09-14 18:54:05.600
408,15.024089,-94.601896,-42.078,24606.8,-47162.6,13523.7,779.7,1124.0,2600.4,2.675,0,0,137,21,-9.0,0.239,1,2017-09-14 20:35:02.000
409,15.709398,-94.507902,-32.233,34647.5,28668.4,3677.9,508.4,598.3,664.8,1.896,0,0,100,57,-9.0,0.202,1,2017-09-14 20:53:33.600
410,15.811851,-94.506348,-58.166,34805.6,40005.1,29611.7,1265.6,1284.9,1015.5,2.973,0,0,103,42,-9.0,0.22,1,2017-09-14 20:59:51.700
411,15.562109,-95.187882,-46.768,-38297.3,12370.6,18213.7,853.8,1186.2,2903.4,2.064,0,0,22,12,-9.0,0.199,1,2017-09-14 21:13:11.360
412,16.106637,-94.976156,-19.542,-4959.5,2862.7,885.5,8128.4,17714.0,9554.0,1.852,0,0,8,4,-9.0,0.946,10,2017-09-14 21:58:46.240
413,15.868226,-94.979932,-31.696,-15974.3,46243.2,3141.4,924.2,2018.6,1489.7,2.049,0,0,19,16,-9.0,0.3,1,2017-09-14 22:29:38.300
414,15.753787,-94.548682,-47.126,30270.3,33580.2,18571.0,784.7,799.0,1492.6,2.197,0,0,139,61,-9.0,0.24,1,2017-09-14 23:16:03.920
415,15.430252,-94.595915,-24.016,25224.5,-2219.7,-4538.4,866.9,1991.1,1242.2,2.251,0,0,9,4,-9.0,0.214,1,2017-09-14 23:28:42.260
416,15.181872,-94.70179,-29.436,13869.5,-29703.6,881.6,653.0,852.8,736.1,3.079,0,0,461,232,-9.0,0.261,1,2017-09-15 01:11:02.050
417,15.404155,-94.815666,-19.297,1639.8,-5107.4,-9256.4,1064.7,1338.1,881.4,2.537,0,0,63,16,-9.0,0.26,1,2017-09-15 01:44:04.070
418,16.26221,-97.970036,-12.791,8376.3,-2333.9,-520.7,1801.0,1409.1,2138.6,1.639,0,0,12,8,-9.0,0.242,7,2017-09-15 01:59:51.330
419,14.761846,-94.872664,-27.51,-4484.7,-76180.5,-1045.0,2526.3,2611.6,3429.2,2.087,0,0,11,5,-9.0,0.316,1,2017-09-15 02:30:43.210
420,15.129962,-93.83103,-25.397,-16423.6,2336.3,-1211.2,1299.9,706.3,1258.3,2.979,0,0,55,18,-9.0,0.247,2,2017-09-15 02:45:32.230
421,15.25642,-94.820825,-12.04,1086.1,-21454.7,-16514.5,1010.6,981.1,801.5,2.16,0,0,14,6,-9.0,0.132,1,2017-09-15 04:56:16.470
422,15.399034,-98.819987,-29.996,1507.0,1265.3,933.8,2756.8,2154.5,3659.9,1.202,0,0,14,13,-9.0,0.443,9,2017-09-15 05:26:46.100
423,15.537898,-94.807153,-30.88,2552.3,9691.6,2325.8,495.9,1243.2,1158.4,2.36,0,0,194,129,-9.0,0.251,1,2017-09-15 05:34:55.250
424,15.240945,-94.988395,-34.34,-16906.4,-23167.0,5785.2,494.3,1266.0,2599.6,1.78,0,0,31,17,-9.0,0.333,1,2017-09-15 06:13:04.690
425,15.469661,-94.790487,-31.008,4341.1,2141.0,2453.8,744.9,1030.5,1428.6,2.756,0,0,298,110,-9.0,0.292,1,2017-09-15 07:20:44.490
426,15.792485,-94.529704,-55.714,32302.8,37862.2,27159.5,1221.7,1036.5,1106.9,2.027,0,0,78,55,-9.0,0.149,1,2017-09-15 08:30:22.570
427,15.76419,-94.527539,-55.76,32537.1,34731.3,27205.3,2095.3,2194.8,1339.1,1.981,0,0,85,32,-9.0,0.254,1,2017-09-15 09:24:31.810
428,16.206345,-95.719718,-41.905,3718.9,674.4,3749.6,8743.2,12098.5,23462.9,1.965,0,0,4,3,-9.0,0.573,24,2017-09-15 10:48:06.200
429,15.500364,-94.766919,-54.982,6870.3,5538.4,26427.4,1567.3,1523.4,3127.0,2.209,0,0,131,4,-9.0,0.228,1,2017-09-15 11:06:20.900
430,15.359845,-94.818449,-31.079,1340.9,-10010.4,2524.4,468.1,1126.1,977.5,2.278,0,0,114,91,-9.0,0.306,1,2017-09-15 11:16:47.490
431,15.232638,-94.758952,-55.132,7730.0,-24086.2,26576.9,953.6,833.6,1929.3,2.497,0,0,396,203,-9.0,0.288,1,2017-09-15 14:41:35.690
432,15.202821,-94.776343,-30.446,5862.8,-27385.5,1891.2,1318.9,775.7,1147.2,2.54,0,0,369,243,-9.0,0.301,1,2017-09-15 14:43:58.760
433,15.649036,-95.125651,-49.895,-31613.5,21989.3,21340.0,2299.0,3142.6,4844.7,2.905,0,0,6,2,-9.0,0.432,1,2017-09-15 16:39:50.980
434,15.146635,-93.724015,-25.143,-4920.5,4181.1,-1465.2,644.2,637.5,1174.8,2.496,0,0,60,24,-9.0,0.217,2,2017-09-15 16:50:42.590
435,15.673141,-95.18859,-15.631,-38363.6,24656.5,-12924.0,808.0,1206.8,984.8,2.494,0,0,54,19,-9.0,0.297,1,2017-09-15 17:03:40.240
436,15.207923,-94.738468,-32.986,9930.3,-26820.9,4431.6,576.1,1147.4,1508.2,2.119,0,0,242,174,-9.0,0.267,1,2017-09-15 17:51:13.240
437,16.269053,-95.05048,-2.42,-23514.6,90595.6,-26134.2,1866.9,3000.8,1933.2,2.431,0,0,4,1,-9.0,0.423,1,2017-09-15 19:03:46.920
438,15.700384,-94.496053,-27.979,35919.4,27670.9,-575.5,656.6,823.2,1026.4,1.942,0,0,58,46,-9.0,0.226,1,2017-09-15 19:49:06.720
439,15.373743,-94.80743,-28.544,2523.9,-8472.7,-10.9,559.0,1032.0,963.5,2.418,0,0,135,102,-9.0,0.322,1,2017-09-15 19:57:42.900
440,15.034981,-95.07828,-24.984,-26570.9,-45957.4,-3571.0,973.7,1111.9,1218.1,2.359,0,0,43,22,-9.0,0.277,1,2017-09-15 20:43:32.840
441,15.730276,-94.503914,-41.903,35074.1,30978.7,13348.1,719.8,813.9,1650.1,2.725,0,0,187,74,-9.0,0.216,1,2017-09-16 01:19:45.510
442,15.416822,-95.060409,-29.504,-24629.3,-3705.8,949.2,737.6,1685.0,1103.4,2.57,0,0,105,69,-9.0,0.295,1,2017-09-16 04:15:52.820
443,15.156037,-94.818107,-30.44,1378.6,-32562.2,1885.8,727.1,1478.8,1491.1,2.166,0,0,197,78,-9.0,0.314,1,2017-09-16 04:39:01.200
444,15.501811,-94.795402,-28.679,3813.5,5698.4,124.5,691.7,952.7,1035.1,2.555,0,0,148,103,-9.0,0.196,1,2017-09-16 04:58:36.380
445,15.211308,-94.789266,-30.423,4475.4,-26446.4,1868.3,443.7,677.0,990.8,1.85,0,0,364,280,-9.0,0.27,1,2017-09-16 07:25:31.100
446,15.693823,-94.847493,-15.321,-1775.8,26945.1,-13233.8,784.1,1330.4,969.7,1.725,0,0,80,55,-9.0,0.207,1,2017-09-16 07:27:06.760
447,15.738762,-94.50756,-48.388,34682.1,31917.7,19833.5,597.9,809.1,1342.8,2.251,0,0,192,62,-9.0,0.23,1,2017-09-16 07:35:25.120
448,15.263463,-94.87688,-31.604,-4932.9,-20675.2,3049.5,830.5,1374.7,1035.2,2.034,0,0,310,173,-9.0,0.249,1,2017-09-16 08:10:31.070
449,15.646177,-95.264884,-12.532,-46550.1,21672.9,-16022.5,788.5,1160.1,1122.9,2.434,0,0,21,7,-9.0,0.244,1,2017-09-16 08:53:28.730
450,15.113485,-94.739836,-31.722,9785.4,-37270.8,3167.0,596.4,1080.4,1251.7,2.145,0,0,278,185,-9.0,0.319,1,2017-09-16 09:08:09.500
451,15.389833,-94.757275,-32.715,7906.7,-6692.2,4160.1,711.2,1255.5,1071.2,3.061,0,0,249,151,-9.0,0.313,1,2017-09-16 10:20:04.550
452,15.408636,-94.802262,-17.709,3078.3,-4611.6,-10845.2,1102.0,1306.2,894.8,2.046,0,0,70,24,-9.0,0.323,1,2017-09-16 10:59:51.810
453,15.731174,-94.493343,-46.412,36207.8,31078.0,17856.9,502.6,792.1,1193.1,2.168,0,0,193,59,-9.0,0.205,1,2017-09-16 11:10:18.990
454,15.375566,-94.70319,-48.382,13712.9,-8270.9,19827.4,877.2,1054.2,1253.2,2.656,0,0,106,96,-9.0,0.25,1,2017-09-16 11:12:55.310
455,15.626029,-94.961654,-19.3,-14022.5,19443.5,-9254.2,1372.5,1825.4,1367.1,1.886,0,0,9,3,-9.0,0.357,1,2017-09-16 11:57:46.670
456,15.181331,-94.713029,-35.743,12662.5,-29763.4,7188.9,975.5,1662.5,1589.4,2.973,0,0,306,79,-9.0,0.295,1,2017-09-16 12:25:18.660
457,15.41123,-94.696134,-31.473,14469.1,-4324.5,2918.1,763.7,725.5,1308.6,2.199,0,0,142,117,-9.0,0.262,1,2017-09-16 12:34:46.190
458,15.630933,-94.849731,-31.401,-2015.5,19986.1,2846.6,1155.0,1519.1,1366.2,2.404,0,0,156,89,-9.0,0.287,1,2017-09-16 12:53:13.750
459,15.340976,-94.908252,-31.776,-8299.6,-12098.4,3221.3,1372.5,1681.8,1625.0,2.082,0,0,80,38,-9.0,0.382,1,2017-09-16 15:37:44.960
460,15.379882,-98.75848,-29.916,8110.6,-853.9,853.7,2559.3,3051.1,3608.0,1.878,0,0,8,6,-9.0,0.493,9,2017-09-16 16:20:24.950
461,15.562431,-95.257707,-33.594,-45789.4,12406.2,5039.2,1211.0,1413.6,3297.9,3.349,0,0,5,2,-9.0,0.185,1,2017-09-16 17:07:11.760
462,14.940696,-94.586434,-29.149,26272.4,-56390.2,594.6,889.9,1061.5,1544.9,2.334,0,0,86,25,-9.0,0.229,1,2017-09-16 17:29:40.680
463,15.751695,-94.542415,-46.836,30943.2,33348.7,18281.2,633.3,701.6,1440.0,2.605,0,0,67,51,-9.0,0.159,1,2017-09-16 17:50:42.400
464,15.1372,-94.687972,-24.853,15354.8,-34646.6,-3701.6,627.4,589.1,678.7,3.048,0,0,185,63,-9.0,0.276,1,2017-09-16 18:58:00.340
465,15.021645,-94.810457,-17.945,2200.7,-47433.1,-10609.1,1433.2,1598.9,1634.5,2.94,0,0,3,7,-9.0,0.295,1,2017-09-16 19:35:29.240
466,15.622505,-95.248128,-19.36,-44755.2,19053.5,-9194.8,922.2,1303.0,988.4,2.128,0,0,17,8,-9.0,0.296,1,2017-09-16 19:41:16.480
467,15.481634,-94.694889,-31.888,14600.2,3465.7,3333.2,567.0,657.2,1187.1,2.168,0,0,181,135,-9.0,0.209,1,2017-09-16 20:30:17.440
468,17.065002,-98.418799,-51.8,-2533.4,3265.0,2719.9,30.6,51.6,37.2,2.084,0,0,2,3,-9.0,0.039,12,2017-09-17 00:17:38.330
469,15.524058,-94.708724,-32.378,13114.3,8160.2,3823.6,573.8,790.3,704.6,2.32,0,0,163,89,-9.0,0.232,1,2017-09-17 03:31:41.020
470,15.185751,-94.475985,-21.981,38118.6,-29274.3,-6573.4,985.6,1106.7,1147.0,3.014,0,0,36,11,-9.0,0.301,1,2017-09-17 03:47:35.400
471,15.142943,-93.726196,-26.724,-5154.9,3772.6,115.1,685.9,759.8,1104.4,2.122,0,0,53,19,-9.0,0.18,2,2017-09-17 05:32:24.710
472,15.134211,-94.942643,-30.478,-11996.7,-34977.3,1923.5,2129.0,2624.6,3290.6,3.034,0,0,24,4,-9.0,0.405,1,2017-09-17 06:07:45.420
473,15.840997,-95.166935,-6.142,-36025.7,43230.2,-22412.4,1618.0,976.0,1233.5,1.695,0,0,17,5,-9.0,0.287,1,2017-09-17 07:15:04.300
474,15.633359,-94.896826,-45.03,-7068.0,20254.5,16475.5,619.9,1064.1,1809.7,1.822,0,0,74,43,-9.0,0.234,1,2017-09-17 07:17:38.930
475,15.909443,-94.943278,-28.35,-12042.8,50803.9,-204.3,994.5,1700.0,1324.6,2.393,0,0,29,14,-9.0,0.297,1,2017-09-17 09:21:45.220
476,14.975024,-94.406567,-23.731,45595.6,-52591.7,-4823.3,1128.8,1277.7,1290.1,2.522,0,0,11,2,-9.0,0.178,1,2017-09-17 12:05:07.400
477,15.636509,-95.271769,-63.911,1317.7,6554.0,1538.5,5532.7,6453.7,7069.7,2.032,0,0,7,6,-9.0,0.433,6,2017-09-17 13:20:14.720
478,15.333946,-94.935514,-32.152,-11225.9,-12876.3,3597.4,573.2,1123.9,802.2,2.185,0,0,130,141,-9.0,0.345,1,2017-09-17 13:49:20.120
479,15.238561,-94.498649,-18.479,35679.9,-23430.8,-10075.8,1026.7,1264.3,1251.3,2.591,0,0,16,6,-9.0,0.291,1,2017-09-17 14:23:12.270
480,15.210008,-94.686149,-30.318,15548.1,-26590.3,1763.8,561.1,1375.0,770.3,2.031,0,0,278,119,-9.0,0.318,1,2017-09-17 14:32:51.130
481,15.862327,-94.988892,-48.777,-16934.8,45590.4,20222.4,865.0,1887.7,1508.5,2.118,0,0,15,21,-9.0,0.213,1,2017-09-17 16:11:59.670
482,15.083276,-93.631722,-23.991,5000.7,-2829.5,-2617.1,848.9,406.5,601.8,2.732,0,0,51,27,-9.0,0.2,2,2017-09-17 17:31:57.440
483,15.485119,-94.902588,-66.461,-7688.6,3851.4,37906.6,1651.4,3915.1,4243.0,2.144,0,0,82,61,-9.0,0.326,1,2017-09-17 17:47:47.440
484,15.599713,-94.938501,-33.111,-11539.2,16531.5,4556.9,541.8,1598.4,1165.7,3.258,0,0,59,42,-9.0,0.24,1,2017-09-17 18:52:32.800
485,15.23873,-94.47666,-27.774,38041.4,-23412.1,-781.0,1548.0,1317.6,1817.8,2.363,0,0,20,13,-9.0,0.227,1,2017-09-17 18:57:45.300
486,15.181434,-94.785457,-48.05,4884.8,-29752.0,19495.9,771.9,1108.1,2615.1,2.605,0,0,320,250,-9.0,0.214,1,2017-09-17 20:11:48.120
487,15.599761,-94.940698,-58.03,-11775.4,16536.9,29475.0,912.5,1626.3,2896.3,2.185,0,0,67,33,-9.0,0.323,1,2017-09-17 20:26:45.940
488,15.759667,-95.155892,-46.551,-34848.6,34230.9,17996.5,1326.7,1330.1,2294.5,2.093,0,0,38,30,-9.0,0.291,1,2017-09-17 20:40:18.940
489,15.652628,-95.204688,-23.604,-40092.3,22386.7,-4950.3,660.9,1091.1,888.6,2.206,0,0,39,15,-9.0,0.385,1,2017-09-18 00:19:32.620
490,15.472888,-94.614583,-39.554,23218.8,2498.1,10999.5,1080.0,1234.9,3635.3,2.662,0,0,39,7,-9.0,0.326,1,2017-09-18 00:31:38.540
491,15.401702,-94.628231,-45.65,21757.6,-5378.9,17095.4,754.6,878.9,1698.0,2.236,0,0,117,83,-9.0,0.26,1,2017-09-18 00:47:59.100
492,15.149889,-93.729004,-25.554,-5456.8,4541.2,-1054.7,637.8,682.3,1130.2,2.492,0,0,53,23,-9.0,0.195,2,2017-09-18 01:18:38.940
493,15.747615,-94.930648,-49.656,-10693.4,32897.2,21101.6,668.0,1107.0,1711.7,2.512,0,0,77,41,-9.0,0.329,1,2017-09-18 01:52:46.540
494,15.318471,-95.148185,-9.798,-4791.8,-96.2,333.9,2203.7,3023.0,2445.1,2.231,0,0,15,5,-9.0,0.435,8,2017-09-18 02:30:58.290
495,15.625734,-94.912948,-30.473,-8797.8,19410.9,1918.1,570.0,1094.0,627.8,2.45,0,0,75,57,-9.0,0.222,1,2017-09-18 05:16:27.700
496,15.794301,-94.524284,-55.513,32884.1,38063.2,26958.7,457.0,631.5,1011.6,2.299,0,0,112,69,-9.0,0.136,1,2017-09-18 06:00:29.330
497,15.44731,-94.112703,-52.917,-4206.3,3508.8,1350.3,689.8,894.3,1301.8,2.384,0,0,12,4,-9.0,0.221,11,2017-09-18 06:04:23.780
498,15.553254,-94.92168,-15.675,-9735.9,11390.8,-12879.7,2050.2,1853.1,1521.0,2.166,0,0,12,5,-9.0,0.434,1,2017-09-18 06:21:18.500
499,15.711439,-94.495231,-32.051,36007.0,28894.3,3496.8,880.7,1128.1,1318.2,2.381,0,0,110,42,-9.0,0.217,1,2017-09-18 07:31:27.370
500,15.772158,-94.532552,-52.246,31999.2,35613.0,23691.5,656.7,1040.7,1743.7,2.713,0,0,211,96,-9.0,0.181,1,2017-09-18 08:41:02.830
501,15.265,-94.928101,-23.186,-10431.7,-20505.2,-5368.5,799.4,1431.1,1109.8,1.849,0,0,80,18,-9.0,0.412,1,2017-09-18 09:13:03.050
502,16.14349,-95.195744,-20.105,-39086.2,76701.7,-8449.9,1212.3,1891.1,1149.1,1.394,0,0,2,2,-9.0,0.223,1,2017-09-18 10:24:20.130
503,15.802918,-95.161646,-5.435,-35462.1,39016.7,-23119.4,774.9,1251.8,1338.5,3.341,0,0,30,6,-9.0,0.286,1,2017-09-18 12:06:54.740
504,15.716742,-94.494857,-44.668,36045.9,29481.1,16112.9,605.0,709.6,952.8,2.362,0,0,176,87,-9.0,0.26,1,2017-09-18 12:45:44.770
505,15.171288,-94.813859,-32.486,1834.0,-30874.7,3931.7,711.3,951.7,628.0,2.175,0,0,216,179,-9.0,0.279,1,2017-09-18 13:52:35.930
506,14.955995,-94.869466,-8.057,-4139.1,-54697.4,-20497.2,1824.4,1896.1,1613.0,3.503,0,0,4,0,-9.0,0.125,1,2017-09-18 14:19:10.720
507,14.521496,-94.7413,-23.63,-16.7,928.9,-210.4,1938.6,2040.0,1768.0,2.62,0,0,6,0,-9.0,0.33,27,2017-09-18 15:13:51.390
508,15.593464,-95.191748,-24.788,-38709.7,15840.1,-3766.1,1118.8,1132.9,1029.7,2.439,0,0,29,20,-9.0,0.32,1,2017-09-18 15:45:31.430
509,14.855093,-94.875667,-28.903,-4807.3,-65862.4,348.5,1657.3,1699.8,2228.7,2.247,0,0,8,6,-9.0,0.131,1,2017-09-18 16:02:41.060
510,15.400281,-94.730615,-34.479,10768.6,-5536.1,5924.5,552.6,852.8,1395.5,2.748,0,0,207,136,-9.0,0.244,1,2017-09-18 16:35:49.170
511,15.489953,-95.21757,-32.046,-41489.7,4386.3,3491.3,1266.6,1367.4,1769.6,2.682,0,0,12,7,-9.0,0.364,1,2017-09-18 18:06:26.260
512,14.815815,-94.874902,-27.567,-4725.2,-70208.6,-987.6,1481.5,1726.5,2208.8,3.233,0,0,9,7,-9.0,0.267,1,2017-09-18 19:51:27.800
513,15.718929,-95.177409,-27.592,-37159.4,29723.1,-962.8,810.3,1321.6,1351.2,2.343,0,0,34,14,-9.0,0.349,1,2017-09-18 20:37:27.120
514,15.210405,-94.796476,-32.697,3700.7,-26546.3,4142.7,756.4,680.4,1187.7,2.328,0,0,332,305,-9.0,0.27,1,2017-09-18 20:52:31.400
515,15.745935,-94.550187,-47.464,30109.4,32711.4,18909.4,722.8,1320.1,1974.6,2.441,0,0,34,52,-9.0,0.303,1,2017-09-18 21:13:11.720
516,15.540477,-95.024382,-34.285,-20755.8,9977.0,5730.2,629.4,1079.0,2006.1,2.998,0,0,68,40,-9.0,0.343,1,2017-09-18 21:16:03.520
517,15.197643,-94.813224,-28.861,1902.4,-27958.4,306.8,615.3,533.6,782.5,2.571,0,0,323,263,-9.0,0.229,1,2017-09-19 00:11:25.760
518,15.338387,-95.099455,-32.306,-28824.8,-12384.8,3751.1,809.4,933.1,1007.7,2.508,0,0,88,84,-9.0,0.308,1,2017-09-19 00:59:55.850
519,15.41592,-94.405111,-0.059,2258.2,3775.5,-1675.9,13970.1,11679.8,9063.4,2.439,0,0,12,4,-9.0,1.11,15,2017-09-19 01:23:21.360
520,15.530805,-94.64742,-37.919,19692.5,8906.7,9364.5,742.7,1096.0,4228.3,2.975,0,0,108,61,-9.0,0.273,1,2017-09-19 01:45:47.280
521,16.102549,-94.885994,-19.412,4686.5,2410.5,755.4,6022.8,6536.1,8656.9,2.02,0,0,9,3,-9.0,1.044,10,2017-09-19 02:21:35.850
522,15.650171,-95.239022,-6.411,-43775.6,22114.8,-22143.9,782.0,1474.8,1226.6,2.245,0,0,26,7,-9.0,0.344,1,2017-09-19 03:26:21.990
523,15.698115,-94.543115,-25.44,30871.7,27420.0,-3114.2,417.9,745.2,813.2,1.595,0,0,61,36,-9.0,0.191,1,2017-09-19 03:35:04.260
524,15.275674,-94.77369,-31.137,6146.7,-19324.1,2582.8,1092.8,1137.2,1115.0,2.314,0,0,344,170,-9.0,0.284,1,2017-09-19 04:18:52.500
525,15.722691,-94.734953,-59.418,10294.6,30139.4,30863.0,1433.3,2618.4,2721.7,2.182,0,0,24,9,-9.0,0.448,1,2017-09-19 04:34:58.150
526,15.515887,-94.731958,-32.372,10621.2,7256.1,3817.0,534.0,898.2,827.5,2.804,0,0,272,128,-9.0,0.209,1,2017-09-19 05:21:30.550
527,15.399736,-94.691406,-40.295,14976.9,-5596.4,11740.7,701.5,856.2,1980.1,1.787,0,0,129,96,-9.0,0.255,1,2017-09-19 05:38:57.780
528,15.26289,-94.815291,-45.286,1680.1,-20738.8,16731.0,647.9,721.5,1629.7,1.773,0,0,124,156,-9.0,0.187,1,2017-09-19 06:09:15.610
529,15.422701,-94.053011,-50.2,2200.3,785.8,-1366.2,703.1,599.4,1134.1,2.825,0,0,11,5,-9.0,0.284,11,2017-09-19 06:15:59.170
530,15.069533,-93.56783,-31.759,11869.8,-4350.1,5150.5,604.3,645.3,1018.9,2.048,0,0,44,29,-9.0,0.251,2,2017-09-19 06:45:23.770
531,15.230584,-94.756868,-30.948,7953.7,-24313.5,2393.3,600.7,677.6,1033.7,3.408,0,0,495,331,-9.0,0.269,1,2017-09-19 07:02:55.630
532,15.542403,-94.754655,-31.393,8185.4,10190.0,2838.2,507.3,743.8,760.8,2.203,0,0,198,150,-9.0,0.211,1,2017-09-19 07:08:09.750
533,15.52191,-94.806852,-32.418,2584.5,7922.4,3863.7,851.1,1500.8,1178.2,2.957,0,0,186,102,-9.0,0.264,1,2017-09-19 07:20:17.890
534,15.320475,-94.803817,-47.583,2912.2,-14366.8,19028.5,873.3,1224.0,3453.9,2.957,0,0,142,59,-9.0,0.348,1,2017-09-19 07:20:18.000
535,15.886559,-94.943473,-43.407,-12064.6,48271.8,14852.0,771.8,1794.4,1972.8,1.606,0,0,24,24,-9.0,0.293,1,2017-09-19 08:46:16.950
536,15.322628,-95.276758,-30.452,-47860.8,-14128.6,1897.5,1098.9,1462.0,1839.7,1.628,0,0,9,9,-9.0,0.301,1,2017-09-19 09:06:43.700
537,15.048576,-93.560913,-23.459,12613.9,-6669.1,-3149.2,494.4,505.1,590.7,2.187,0,0,49,28,-9.0,0.155,2,2017-09-19 09:13:46.350
538,15.403117,-94.672746,-48.362,16980.0,-5222.3,19807.8,824.1,1436.7,2611.2,2.832,0,0,198,128,-9.0,0.33,1,2017-09-19 09:35:34.550
539,15.524807,-94.777417,-41.131,5742.9,8243.0,12575.9,461.0,882.5,2412.1,1.87,0,0,175,130,-9.0,0.177,1,2017-09-19 10:07:09.560
540,15.308313,-94.645353,-55.546,19924.5,-15712.5,26991.1,880.1,1120.3,1807.5,2.08,0,0,126,92,-9.0,0.242,1,2017-09-19 11:27:09.650
541,15.043791,-94.80603,-19.714,2675.6,-44982.6,-8840.4,1466.0,1003.9,1225.3,2.338,0,0,24,4,-9.0,0.342,1,2017-09-19 12:00:52.170
542,15.225512,-94.815104,-29.156,1700.6,-24874.7,600.9,714.7,751.0,1148.9,2.416,0,0,458,244,-9.0,0.237,1,2017-09-19 12:12:13.180
543,15.874915,-94.898299,-48.659,-7221.5,46983.2,20104.0,631.7,1561.0,1531.5,2.368,0,0,23,21,-9.0,0.221,1,2017-09-19 12:25:50.190
544,15.357174,-95.095483,-31.325,-28397.9,-10306.0,2770.2,889.8,1025.1,1414.1,2.023,0,0,24,50,-9.0,0.313,1,2017-09-19 13:20:50.170
545,15.22216,-94.52981,-29.673,32335.5,-25245.6,1118.7,1079.1,1170.0,1562.4,2.018,0,0,26,31,-9.0,0.247,1,2017-09-19 15:51:25.750
546,15.107688,-93.679728,-40.967,-160.0,-128.4,14359.0,543.2,214.9,559.5,2.377,0,0,13,6,-9.0,0.255,2,2017-09-19 16:40:53.610
547,15.26621,-94.634619,-48.396,21079.0,-20371.4,19841.8,824.1,931.2,1963.2,2.312,0,0,166,105,-9.0,0.273,1,2017-09-19 18:52:03.720
548,15.280942,-94.904826,-47.611,-7932.8,-18741.2,19056.3,1306.6,1456.1,2963.9,2.135,0,0,22,32,-9.0,0.289,1,2017-09-19 20:24:10.120
549,15.284644,-94.74126,-33.467,9628.3,-18331.7,4912.2,598.8,1103.9,1930.9,2.307,0,0,222,109,-9.0,0.278,1,2017-09-19 21:06:10.280
550,15.770402,-95.100382,-32.444,-28894.9,35418.7,3889.0,511.4,985.3,1639.8,3.36,0,0,104,39,-9.0,0.239,1,2017-09-19 23:11:29.660
551,15.139623,-93.841561,-18.473,-17555.4,3405.2,-8135.1,804.6,682.5,860.9,2.597,0,0,24,14,-9.0,0.215,2,2017-09-20 01:16:23.040
552,15.459215,-94.657536,-4.78,18609.6,985.1,-23774.6,1519.2,1862.3,1594.5,2.341,0,0,6,1,-9.0,0.218,1,2017-09-20 02:02:14.340
553,15.754243,-95.164665,-14.52,-35790.3,33630.6,-14034.8,1465.1,1799.5,1112.5,3.119,0,0,38,9,-9.0,0.316,1,2017-09-20 03:27:59.270
554,15.141216,-95.08269,-31.402,-27038.0,-34202.3,2847.1,980.2,1109.9,1573.5,2.529,0,0,50,24,-9.0,0.405,1,2017-09-20 04:15:42.760
555,15.813932,-95.174064,-11.644,-36792.8,40235.5,-16910.7,960.2,1304.8,1011.6,2.009,0,0,34,11,-9.0,0.272,1,2017-09-20 04:48:02.030
556,15.781949,-95.102555,-23.241,-29127.3,36696.4,-5313.4,678.6,587.5,1152.3,3.13,0,0,102,38,-9.0,0.264,1,2017-09-20 04:49:16.450
557,15.707934,-95.148503,-26.189,-34060.8,28506.4,-2365.6,599.9,1281.8,1165.1,1.628,0,0,38,22,-9.0,0.401,1,2017-09-20 05:33:43.040
558,15.559498,-95.008008,-31.381,-18998.6,12081.7,2826.3,1087.7,1390.6,1939.3,1.849,0,0,34,10,-9.0,0.397,1,2017-09-20 05:44:49.800
559,15.320652,-94.763151,-29.282,7277.2,-14347.1,727.6,809.6,1193.6,1313.9,2.283,0,0,217,99,-9.0,0.337,1,2017-09-20 06:46:18.460
560,15.430965,-94.56014,-49.366,29064.1,-2140.8,20811.8,1021.9,1448.8,1875.5,2.354,0,0,40,24,-9.0,0.242,1,2017-09-20 07:12:07.290
561,15.192356,-94.549398,-45.658,30234.2,-28543.5,17103.0,969.4,982.5,2340.1,1.961,0,0,46,29,-9.0,0.239,1,2017-09-20 07:20:01.780
562,15.769134,-94.553459,-49.74,29757.2,35278.4,21185.1,485.0,675.8,1046.7,1.72,0,0,155,74,-9.0,0.172,1,2017-09-20 08:02:56.290
563,15.746031,-95.104232,-34.863,-29309.1,32721.9,6308.3,934.2,1351.8,1995.7,2.919,0,0,89,48,-9.0,0.256,1,2017-09-20 08:13:28.510
564,15.215842,-94.775822,-32.143,5918.8,-25944.8,3588.0,727.0,779.0,1191.2,1.94,0,0,362,261,-9.0,0.219,1,2017-09-20 09:29:03.480
565,15.046186,-93.603841,-15.932,7998.3,-6933.4,-10676.7,686.5,744.8,854.1,3.762,0,0,49,23,-9.0,0.165,2,2017-09-20 10:39:25.140
566,15.07022,-93.57408,-26.84,11197.6,-4274.2,231.3,421.7,448.6,451.6,2.305,0,0,44,33,-9.0,0.2,2,2017-09-20 10:56:10.430
567,15.315788,-94.679346,-28.026,16275.0,-14885.5,-529.0,781.7,943.0,1001.7,2.546,0,0,213,94,-9.0,0.323,1,2017-09-20 10:57:46.500
568,15.688649,-94.495052,-25.826,36027.6,26372.5,-2728.6,368.7,783.7,967.5,2.57,0,0,74,46,-9.0,0.258,1,2017-09-20 12:44:54.720
569,15.69635,-94.903223,-31.991,-7753.1,27224.7,3436.7,874.3,1382.1,1179.6,2.484,0,0,42,34,-9.0,0.273,1,2017-09-20 13:45:15.310
570,15.78467,-95.32679,-54.602,-1166.3,-1237.2,-2398.4,11192.5,15030.5,27775.6,2.232,0,0,6,2,-9.0,0.644,28,2017-09-20 16:24:38.020
571,15.113563,-95.080892,-16.007,-26846.6,-37262.1,-12547.4,1205.9,1303.9,1240.3,2.601,0,0,44,20,-9.0,0.208,1,2017-09-20 19:05:09.200
572,15.070612,-93.590129,-25.777,9472.6,-4230.9,-831.3,839.3,583.4,987.8,2.336,0,0,52,27,-9.0,0.191,2,2017-09-20 19:33:13.120
573,15.056063,-93.531616,-31.602,15763.1,-5840.6,4993.0,1045.3,582.5,1101.6,2.61,0,0,32,21,-9.0,0.198,2,2017-09-20 19:59:54.700
574,15.430908,-95.007056,-34.445,-18901.6,-2147.1,5890.5,588.1,1026.0,2245.1,2.257,0,0,113,97,-9.0,0.344,1,2017-09-20 21:18:32.960
575,15.328792,-94.778459,-31.517,5634.0,-13446.5,2962.0,482.6,940.5,712.7,2.599,0,0,235,119,-9.0,0.323,1,2017-09-20 21:20:14.760
576,15.827197,-94.936507,-20.393,-11319.6,41703.3,-8161.4,1192.9,1549.1,1377.9,1.931,0,0,6,2,-9.0,0.157,1,2017-09-20 21:48:07.120
577,15.268699,-94.868009,-49.39,-3980.3,-20095.9,20834.9,589.0,792.5,1669.0,2.734,0,0,216,266,-9.0,0.256,1,2017-09-21 00:33:32.090
578,15.074378,-93.61783,-26.658,6494.1,-3814.0,49.0,804.5,724.7,1108.9,2.604,0,0,57,30,-9.0,0.228,2,2017-09-21 00:44:17.050
579,15.042825,-93.577466,-27.271,10834.4,-7305.3,662.0,411.5,450.6,443.8,2.693,0,0,62,22,-9.0,0.195,2,2017-09-21 01:11:41.380
580,15.220712,-94.797005,-35.401,3643.7,-25405.8,6846.7,798.1,772.2,1574.3,2.292,0,0,250,313,-9.0,0.277,1,2017-09-21 01:31:50.080
581,15.790337,-94.556779,-55.794,29399.6,37624.6,27239.0,678.0,797.8,1230.0,2.334,0,0,53,54,-9.0,0.142,1,2017-09-21 02:07:35.970
582,15.640151,-95.118587,-50.341,-30857.1,21006.1,21786.7,2106.3,2586.8,4223.2,2.653,0,0,11,4,-9.0,0.397,1,2017-09-21 04:31:32.760
583,15.772402,-95.098739,-31.307,-28718.7,35640.0,2752.7,506.8,870.6,764.8,2.13,0,0,73,64,-9.0,0.248,1,2017-09-21 04:43:30.090
584,15.74463,-95.098877,-45.995,-28735.5,32567.0,17440.3,938.2,1486.8,2418.0,1.82,0,0,16,25,-9.0,0.299,1,2017-09-21 04:57:16.150
585,15.813337,-94.545703,-53.716,30585.9,40169.5,25160.9,949.2,1481.8,1272.2,2.213,0,0,48,24,-9.0,0.214,1,2017-09-21 06:16:49.890
586,15.257648,-94.902979,-54.453,-7734.5,-21318.8,25898.5,1347.6,1317.1,3033.3,2.469,0,0,140,48,-9.0,0.376,1,2017-09-21 06:20:03.680
587,15.052923,-93.590072,-21.576,9479.1,-6188.1,-5032.8,499.2,543.4,802.5,2.452,0,0,56,30,-9.0,0.217,2,2017-09-21 09:05:36.240
588,15.011567,-94.561263,-32.966,28972.6,-48548.1,4411.3,785.0,1144.6,1465.8,2.031,0,0,154,64,-9.0,0.308,1,2017-09-21 11:20:30.290
589,15.381525,-94.769637,-18.417,6580.1,-7611.5,-10137.4,1053.8,957.2,868.4,2.124,0,0,89,31,-9.0,0.308,1,2017-09-21 15:10:18.760
590,15.209537,-94.803735,-32.845,2921.5,-26642.4,4290.6,711.4,692.5,1077.8,2.139,0,0,152,252,-9.0,0.241,1,2017-09-21 15:15:16.250
591,16.142204,-97.514673,-10.725,5172.0,-890.3,-3031.2,310.1,246.4,311.6,2.0,0,0,14,17,-9.0,0.161,3,2017-09-21 19:15:17.540
592,14.987975,-94.179875,-18.894,69950.4,-51158.7,-9660.7,980.4,936.1,884.5,3.418,0,0,16,4,-9.0,0.276,1,2017-09-21 20:22:27.800
593,15.283082,-95.323421,-52.916,-52874.7,-18504.5,24361.6,1147.8,1460.9,2095.4,2.026,0,0,9,7,-9.0,0.447,1,2017-09-21 21:03:53.660
594,14.976557,-94.834709,-34.481,-404.8,-52422.1,5926.6,2452.5,2692.8,5952.8,2.429,0,0,13,5,-9.0,0.266,1,2017-09-21 21:48:52.040
595,15.764594,-95.097363,-8.452,-28571.6,34776.0,-20103.0,878.3,2161.7,935.0,2.179,0,0,10,5,-9.0,0.27,1,2017-09-21 22:31:12.140
596,15.366622,-94.909823,-30.427,-8467.9,-9260.6,1872.4,570.2,920.4,1107.4,2.625,0,0,104,109,-9.0,0.3,1,2017-09-22 00:31:06.740
597,16.194159,-95.789282,-34.394,-3719.3,-674.1,-3761.4,8772.5,11924.1,20503.0,1.486,0,0,4,3,-9.0,0.573,24,2017-09-22 02:05:59.750
598,15.137003,-94.37723,-23.716,48729.1,-34668.4,-4838.8,1255.1,1213.7,1372.3,2.125,0,0,12,5,-9.0,0.266,1,2017-09-22 03:34:56.510
599,15.029464,-94.671037,-33.977,17178.3,-46567.9,5422.7,769.7,707.6,1489.6,2.561,0,0,226,80,-9.0,0.239,1,2017-09-22 03:51:25.630
600,15.771146,-94.562923,-46.713,28742.0,35501.0,18158.3,653.7,969.4,1327.8,2.115,0,0,140,91,-9.0,0.199,1,2017-09-22 04:05:36.310
601,15.769925,-95.153703,-13.816,-34613.3,35365.9,-14739.1,862.5,1029.9,675.6,2.151,0,0,41,15,-9.0,0.255,1,2017-09-22 04:45:23.350
602,14.93928,-94.561369,-35.258,28965.8,-56546.9,6703.0,925.1,996.1,1843.0,2.188,0,0,80,24,-9.0,0.243,1,2017-09-22 06:45:31.940
603,15.184238,-95.143774,-14.483,-33595.4,-29441.8,-14071.1,2376.7,2789.3,2558.6,2.042,0,0,11,4,-9.0,0.301,1,2017-09-22 08:39:37.850
604,15.346499,-94.994849,-35.041,-17595.2,-11487.2,6486.1,578.6,847.7,1881.8,2.672,0,0,129,72,-9.0,0.345,1,2017-09-22 09:20:28.290
605,15.698641,-95.115283,-15.612,-30498.2,27478.2,-12942.5,1111.0,1577.9,895.1,2.258,0,0,30,6,-9.0,0.343,1,2017-09-22 09:26:50.910
606,15.331033,-94.787118,-25.323,4704.5,-13198.5,-3231.1,404.5,1251.9,1054.4,1.841,0,0,174,135,-9.0,0.253,1,2017-09-22 10:03:06.620
607,15.82752,-94.89707,-38.189,-7091.0,41738.9,9634.9,1576.0,5194.9,6291.0,1.605,0,0,16,11,-9.0,0.398,1,2017-09-22 10:21:17.560
608,15.096791,-93.614258,-26.19,6878.2,-1334.2,-418.8,442.5,527.4,659.6,2.35,0,0,49,39,-9.0,0.226,2,2017-09-22 10:35:47.660
609,15.658957,-95.023999,-32.802,-20709.4,23087.0,4247.5,892.6,1628.4,1181.6,2.169,0,0,27,19,-9.0,0.361,1,2017-09-22 13:30:29.800
610,15.094458,-94.733154,-32.484,10503.2,-39376.1,3929.7,625.9,809.0,1122.6,2.308,0,0,70,76,-9.0,0.254,1,2017-09-22 14:39:01.300
611,15.212566,-94.810897,-30.737,2152.2,-26307.2,2182.2,551.6,1043.7,524.2,2.693,0,0,263,289,-9.0,0.255,1,2017-09-22 17:35:46.680
612,15.14776,-93.725692,-25.547,-5100.7,4305.5,-1061.6,1022.7,760.5,1541.7,2.21,0,0,57,11,-9.0,0.229,2,2017-09-22 20:21:38.580
613,16.342997,-95.519279,-9.124,-3154.5,-5896.4,330.3,717.9,888.7,1190.2,1.401,0,0,12,5,-9.0,0.198,5,2017-09-23 00:37:09.130
614,15.463816,-94.810628,-49.412,2180.2,1494.3,20857.4,586.2,1193.6,1942.3,2.665,0,0,129,97,-9.0,0.179,1,2017-09-23 00:39:53.590
615,15.137964,-93.717521,-31.016,-4222.4,3221.6,4407.1,731.3,718.2,1324.8,2.613,0,0,57,19,-9.0,0.223,2,2017-09-23 02:04:44.270
616,15.656067,-94.510954,-41.793,34325.2,22767.2,13238.6,505.6,861.6,2268.5,2.294,0,0,85,59,-9.0,0.16,1,2017-09-23 02:15:37.540
617,15.319657,-94.653149,-51.773,19087.0,-14457.3,23218.6,766.9,984.1,1584.5,2.814,0,0,120,93,-9.0,0.239,1,2017-09-23 03:02:54.170
618,15.538519,-94.695923,-30.654,14487.1,9760.3,2099.5,681.9,777.3,877.2,2.038,0,0,123,57,-9.0,0.21,1,2017-09-23 04:55:46.100
619,15.757881,-95.173674,-11.302,-36755.6,34033.2,-17252.8,664.9,1662.6,1021.1,2.318,0,0,41,10,-9.0,0.286,1,2017-09-23 04:56:36.220
620,15.349497,-95.069548,-32.913,-25614.3,-11155.3,4358.1,713.5,891.1,733.7,2.119,0,0,79,97,-9.0,0.239,1,2017-09-23 06:25:53.020
621,15.546565,-94.625578,-33.349,22035.1,10650.6,4794.9,882.4,1081.2,1821.4,2.306,0,0,77,44,-9.0,0.279,1,2017-09-23 07:00:09.680
622,15.34768,-94.447192,-3.41,-2259.3,-3775.4,1674.6,14074.9,11632.8,9659.4,2.789,0,0,12,4,-9.0,1.11,15,2017-09-23 07:12:49.510
623,15.739761,-94.488916,-44.65,36681.8,32028.2,16095.5,666.4,806.5,1242.9,2.674,0,0,194,66,-9.0,0.243,1,2017-09-23 07:18:55.320
624,15.143685,-94.751367,-52.71,8546.0,-33929.0,24155.9,890.8,1181.0,2417.3,1.872,0,0,341,115,-9.0,0.327,1,2017-09-23 07:25:59.280
625,15.184185,-93.85271,-20.03,-18751.5,8335.9,-6578.6,895.4,980.5,1428.9,2.456,0,0,18,10,-9.0,0.226,2,2017-09-23 08:27:39.440
626,15.085771,-93.627262,-26.127,5479.7,-2553.4,-481.0,701.0,426.9,759.1,2.516,0,0,63,24,-9.0,0.17,2,2017-09-23 08:42:07.890
627,15.479935,-94.697567,-44.051,14312.8,3277.8,15496.8,761.3,1332.3,2185.8,1.929,0,0,195,115,-9.0,0.285,1,2017-09-23 09:38:46.880
628,15.260572,-94.567782,-60.426,28255.6,-20995.1,31871.7,1178.2,1332.2,1811.7,2.443,0,0,96,40,-9.0,0.303,1,2017-09-23 10:55:02.700
629,16.135267,-95.067847,-1.155,-25383.1,75791.9,-27399.3,997.6,1522.1,876.0,2.911,0,0,10,20,-9.0,0.323,1,2017-09-23 13:13:49.730
630,15.987302,-95.05092,-30.47,-23578.3,59419.1,1915.4,1010.4,1609.1,1242.3,3.233,0,0,17,5,-9.0,0.234,1,2017-09-23 14:01:36.900
631,16.045143,-95.114681,-16.921,-30408.4,65819.4,-11633.9,952.1,1792.2,1019.8,1.918,0,0,4,5,-9.0,0.333,1,2017-09-23 14:13:02.110
632,16.055882,-95.133838,-14.583,-32460.0,67007.7,-13971.8,951.9,1210.4,894.5,2.585,0,0,13,12,-9.0,0.302,1,2017-09-23 14:23:20.100
633,16.428703,-95.13383,-2.82,-32429.4,108261.3,-25734.8,1189.5,1365.2,574.9,2.794,0,0,25,12,-9.0,0.336,1,2017-09-23 14:27:51.560
634,16.428812,-95.090479,-5.456,-27788.3,108273.3,-23098.6,898.3,1190.3,759.0,3.757,0,0,37,13,-9.0,0.326,1,2017-09-23 14:31:46.350
635,16.259207,-95.225285,-19.265,878.5,-2837.5,2130.1,7780.9,19780.8,13171.6,3.194,0,0,7,3,-9.0,1.066,16,2017-09-23 14:54:05.490
636,15.99531,-95.073853,-8.792,-26036.1,60305.3,-19762.6,1218.9,1452.8,882.7,2.043,0,0,10,8,-9.0,0.321,1,2017-09-23 15:56:29.170
637,16.436792,-95.127832,-2.001,-31786.6,109156.3,-26554.0,485.5,807.0,687.9,3.18,0,0,59,17,-9.0,0.321,1,2017-09-23 16:24:49.310
638,16.368506,-95.090926,-0.324,-27840.2,101600.3,-28230.1,773.4,1127.5,354.3,2.266,0,0,28,15,-9.0,0.219,1,2017-09-23 16:49:38.240
639,16.110098,-95.109375,-0.7,-29834.5,73006.9,-27854.4,886.3,1273.1,854.4,1.988,0,0,23,29,-9.0,0.268,1,2017-09-23 17:26:38.020
640,16.425076,-95.159269,-13.567,-35154.2,107860.0,-14987.4,1284.9,1124.1,1314.3,2.22,0,0,11,6,-9.0,0.34,1,2017-09-23 17:57:58.400
641,15.71545,-94.56967,-25.244,28022.3,29338.2,-3310.5,768.6,964.6,1032.5,2.313,0,0,64,35,-9.0,0.209,1,2017-09-23 18:46:38.380
642,16.300263,-95.136833,-0.627,-32761.3,94049.1,-27927.6,742.5,1296.9,987.2,2.402,0,0,31,8,-9.0,0.375,1,2017-09-23 18:55:18.480
643,15.573099,-94.741903,-51.291,9553.1,13586.7,22736.1,508.3,873.9,1287.0,2.253,0,0,196,141,-9.0,0.233,1,2017-09-23 20:00:21.120
644,16.080455,-95.197314,-10.056,-39260.8,69726.7,-18498.1,1131.7,1726.0,888.1,2.351,0,0,13,8,-9.0,0.405,1,2017-09-23 20:41:08.840
645,16.323513,-95.150618,-5.076,-34235.9,96621.8,-23478.3,944.2,1425.5,1372.9,2.56,0,0,30,16,-9.0,0.387,1,2017-09-23 20:53:33.040
646,15.024886,-94.246916,-31.919,62741.7,-47074.4,3364.5,1468.6,1365.8,3140.3,2.204,0,0,9,6,-9.0,0.348,1,2017-09-23 21:23:28.700
647,16.024567,-95.106331,-0.048,-29514.3,63542.6,-28506.8,979.3,1276.0,563.8,2.148,0,0,20,14,-9.0,0.319,1,2017-09-23 22:07:32.860
648,15.628632,-94.733301,-53.532,10474.5,19731.4,24977.6,636.8,1157.9,1750.1,2.68,0,0,80,65,-9.0,0.234,1,2017-09-23 22:44:39.280
649,16.119712,-95.091683,-10.386,-27938.2,74070.7,-18168.5,1046.2,2110.4,1400.2,1.687,0,0,32,13,-9.0,0.349,1,2017-09-25 00:48:30.020
650,15.38199,-94.962052,-33.587,-14073.1,-7560.1,5032.7,635.6,1140.5,1579.2,3.113,0,0,165,76,-9.0,0.282,1,2017-09-25 00:56:47.640
651,15.608307,-94.976969,-30.865,-15665.8,17482.4,2310.2,823.0,1566.2,1304.7,3.173,0,0,109,51,-9.0,0.357,1,2017-09-25 00:58:47.740
652,15.549042,-94.57491,-42.77,27471.6,10924.6,14215.8,996.1,1093.8,1907.5,1.908,0,0,25,12,-9.0,0.222,1,2017-09-25 01:06:31.650
653,14.754697,-94.185384,-30.772,6215.5,-2686.8,55.5,4161.8,2617.7,3544.1,2.41,0,0,17,5,-9.0,0.612,4,2017-09-25 02:52:07.920
654,15.935746,-95.034131,-1.179,-21781.5,53714.4,-27375.2,1006.9,1193.2,692.2,2.0,0,0,2,4,-9.0,0.039,1,2017-09-25 03:09:52.320
655,16.250976,-94.793278,-30.154,4679.4,-816.1,-1385.8,4806.9,8342.9,8362.8,2.358,0,0,3,1,-9.0,0.955,18,2017-09-25 03:47:12.590
656,15.510406,-94.815747,-33.834,1630.4,6649.5,5279.4,412.2,700.6,1664.5,2.933,0,0,247,153,-9.0,0.195,1,2017-09-25 04:29:10.630
657,15.794332,-95.115552,-14.54,-30519.6,38066.6,-14014.8,848.5,1398.2,988.5,1.589,0,0,28,9,-9.0,0.265,1,2017-09-25 04:37:22.030
658,16.362813,-95.075724,-23.334,-4483.5,-2139.9,-2575.6,3892.3,5742.0,4931.0,2.521,0,0,4,3,-9.0,0.75,17,2017-09-25 05:07:19.110
659,15.127092,-94.710824,-25.681,12900.7,-35765.0,-2873.7,1141.2,1120.7,1382.5,1.724,0,0,125,88,-9.0,0.338,1,2017-09-25 05:22:19.270
660,16.178066,-95.135229,-5.543,-32599.4,80527.6,-23011.3,1121.9,2002.5,1267.3,2.312,0,0,40,11,-9.0,0.361,1,2017-09-25 05:55:11.400
661,15.096238,-93.778841,-25.345,-10814.6,-1395.2,-1263.1,544.5,777.9,1157.2,2.586,0,0,60,23,-9.0,0.251,2,2017-09-25 06:27:04.600
662,15.450744,-94.767684,-32.231,6788.7,47.8,3676.2,804.1,1620.6,1463.5,1.608,0,0,149,148,-9.0,0.215,1,2017-09-25 06:37:02.790
663,15.306954,-94.573006,-49.85,27691.1,-15862.9,21295.3,897.5,1191.3,1826.9,3.517,0,0,68,39,-9.0,0.242,1,2017-09-25 07:23:39.160
664,16.310485,-95.241715,-15.004,-877.7,2836.9,-2130.5,7759.7,20312.2,12573.6,1.921,0,0,7,3,-9.0,1.066,16,2017-09-25 08:30:38.790
665,16.138512,-97.458716,-17.303,11157.0,-1298.8,3546.5,298.3,292.0,337.0,0.787,0,0,5,7,-9.0,0.148,3,2017-09-25 08:41:00.510
666,15.537714,-94.648519,-29.47,19574.0,9671.2,915.3,799.0,876.2,969.7,2.338,0,0,80,42,-9.0,0.249,1,2017-09-25 09:15:58.410
667,15.352613,-94.74008,-30.089,9753.8,-10810.7,1534.0,1225.8,2020.8,1940.2,3.091,0,0,304,87,-9.0,0.339,1,2017-09-25 09:36:52.090
668,15.236561,-94.751196,-30.331,8563.1,-23652.1,1776.1,647.5,601.5,559.7,2.983,0,0,569,322,-9.0,0.251,1,2017-09-25 09:39:19.690
669,15.54728,-94.643392,-30.838,20123.5,10729.7,2283.1,899.1,859.7,1101.2,1.928,0,0,97,38,-9.0,0.245,1,2017-09-25 11:03:37.160
670,15.648939,-94.936108,-29.915,-11281.6,21978.5,1360.5,677.7,1069.3,699.0,1.858,0,0,42,44,-9.0,0.236,1,2017-09-25 11:16:55.950
671,15.450527,-94.735758,-35.283,10215.5,23.7,6728.5,775.1,1475.0,1077.0,2.309,0,0,193,111,-9.0,0.241,1,2017-09-25 11:45:12.490
672,14.928561,-94.981242,-17.685,-16150.2,-57733.0,-10869.7,1283.2,1426.5,1315.9,2.756,0,0,32,8,-9.0,0.251,1,2017-09-25 14:09:27.700
673,15.267045,-94.615845,-27.053,23094.3,-20278.9,-1501.9,813.9,881.0,1270.2,2.735,0,0,175,82,-9.0,0.317,1,2017-09-25 14:30:34.830
674,15.127753,-95.027767,-26.71,-21140.0,-35692.0,-1845.0,1109.0,1235.9,1583.9,1.893,0,0,70,41,-9.0,0.331,1,2017-09-25 14:43:37.110
675,15.031487,-94.644987,-44.111,19976.9,-46344.0,15556.1,884.3,1151.9,3360.8,2.766,0,0,241,91,-9.0,0.284,1,2017-09-25 16:29:30.000
676,15.386506,-94.907275,-26.541,-8194.0,-7060.3,-2013.3,1675.8,1906.6,2065.6,1.809,0,0,27,10,-9.0,0.446,1,2017-09-25 16:58:38.160
677,15.33383,-94.773039,-19.179,6216.0,-12889.1,-9376.0,982.7,1128.5,1111.3,2.837,0,0,119,45,-9.0,0.361,1,2017-09-25 17:54:32.400
678,16.085457,-95.055371,-0.044,-24049.4,70280.4,-28510.6,808.1,1743.6,655.2,1.774,0,0,25,21,-9.0,0.219,1,2017-09-25 18:07:48.040
679,16.312022,-95.139103,-0.949,-33004.3,95350.3,-27605.5,549.6,953.8,599.4,1.873,0,0,37,21,-9.0,0.272,1,2017-09-25 18:19:43.600
680,15.270249,-95.090283,-32.511,-27844.8,-19924.4,3956.6,1104.2,920.4,1408.6,2.099,0,0,65,38,-9.0,0.314,1,2017-09-25 18:28:19.500
681,15.571686,-94.798022,-34.774,3531.6,13430.3,6218.9,788.5,976.1,2114.5,2.215,0,0,136,82,-9.0,0.166,1,2017-09-25 18:58:00.040
682,15.210651,-94.760742,-29.307,7538.4,-26519.1,752.8,809.0,597.2,563.3,2.299,0,0,351,331,-9.0,0.232,1,2017-09-25 22:20:49.580
683,15.971938,-95.112459,-32.453,-30175.6,57719.1,3898.8,886.6,1820.3,1426.6,1.438,0,0,4,2,-9.0,0.244,1,2017-09-25 22:57:12.940
684,15.376788,-94.054793,-51.583,2009.5,-4294.6,16.4,1066.0,1040.4,1540.5,2.443,0,0,11,5,-9.0,0.346,11,2017-09-26 00:40:09.180
685,15.302439,-94.632153,-25.594,21341.6,-16362.5,-2960.8,1371.7,2492.6,2359.8,2.025,0,0,135,73,-9.0,0.35,1,2017-09-26 01:26:58.770
686,15.675447,-94.844637,-25.799,-1468.8,24911.6,-2755.6,728.3,1095.1,959.0,2.43,0,0,44,17,-9.0,0.297,1,2017-09-26 02:06:53.900
687,15.291697,-95.129297,-5.119,-2763.8,-3058.9,-4344.6,1460.6,1165.7,1049.1,1.767,0,0,10,3,-9.0,0.297,8,2017-09-26 02:14:47.250
688,15.503556,-95.098901,-32.379,-28754.7,5891.6,3824.7,899.2,1352.6,1516.0,1.773,0,0,32,24,-9.0,0.403,1,2017-09-26 02:36:52.300
689,15.182163,-94.815259,-28.647,1684.3,-29671.4,92.9,1054.0,1159.4,1312.2,2.311,0,0,444,221,-9.0,0.277,1,2017-09-26 03:19:05.430
690,14.943942,-94.142415,-14.57,73982.4,-56031.0,-13984.6,1238.1,1030.0,1105.1,3.548,0,0,6,2,-9.0,0.088,1,2017-09-26 05:33:19.700
691,15.78045,-95.078101,-25.165,-26504.7,36530.6,-3389.9,487.6,1399.5,1062.8,2.004,0,0,50,20,-9.0,0.266,1,2017-09-26 05:36:09.340
692,16.131565,-95.153597,-9.991,-34571.4,75382.3,-18563.8,1312.7,1736.7,1288.7,2.043,0,0,19,5,-9.0,0.344,1,2017-09-26 07:40:18.480
693,16.338445,-95.181437,-0.861,-37535.2,98274.0,-27694.0,883.3,1394.3,820.7,1.875,0,0,32,14,-9.0,0.355,1,2017-09-26 08:22:52.500
694,16.399834,-95.079012,-1.321,-26562.5,105066.9,-27233.9,615.1,1171.3,590.6,2.167,0,0,25,15,-9.0,0.315,1,2017-09-26 08:31:42.980
695,16.114111,-95.093937,-0.183,-28180.5,73450.9,-28372.1,819.5,1726.8,701.9,1.633,0,0,41,33,-9.0,0.256,1,2017-09-26 09:40:39.850
696,15.712612,-94.566488,-27.65,28363.7,29024.1,-904.9,528.9,835.8,925.6,1.605,0,0,55,40,-9.0,0.182,1,2017-09-26 09:48:20.300
697,14.992812,-94.575496,-32.313,27444.6,-50623.5,3758.7,849.0,1095.9,1045.1,1.955,0,0,178,55,-9.0,0.261,1,2017-09-26 10:25:56.250
698,16.116258,-95.033203,-0.22,-21672.9,73688.5,-28335.1,1201.3,2492.6,1439.0,1.765,0,0,35,14,-9.0,0.372,1,2017-09-26 10:44:06.180
699,16.101373,-95.094116,-0.629,-28200.6,72041.4,-27926.1,1001.0,1730.9,675.1,1.928,0,0,41,25,-9.0,0.264,1,2017-09-26 10:55:05.450
700,15.304934,-94.636369,-43.602,20888.9,-16086.5,15046.9,763.9,928.3,2187.9,2.131,0,0,171,85,-9.0,0.292,1,2017-09-26 11:20:22.010
701,15.265447,-94.749064,-30.127,8791.3,-20455.8,1572.5,551.5,774.6,694.7,2.352,0,0,197,204,-9.0,0.216,1,2017-09-26 12:49:50.540
702,15.027805,-95.378703,-3.81,-1472.8,-3927.4,-1554.7,2683.5,3544.8,2405.0,2.249,0,0,3,2,-9.0,0.271,20,2017-09-26 13:14:35.300
703,15.282233,-94.627905,-26.692,21798.7,-18598.4,-1862.8,627.4,946.9,1156.2,2.716,0,0,168,70,-9.0,0.339,1,2017-09-26 13:40:47.160
704,15.435163,-95.054053,-30.212,-23945.8,-1676.3,1657.5,685.7,1078.7,1184.5,2.828,0,0,135,93,-9.0,0.283,1,2017-09-26 13:42:34.280
705,14.959077,-95.191479,-34.888,-38739.1,-54356.3,6333.9,1038.7,1977.3,3093.0,2.079,0,0,2,1,-9.0,0.201,1,2017-09-26 14:16:31.390
706,16.136545,-95.129199,-1.607,-31957.1,75933.2,-26947.3,1195.3,1847.7,1315.4,1.614,0,0,32,22,-9.0,0.355,1,2017-09-26 14:37:47.390
707,16.334171,-95.162101,-0.254,-35464.9,97801.1,-28300.6,882.9,1291.3,699.6,2.201,0,0,26,15,-9.0,0.336,1,2017-09-26 15:12:00.680
708,15.757378,-95.087036,-28.824,-27464.9,33977.6,269.7,789.0,1806.7,1415.4,1.808,0,0,75,42,-9.0,0.359,1,2017-09-26 15:20:09.010
709,15.731976,-94.507056,-51.18,34736.8,31166.8,22625.5,632.8,659.5,1220.1,2.978,0,0,107,90,-9.0,0.121,1,2017-09-26 16:07:47.030
710,15.421692,-94.730827,-33.153,10745.1,-3166.9,4598.5,1232.8,1525.0,3157.9,2.206,0,0,71,14,-9.0,0.464,1,2017-09-26 16:07:48.150
711,15.632129,-94.9073,-32.26,-8191.4,20118.4,3704.9,489.7,1042.5,949.0,2.0,0,0,58,25,-9.0,0.14,1,2017-09-26 18:01:31.420
712,15.048885,-94.784351,-29.858,5004.9,-44418.8,1303.4,973.3,1555.5,1955.5,1.847,0,0,18,29,-9.0,0.4,1,2017-09-26 18:05:31.280
713,15.204277,-94.788322,-31.455,4576.6,-27224.5,2899.9,561.9,483.3,1030.6,2.475,0,0,432,212,-9.0,0.273,1,2017-09-26 19:10:20.600
714,16.327747,-95.141341,-1.059,-33242.7,97090.2,-27495.6,516.8,832.3,711.5,1.997,0,0,30,19,-9.0,0.32,1,2017-09-26 19:45:23.600
715,15.13381,-94.803141,-36.216,2985.5,-35021.7,7661.8,864.8,1276.7,3223.7,2.008,0,0,234,91,-9.0,0.329,1,2017-09-26 20:31:58.820
716,15.49516,-94.834204,-51.256,-349.9,4962.6,22701.9,650.2,2348.5,3363.2,2.936,0,0,198,65,-9.0,0.257,1,2017-09-26 20:39:52.160
717,15.263379,-94.822583,-5.926,897.4,-20684.6,-22628.7,1159.0,1153.1,886.4,2.351,0,0,10,5,-9.0,0.095,1,2017-09-27 02:06:21.400
718,16.115442,-95.106616,-0.206,-29538.8,73598.2,-28348.6,662.3,1565.7,763.4,1.887,0,0,50,36,-9.0,0.288,1,2017-09-27 04:00:06.130
719,15.78115,-94.562272,-51.233,28811.1,36608.0,22678.1,581.6,873.0,986.7,2.011,0,0,179,71,-9.0,0.185,1,2017-09-27 04:41:37.670
720,16.096081,-95.092554,-0.264,-28033.2,71455.8,-28290.5,732.5,1153.8,978.9,1.69,0,0,32,35,-9.0,0.332,1,2017-09-27 05:19:41.530
721,16.431206,-95.552214,-12.022,-6671.7,3865.0,3228.4,886.6,672.6,823.8,1.171,0,0,9,3,-9.0,0.268,5,2017-09-27 07:28:17.750
722,16.094198,-95.082495,-0.162,-26955.8,71247.4,-28393.0,656.4,1276.8,887.3,1.367,0,0,44,31,-9.0,0.262,1,2017-09-27 07:45:13.660
723,16.028101,-95.062809,-0.614,-24850.4,63933.6,-27940.9,819.1,1371.6,645.9,1.814,0,0,16,14,-9.0,0.289,1,2017-09-27 07:56:27.990
724,16.092737,-95.104207,-7.923,-29282.2,71085.8,-20631.6,938.3,1828.7,989.2,1.442,0,0,52,16,-9.0,0.326,1,2017-09-27 08:12:02.970
725,15.742328,-94.972697,-45.271,-15203.2,32312.2,16716.8,645.4,1719.7,2065.1,1.779,0,0,18,17,-9.0,0.318,1,2017-09-27 10:30:09.430
726,15.569707,-95.325488,-63.602,-4443.8,-837.9,1230.0,3871.0,6531.3,5780.7,1.703,0,0,6,4,-9.0,0.296,6,2017-09-27 10:52:40.940
727,15.65812,-94.948812,-31.399,-12644.3,22994.4,2844.8,753.3,1169.8,867.4,2.354,0,0,61,42,-9.0,0.251,1,2017-09-27 11:25:10.030
728,15.22882,-94.546802,-49.972,30510.1,-24508.7,21417.8,1013.8,1038.3,2050.9,2.673,0,0,74,39,-9.0,0.272,1,2017-09-27 11:55:30.540
729,15.144747,-94.786507,-22.295,4772.5,-33811.5,-6260.0,858.1,1414.4,1230.7,1.885,0,0,217,125,-9.0,0.312,1,2017-09-27 12:04:30.070
730,15.3403,-94.695671,-30.423,14521.3,-12173.1,1868.8,628.2,796.8,1243.9,3.045,0,0,203,116,-9.0,0.295,1,2017-09-27 12:22:53.090
731,15.723464,-94.485384,-47.025,37061.7,30224.9,18470.0,369.3,609.2,1394.8,2.256,0,0,214,87,-9.0,0.195,1,2017-09-27 14:31:43.730
732,15.845208,-95.039811,-28.878,-22395.6,43696.1,323.4,1091.7,2169.9,1431.5,2.043,0,0,18,12,-9.0,0.309,1,2017-09-27 19:58:51.160
733,16.116668,-95.114437,-0.217,-30377.0,73733.9,-28337.9,997.3,2174.4,948.0,2.009,0,0,43,20,-9.0,0.355,1,2017-09-27 20:25:55.540
734,15.507173,-94.832479,-25.916,-165.2,6291.7,-2638.5,1031.0,806.4,963.1,1.901,0,0,149,85,-9.0,0.258,1,2017-09-27 20:44:08.440
735,16.127984,-95.131234,-0.614,-32175.7,74985.9,-27940.5,482.1,934.6,379.8,1.708,0,0,37,42,-9.0,0.282,1,2017-09-27 21:49:11.400
736,16.072043,-95.105339,-1.961,-29404.6,68796.0,-26593.8,1228.7,2683.6,988.8,1.9,0,0,15,5,-9.0,0.254,1,2017-09-27 23:30:14.000
737,15.446607,-94.619425,-27.913,22700.8,-409.9,-641.4,848.3,1053.3,1229.1,1.84,0,0,71,71,-9.0,0.226,1,2017-09-27 23:41:19.920
738,15.515404,-94.658366,-32.566,18518.1,7202.6,4011.3,903.3,1450.2,1084.2,1.985,0,0,76,86,-9.0,0.335,1,2017-09-28 00:14:48.490
739,15.685105,-94.521338,-24.644,33209.0,25980.4,-3910.7,882.9,769.4,706.9,2.045,0,0,79,40,-9.0,0.262,1,2017-09-28 00:57:39.930
740,15.130039,-93.840934,-24.839,-17488.4,2344.8,-1769.7,748.4,705.2,1019.3,2.421,0,0,26,12,-9.0,0.196,2,2017-09-28 01:17:11.850
741,16.158792,-97.558195,-13.951,516.9,945.4,194.4,204.8,330.1,344.0,0.893,0,0,17,20,-9.0,0.132,3,2017-09-28 01:29:12.220
742,16.910301,-98.447803,-27.19,-1390.7,3430.9,2524.9,185.7,138.9,523.9,0.317,0,0,2,2,-9.0,0.055,29,2017-09-28 04:07:49.740
743,15.479109,-94.753328,-32.518,8328.5,3186.4,3963.6,511.0,775.4,929.3,2.578,0,0,253,144,-9.0,0.188,1,2017-09-28 04:56:13.460
744,15.272515,-95.239925,-32.846,-43911.2,-19673.7,4290.9,1139.0,1373.1,1837.6,2.0,0,0,24,20,-9.0,0.295,1,2017-09-28 05:01:14.160
745,15.054865,-94.648446,-31.822,19604.4,-43757.2,3267.6,627.4,884.5,1168.3,2.093,0,0,161,90,-9.0,0.291,1,2017-09-28 05:12:39.810
746,15.181363,-94.701725,-31.422,13876.5,-29759.8,2867.5,580.2,849.1,760.0,2.251,0,0,422,208,-9.0,0.267,1,2017-09-28 05:59:04.700
747,15.41849,-94.763338,-28.3,7256.0,-3521.3,-254.4,669.8,1003.1,965.4,1.892,0,0,249,46,-9.0,0.248,1,2017-09-28 07:09:25.760
748,15.29419,-94.893896,-24.917,-6759.1,-17275.3,-3637.5,437.4,684.3,727.5,2.062,0,0,157,248,-9.0,0.267,1,2017-09-28 07:54:54.210
749,15.493233,-94.790715,-31.894,4316.9,4749.3,3339.8,530.5,754.8,886.4,1.996,0,0,256,121,-9.0,0.195,1,2017-09-28 08:47:35.360
750,15.097153,-94.70402,-33.091,13632.8,-39077.9,4536.9,539.6,932.2,1772.7,1.98,0,0,300,124,-9.0,0.253,1,2017-09-28 10:26:29.100
751,15.467405,-95.018498,-27.617,-20128.0,1891.3,-938.0,1123.3,2045.5,1755.9,1.857,0,0,24,18,-9.0,0.39,1,2017-09-28 10:40:23.150
752,16.147684,-97.665804,-9.816,-10991.9,-283.9,-3940.2,211.2,359.5,805.8,1.915,0,0,8,7,-9.0,0.165,3,2017-09-28 11:38:00.310
753,15.586345,-95.056136,-41.811,-24160.3,15052.3,13256.6,706.6,1450.7,3146.0,1.834,0,0,36,25,-9.0,0.382,1,2017-09-28 12:08:51.860
754,14.99628,-94.583455,-32.838,26589.5,-50239.7,4283.8,1114.9,1101.3,1262.7,2.207,0,0,106,33,-9.0,0.32,1,2017-09-28 12:13:13.630
755,15.505782,-94.786157,-47.585,4805.9,6137.9,19029.9,585.2,724.3,1074.5,2.423,0,0,253,150,-9.0,0.192,1,2017-09-28 12:21:32.350
756,15.260498,-93.922298,-28.418,859.2,647.1,2453.2,1042.4,1277.0,1729.3,2.511,0,0,6,3,-9.0,0.154,22,2017-09-28 12:26:40.200
757,15.286259,-95.043807,-30.879,-22853.9,-18152.9,2324.1,1159.0,1204.8,1477.2,2.045,0,0,50,14,-9.0,0.409,1,2017-09-28 15:39:08.140
758,16.403144,-95.421785,-10.296,7260.0,759.7,1502.2,912.0,1149.0,976.7,1.931,0,0,4,3,-9.0,0.257,5,2017-09-28 17:37:22.600
759,15.763653,-94.908822,-24.066,-8352.2,34671.9,-4488.1,619.4,1271.7,817.9,2.275,0,0,39,10,-9.0,0.324,1,2017-09-28 21:25:26.000
760,15.060598,-95.268587,-28.541,-47012.9,-43122.9,-13.5,1086.2,1404.5,997.1,2.137,0,0,16,15,-9.0,0.306,1,2017-09-28 21:54:58.680
761,15.26155,-94.77312,-13.012,6207.9,-20887.0,-15542.2,974.6,870.0,879.5,2.183,0,0,23,14,-9.0,0.301,1,2017-09-28 22:16:32.140
762,15.223206,-94.818986,-30.736,1283.6,-25129.8,2181.8,642.6,479.6,620.5,1.998,0,0,380,360,-9.0,0.253,1,2017-09-29 02:22:06.660
763,15.558167,-94.833797,-29.846,-306.5,11934.4,1291.1,750.6,785.7,1064.4,1.967,0,0,140,123,-9.0,0.202,1,2017-09-29 07:58:22.050
764,15.135999,-94.73894,-30.636,9881.3,-34779.5,2081.9,407.0,917.0,942.7,2.268,0,0,508,234,-9.0,0.267,1,2017-09-29 08:01:47.870
765,15.381223,-94.741699,-23.531,9578.9,-7645.0,-5023.5,749.8,803.4,581.5,1.891,0,0,173,70,-9.0,0.233,1,2017-09-29 08:38:55.340
766,16.401487,-94.991772,-28.484,4484.9,2139.9,2574.1,3941.5,6275.2,5867.4,2.071,0,0,4,3,-9.0,0.75,17,2017-09-29 08:46:38.980
767,15.738684,-94.497721,-48.923,35736.8,31909.0,20368.9,454.7,385.6,946.6,2.036,0,0,133,90,-9.0,0.127,1,2017-09-29 13:09:15.080
768,15.523359,-95.142008,-28.228,-33378.6,8082.8,-326.3,1531.2,1383.6,1841.3,1.778,0,0,18,14,-9.0,0.405,1,2017-09-29 13:25:31.430
769,14.909794,-93.353198,-25.838,204.7,27.0,4258.4,1061.0,1153.7,2424.9,2.674,0,0,7,4,-9.0,0.215,25,2017-09-29 15:30:43.000
770,16.375042,-95.430509,-10.535,6328.8,-2350.3,1741.0,866.2,1272.9,974.2,1.601,0,0,7,5,-9.0,0.225,5,2017-09-29 15:35:23.720
771,15.394642,-94.729631,-30.415,10874.1,-6160.0,1860.7,593.4,1093.4,1178.1,1.925,0,0,128,78,-9.0,0.213,1,2017-09-29 16:11:06.390
772,14.970705,-94.270573,-27.317,60208.5,-53069.7,-1237.4,1499.7,1201.4,1502.0,2.356,0,0,20,11,-9.0,0.276,1,2017-09-29 17:56:32.640
773,14.95613,-94.952238,-57.357,-13032.9,-54682.4,28802.2,4058.5,4965.8,11468.7,2.1,0,0,7,0,-9.0,0.406,1,2017-09-29 19:22:19.820
774,15.273871,-94.644084,-29.753,20062.5,-19523.6,1198.8,1109.3,1493.4,6986.0,2.359,0,0,152,90,-9.0,0.252,1,2017-09-29 23:06:39.100
775,15.748105,-94.576294,-27.446,27309.6,32951.5,-1108.3,593.8,848.2,1185.4,2.015,0,0,65,42,-9.0,0.257,1,2017-09-30 00:18:23.440
776,16.033127,-94.927246,-17.015,273.7,-5271.8,-1641.6,7092.1,15727.4,9673.8,1.897,0,0,7,5,-9.0,1.127,10,2017-09-30 03:05:31.100
777,15.395673,-94.680282,-30.617,16171.4,-6046.0,2062.2,687.0,965.3,1337.7,2.035,0,0,194,116,-9.0,0.243,1,2017-09-30 03:42:44.320
778,15.547774,-94.770671,-46.435,6467.2,10784.4,17880.7,611.0,781.8,1352.0,2.598,0,0,128,108,-9.0,0.221,1,2017-09-30 04:00:52.800
779,15.300734,-94.87828,-34.302,-5082.6,-16551.1,5747.5,1103.0,1264.6,2813.8,2.598,0,0,87,21,-9.0,0.356,1,2017-09-30 04:00:53.290
780,16.428984,-95.525008,-1.992,-3765.6,3619.1,-6801.6,885.8,750.4,820.6,1.343,0,0,8,4,-9.0,0.249,5,2017-09-30 04:31:10.230
781,15.730608,-94.537524,-42.491,31469.1,31015.4,13936.0,710.7,799.1,1437.3,1.642,0,0,182,80,-9.0,0.265,1,2017-09-30 05:33:26.530
782,15.411511,-94.50092,-34.019,35422.3,-4293.4,5464.8,1258.9,1557.6,3898.1,2.825,0,0,20,5,-9.0,0.38,1,2017-09-30 05:38:45.970
783,15.461202,-94.695646,-32.476,14520.2,1205.0,3921.1,616.2,795.0,911.4,1.603,0,0,218,130,-9.0,0.246,1,2017-09-30 05:53:32.930
784,15.283875,-95.094328,-10.895,992.0,-3924.4,1430.7,3190.0,4011.9,3248.2,2.348,0,0,12,5,-9.0,0.477,8,2017-09-30 06:19:05.140
785,15.034225,-94.364982,-31.448,50056.7,-46041.0,2893.3,878.5,752.2,903.9,2.863,0,0,74,18,-9.0,0.242,1,2017-09-30 06:22:39.540
786,15.248802,-93.938306,-23.511,-860.1,-647.1,-2454.0,1042.2,1262.1,1316.9,1.836,0,0,6,3,-9.0,0.154,22,2017-09-30 07:43:48.890
787,15.558725,-94.732072,-31.403,10608.1,11996.1,2848.5,1717.9,1781.6,1633.0,1.845,0,0,202,73,-9.0,0.349,1,2017-09-30 08:56:50.250
788,15.507656,-95.068774,-24.449,-25521.8,6345.2,-4105.5,1423.3,1361.7,1534.2,1.873,0,0,15,20,-9.0,0.433,1,2017-09-30 09:20:31.550
789,15.3924,-94.727759,-23.579,11074.9,-6408.1,-4975.8,790.8,920.3,717.4,1.507,0,0,141,49,-9.0,0.263,1,2017-09-30 10:18:52.650
790,15.125039,-94.723771,-16.6,11510.4,-35992.3,-11954.6,949.7,654.3,919.7,2.149,0,0,46,10,-9.0,0.289,1,2017-09-30 11:03:26.580
791,15.799654,-95.088794,-25.494,-27650.0,38655.5,-3060.2,548.5,790.7,901.1,2.888,0,0,115,42,-9.0,0.23,1,2017-09-30 12:18:09.250
792,15.396228,-94.719385,-29.737,11974.3,-5984.5,1182.3,833.7,779.3,963.6,2.261,0,0,181,103,-9.0,0.331,1,2017-09-30 13:43:17.620
793,15.486077,-94.792196,-31.317,4157.7,3957.5,2762.0,417.2,653.4,1087.6,2.561,0,0,243,127,-9.0,0.172,1,2017-09-30 15:33:24.880
794,14.909305,-93.357007,-17.321,-204.7,-27.1,-4259.4,1056.1,1129.0,1391.5,2.61,0,0,7,4,-9.0,0.215,25,2017-09-30 16:34:19.740
795,15.500902,-94.791536,-48.706,4228.4,5597.9,20151.0,562.5,1244.1,1904.6,2.006,0,0,223,103,-9.0,0.195,1,2017-09-30 17:00:56.540
796,15.305629,-95.138737,-30.816,-33044.7,-16009.6,2261.3,1010.9,1183.9,1543.3,1.798,0,0,39,20,-9.0,0.348,1,2017-09-30 17:18:14.520
797,15.731053,-95.090747,-33.372,-27864.0,31064.6,4817.2,553.8,822.9,1590.3,3.62,0,0,94,54,-9.0,0.299,1,2017-09-30 18:15:46.360
798,15.503406,-94.792017,-31.243,4176.5,5874.9,2688.2,511.7,833.1,921.7,2.599,0,0,237,132,-9.0,0.199,1,2017-09-30 18:31:39.240
799,15.452608,-94.631095,-31.894,21447.7,254.1,3339.5,638.9,752.0,914.4,2.318,0,0,140,72,-9.0,0.286,1,2017-09-30 19:03:28.800
800,15.706838,-94.997331,-31.039,-17846.8,28385.2,2484.0,1088.5,1323.1,1757.4,1.916,0,0,33,10,-9.0,0.379,1,2017-09-30 19:16:40.100
801,15.744114,-95.074935,-20.316,-26167.6,32509.9,-8239.0,703.4,2070.2,1121.8,2.2,0,0,32,5,-9.0,0.324,1,2017-09-30 19:23:33.280
802,15.733833,-94.937118,-32.5,-11387.5,31372.2,3945.1,813.1,1502.4,1114.9,2.171,0,0,79,32,-9.0,0.331,1,2017-09-30 19:44:13.440
803,15.55071,-94.881616,-31.929,-5437.0,11109.2,3374.6,692.4,835.8,928.6,2.19,0,0,102,77,-9.0,0.173,1,2017-09-30 20:33:49.560
804,16.327294,-98.250846,-22.996,205.3,-2217.7,2910.6,4675.7,4327.0,3950.3,0.926,0,0,6,9,-9.0,0.581,18,2017-10-01 00:16:59.730
805,15.595671,-94.89445,-31.245,4058.5,-32095.5,10187.8,462.6,1053.6,1029.7,1.625,0,0,106,79,-9.0,0.225,1,2017-10-01 00:24:25.490
806,16.407084,-95.156258,-6.016,-23952.2,57693.0,-15041.7,424.4,781.8,487.0,1.594,0,0,315,138,-9.0,0.278,1,2017-10-01 02:11:05.460
807,15.327365,-94.613997,-23.968,34137.0,-61785.3,2910.6,281.2,574.2,756.8,2.345,0,0,317,206,-9.0,0.162,1,2017-10-01 02:14:49.970
808,16.497921,-95.075513,-5.705,-15312.6,67744.6,-15352.3,804.6,953.2,624.7,2.508,0,0,113,32,-9.0,0.248,1,2017-10-01 04:06:13.450
809,15.327147,-94.63431,-37.594,31958.3,-61809.4,16536.5,391.6,898.2,1782.7,3.216,0,0,372,249,-9.0,0.164,1,2017-10-01 04:06:56.430
810,15.580082,-94.767822,-25.895,17629.4,-33820.5,4837.3,303.1,521.7,696.6,2.961,0,0,82,54,-9.0,0.196,1,2017-10-01 04:47:39.970
811,15.213332,-95.059725,-37.013,-776.5,3915.0,3055.5,1515.5,2072.0,6376.2,2.05,0,0,15,5,-9.0,0.502,14,2017-10-01 04:47:42.780
812,15.940178,-94.46971,-64.501,353.1,1347.7,606.4,1044.4,2246.7,1758.1,1.928,0,0,3,3,-9.0,0.167,26,2017-10-01 04:53:30.380
813,15.086862,-94.536491,-48.18,42473.0,-88398.6,27122.9,709.0,1465.5,2737.6,1.827,0,0,6,1,-9.0,0.049,1,2017-10-01 06:32:33.790
814,15.344258,-94.861458,-48.262,7598.4,-59916.0,27204.2,923.6,1331.5,2673.3,2.422,0,0,58,29,-9.0,0.207,1,2017-10-01 06:43:40.830
815,15.190341,-95.187728,-25.097,-2603.7,4795.8,-1327.7,3250.7,3644.2,4747.5,1.632,0,0,5,3,-9.0,0.545,19,2017-10-01 06:51:45.710
816,16.193852,-95.137158,-4.722,-21920.5,34097.3,-16335.4,395.5,684.1,561.1,1.399,0,0,40,28,-9.0,0.241,1,2017-10-01 07:19:56.480
817,16.136615,-95.121362,-7.545,-20233.3,27763.7,-13512.6,557.8,871.6,633.0,1.554,0,0,25,16,-9.0,0.214,1,2017-10-01 08:30:01.410
818,15.263017,-95.028613,-50.925,-10328.9,-68905.9,29867.2,903.3,1630.3,2822.7,1.556,0,0,2,3,-9.0,0.07,1,2017-10-01 09:30:24.940
819,16.436,-95.160864,-10.433,-24443.4,60892.6,-10624.9,433.2,780.4,850.9,2.334,0,0,169,66,-9.0,0.26,1,2017-10-01 09:46:20.980
820,15.313566,-94.646281,-29.747,30676.0,-63312.3,8689.8,296.0,442.5,502.9,2.379,0,0,301,266,-9.0,0.195,1,2017-10-01 10:06:04.520
821,15.377043,-94.678906,-30.617,27172.6,-56288.2,9559.7,922.9,668.6,1139.0,2.812,0,0,281,146,-9.0,0.216,1,2017-10-01 10:33:17.920
822,15.331185,-94.6462,-20.086,30683.0,-61362.6,-971.2,290.7,504.2,787.7,2.246,0,0,374,201,-9.0,0.184,1,2017-10-01 11:20:18.370
823,15.467135,-94.651571,-29.48,30097.3,-46318.9,8422.1,234.2,425.6,463.6,1.971,0,0,328,154,-9.0,0.142,1,2017-10-01 12:49:33.070
824,15.308,-94.637394,-25.283,31628.9,-63928.2,4225.2,349.5,586.7,1050.4,2.253,0,0,342,203,-9.0,0.176,1,2017-10-01 15:02:43.290
825,15.376071,-94.896842,-48.352,3804.0,-56395.7,27294.9,647.2,1163.6,1854.0,2.134,0,0,24,17,-9.0,0.165,1,2017-10-01 18:01:33.960
826,16.429451,-95.127279,-3.211,-20851.7,60168.1,-17846.0,459.3,714.1,373.2,1.874,0,0,228,160,-9.0,0.252,1,2017-10-01 18:12:30.120
827,15.33349,-94.712923,-22.619,23527.6,-61107.6,1561.1,1547.1,1615.4,1255.5,2.703,0,0,6,2,-9.0,0.134,1,2017-10-01 19:22:24.240
828,16.114995,-94.997819,-2.746,-7010.9,25371.4,-18312.0,588.7,1052.3,616.8,1.594,0,0,26,19,-9.0,0.194,1,2017-10-01 20:00:24.880
829,16.430488,-95.217684,-3.2,-30520.0,60282.8,-17858.0,403.0,695.3,484.7,2.496,0,0,138,84,-9.0,0.222,1,2017-10-01 20:25:07.240
830,16.382152,-94.923828,-2.759,908.1,54934.1,-18298.1,586.4,1109.6,709.6,1.934,0,0,5,4,-9.0,0.206,1,2017-10-01 21:54:28.080
831,15.325611,-94.613322,-60.581,34208.9,-61979.3,39523.0,397.4,750.9,816.6,2.006,0,0,217,199,-9.0,0.198,1,2017-10-01 22:22:09.320
832,15.151583,-93.822363,-30.83,-3559.6,3169.0,-241.6,1303.0,1035.5,1566.1,2.269,0,0,76,46,-9.0,0.257,2,2017-10-01 23:41:03.120
833,15.842932,-95.062492,-46.73,-13942.5,-4734.3,25672.6,803.2,1105.0,1672.1,1.671,0,0,10,6,-9.0,0.138,1,2017-10-02 03:12:26.850
834,16.33952,-95.117179,-31.378,-19776.2,50216.5,10320.1,560.1,954.9,882.7,1.889,0,0,23,20,-9.0,0.315,1,2017-10-02 03:50:18.180
835,15.632961,-95.141789,-26.666,-22447.7,-27969.1,5608.9,1247.1,2286.5,2660.1,2.384,0,0,22,6,-9.0,0.199,1,2017-10-02 04:42:53.860
836,16.440621,-95.520068,-0.016,2115.7,-1489.9,-1779.6,2742.1,2106.3,2238.8,1.34,0,0,37,15,-9.0,0.488,3,2017-10-02 04:56:48.710
837,15.701525,-94.879004,-27.096,5712.1,-20382.0,6038.2,488.5,1191.3,926.9,2.389,0,0,58,31,-9.0,0.224,1,2017-10-02 05:19:38.090
838,15.382969,-94.892692,-36.804,4248.6,-55632.3,15746.6,709.1,1357.8,2253.8,2.01,0,0,38,23,-9.0,0.194,1,2017-10-02 06:31:11.700
839,15.673124,-95.160938,-20.352,-24497.0,-23524.7,-705.5,1548.6,2551.8,2545.9,2.508,0,0,9,2,-9.0,0.232,1,2017-10-02 08:10:56.330
840,16.414964,-95.138338,-2.552,-22035.3,58564.8,-18505.7,521.9,564.2,579.5,2.044,0,0,248,117,-9.0,0.257,1,2017-10-02 08:23:15.130
841,15.34286,-94.896468,-50.016,3844.6,-60070.7,28958.6,1077.8,1547.9,3028.4,2.468,0,0,28,15,-9.0,0.161,1,2017-10-02 08:26:56.230
842,15.892966,-95.078971,-31.384,-15705.8,802.2,10326.7,631.8,1372.0,1729.4,1.559,0,0,6,6,-9.0,0.164,1,2017-10-02 10:27:58.760
843,15.394728,-94.754451,-47.977,19071.0,-54331.2,26919.4,510.9,1070.4,1868.7,2.222,0,0,46,19,-9.0,0.164,1,2017-10-02 11:15:46.170
844,15.610479,-94.929297,-26.513,323.7,-30456.8,5455.2,374.2,723.3,1009.9,2.716,0,0,142,101,-9.0,0.2,1,2017-10-02 12:13:23.920
845,15.770684,-94.897306,-29.119,3750.2,-12729.1,8061.4,597.4,1208.6,1057.3,2.107,0,0,75,98,-9.0,0.236,1,2017-10-02 14:28:33.700
846,15.722869,-94.971753,-32.416,-4225.1,-18020.1,11359.0,467.0,882.6,914.9,1.914,0,0,32,11,-9.0,0.148,1,2017-10-02 15:28:14.960
847,15.562199,-94.834709,-44.362,10461.1,-35799.3,23304.8,355.2,571.0,743.9,2.474,0,0,211,133,-9.0,0.181,1,2017-10-02 16:02:57.940
848,15.521131,-95.016512,-61.034,-9024.7,-40343.7,39976.1,801.7,2030.4,1401.9,1.791,0,0,14,12,-9.0,0.212,1,2017-10-02 17:35:26.520
849,15.426833,-95.126481,-27.189,-20816.9,-50778.5,6131.7,1205.3,1863.8,2267.4,1.748,0,0,5,5,-9.0,0.112,1,2017-10-02 19:43:07.980
850,15.743958,-94.980485,-72.269,-5160.7,-15686.5,51211.2,470.2,874.2,1002.9,2.401,0,0,22,24,-9.0,0.255,1,2017-10-02 21:27:25.520
851,16.410781,-95.196517,-14.371,-28257.5,58102.1,-6686.2,447.9,628.6,558.7,1.798,0,0,186,204,-9.0,0.253,1,2017-10-02 21:50:45.960
852,15.452196,-94.767554,-46.967,17663.8,-47971.9,25909.8,491.5,805.9,977.1,2.152,0,0,109,74,-9.0,0.152,1,2017-10-02 22:05:35.560
853,15.448445,-94.65498,-34.623,29733.0,-48387.1,13565.3,372.8,572.0,1356.9,1.653,0,0,290,204,-9.0,0.213,1,2017-10-03 01:44:21.850
854,15.359954,-94.677775,-36.173,27295.2,-58179.2,15115.1,425.2,993.8,1900.2,2.073,0,0,39,30,-9.0,0.194,1,2017-10-03 02:08:59.180
855,16.500354,-95.071729,-4.344,-14907.3,68013.9,-16713.7,369.5,472.7,344.0,2.149,0,0,185,144,-9.0,0.221,1,2017-10-03 02:31:14.310
856,16.308061,-95.094588,-24.705,-17360.3,46735.3,3647.4,747.5,1068.6,738.3,1.592,0,0,21,15,-9.0,0.202,1,2017-10-03 02:34:33.370
857,15.642637,-94.792611,-50.703,14970.2,-26898.3,29645.5,346.0,493.7,587.4,2.175,0,0,218,197,-9.0,0.184,1,2017-10-03 03:01:13.920
858,16.356702,-95.231226,-7.705,-31974.5,52117.8,-13352.0,581.7,831.3,957.3,1.318,0,0,33,43,-9.0,0.243,1,2017-10-03 03:51:49.060
859,15.433531,-94.711483,-66.319,-4148.6,-6104.7,-274.3,1801.9,2115.0,2059.7,1.888,0,0,5,2,-9.0,0.4,16,2017-10-03 03:54:40.800
860,15.673529,-95.113053,-28.527,-19366.5,-23479.8,7469.2,852.2,1991.4,2365.2,1.919,0,0,23,6,-9.0,0.219,1,2017-10-03 04:52:09.920
861,15.183149,-94.420068,-18.145,54953.2,-77743.7,-2913.0,491.1,731.4,545.1,3.151,0,0,142,45,-9.0,0.233,1,2017-10-03 05:30:26.580
862,15.903506,-95.662386,-47.086,-165.0,-2177.0,10393.3,774.5,1505.6,1329.7,1.611,0,0,17,17,-9.0,0.227,5,2017-10-03 05:42:37.610
863,16.407511,-95.149504,-3.832,-23230.0,57740.2,-17225.5,675.0,1064.9,608.9,1.795,0,0,56,29,-9.0,0.27,1,2017-10-03 05:51:11.920
864,15.878762,-95.668359,-37.219,-804.0,-4915.1,525.6,1170.0,1861.0,2069.4,2.323,0,0,27,25,-9.0,0.359,5,2017-10-03 06:00:03.000
865,15.136283,-95.028296,-32.298,2601.2,-4610.4,-1659.2,2396.6,1991.0,3256.7,1.326,0,0,14,3,-9.0,0.388,14,2017-10-03 06:14:13.470
866,15.001396,-94.282438,-13.007,69747.9,-97856.1,-8050.6,742.5,729.4,862.7,3.149,0,0,7,5,-9.0,0.155,1,2017-10-03 06:54:37.870
867,15.44229,-94.139209,-53.142,-3139.6,-178.2,2351.6,2647.6,3432.8,3598.0,2.394,0,0,2,3,-9.0,0.461,24,2017-10-03 07:26:23.040
868,15.522295,-94.651156,-38.655,30137.7,-40215.0,17597.5,227.0,791.3,2396.7,2.981,0,0,329,280,-9.0,0.168,1,2017-10-03 07:28:52.480
869,16.177577,-95.084489,-25.725,-16285.2,32296.4,4667.7,706.6,1123.1,817.4,1.512,0,0,19,12,-9.0,0.195,1,2017-10-03 07:44:28.370
870,15.220907,-94.428866,-24.901,54004.4,-73565.7,3843.6,561.4,923.1,812.9,1.815,0,0,130,15,-9.0,0.227,1,2017-10-03 08:07:49.590
871,15.80919,-95.069556,-45.115,-14700.7,-8468.1,24057.2,537.2,1048.9,1229.9,1.726,0,0,23,13,-9.0,0.165,1,2017-10-03 08:26:55.350
872,15.959766,-95.217041,-16.274,-30487.4,8194.1,-4783.5,586.7,673.1,717.4,1.688,0,0,57,54,-9.0,0.147,1,2017-10-03 09:23:43.440
873,15.320652,-94.428483,-31.423,54031.9,-62528.1,10365.4,346.5,646.1,822.7,2.11,0,0,52,39,-9.0,0.15,1,2017-10-03 10:29:48.050
874,16.097233,-97.522184,-9.771,5857.2,-1988.4,-717.4,329.1,359.3,502.1,1.215,0,0,16,16,-9.0,0.123,7,2017-10-03 11:24:40.810
875,15.219404,-94.544906,-23.858,41556.5,-73731.9,2800.0,346.8,457.8,555.3,1.906,0,0,91,60,-9.0,0.217,1,2017-10-03 11:41:35.360
876,15.61987,-94.722013,-54.762,22537.4,-29417.6,33704.9,298.8,777.7,1051.9,1.889,0,0,23,41,-9.0,0.158,1,2017-10-03 12:18:30.840
877,16.45722,-95.04384,-3.981,-11926.6,63240.9,-17076.8,375.7,595.0,560.0,2.149,0,0,83,67,-9.0,0.222,1,2017-10-03 13:10:09.100
878,16.119744,-94.939152,-15.233,-731.9,25896.8,-5824.5,658.8,1291.4,981.4,2.282,0,0,10,9,-9.0,0.243,1,2017-10-03 15:31:30.300
879,16.381632,-95.157495,-14.632,-24086.3,54876.6,-6425.4,422.7,684.8,473.7,1.921,0,0,358,149,-9.0,0.232,1,2017-10-03 17:56:06.720
880,16.413762,-95.099699,-13.126,-17902.3,58431.9,-7931.1,499.9,721.9,580.5,2.665,0,0,385,137,-9.0,0.227,1,2017-10-03 18:16:07.280
881,16.0836,-94.987622,-6.754,-5920.1,21897.2,-14303.7,531.2,740.4,942.0,1.792,0,0,22,34,-9.0,0.295,1,2017-10-03 19:22:54.280
882,16.393777,-95.090902,-13.725,-16962.3,56220.5,-7332.0,463.1,761.0,470.0,2.104,0,0,158,173,-9.0,0.17,1,2017-10-03 19:40:38.800
883,16.130921,-95.100155,-13.675,-17963.6,27133.7,-7382.3,477.2,602.9,548.4,1.891,0,0,64,100,-9.0,0.193,1,2017-10-03 20:04:16.640
884,15.281227,-94.641764,-42.096,31162.2,-66890.8,21038.8,275.4,802.0,1881.2,1.945,0,0,242,221,-9.0,0.192,1,2017-10-03 21:01:10.660
885,16.520112,-95.043945,-3.592,-11935.8,70200.2,-17465.4,268.4,313.1,398.1,2.171,0,0,276,261,-9.0,0.174,1,2017-10-03 21:02:29.200
886,15.653205,-94.882129,-32.093,5377.9,-25728.8,11035.4,547.0,974.8,960.2,2.17,0,0,153,132,-9.0,0.244,1,2017-10-03 21:55:03.240
887,15.363118,-94.641862,-53.509,31145.8,-57828.9,32451.5,331.7,452.6,913.4,3.15,0,0,402,297,-9.0,0.235,1,2017-10-03 22:02:27.180
888,15.415294,-95.11722,-42.513,-19824.8,-52055.4,21455.7,661.0,1647.5,5538.0,2.5,0,0,6,5,-9.0,0.125,1,2017-10-03 23:33:39.680
889,15.448741,-94.710734,-30.745,23755.7,-48354.3,9687.9,310.4,416.6,498.6,1.981,0,0,316,286,-9.0,0.194,1,2017-10-03 23:55:44.860
890,15.529315,-94.86866,-30.543,6823.4,-39438.2,9485.2,828.2,1759.8,1466.8,2.501,0,0,21,12,-9.0,0.196,1,2017-10-04 00:02:11.290
891,15.702731,-94.831991,-38.661,10748.8,-20248.5,17603.6,792.8,826.8,1901.4,2.501,0,0,110,96,-9.0,0.261,1,2017-10-04 00:02:12.010
892,16.22443,-95.041162,-23.299,-11647.5,37481.1,2241.5,724.5,1034.4,756.2,1.797,0,0,18,22,-9.0,0.211,1,2017-10-04 00:19:43.820
893,16.431929,-95.1795,-12.084,-26436.5,60442.2,-8973.8,623.0,676.8,604.2,2.558,0,0,321,265,-9.0,0.247,1,2017-10-04 01:04:28.470
894,15.449257,-94.612052,-27.298,34335.5,-48297.1,6240.0,328.5,397.0,625.2,1.922,0,0,244,127,-9.0,0.153,1,2017-10-04 02:39:42.630
895,16.460119,-95.551652,-0.087,-1257.9,667.7,-1708.3,3264.6,3024.5,2670.4,1.42,0,0,33,33,-9.0,0.612,3,2017-10-04 02:44:06.690
896,15.466885,-94.747965,-19.545,19763.3,-46346.5,-1512.6,347.2,422.4,685.4,1.807,0,0,132,116,-9.0,0.171,1,2017-10-04 02:52:13.410
897,15.645723,-94.862492,-46.889,7482.0,-26556.8,25831.8,351.3,554.3,800.3,1.641,0,0,64,42,-9.0,0.158,1,2017-10-04 03:03:06.700
898,16.10228,-97.580697,-9.748,-402.5,-1430.0,-740.9,157.1,217.6,262.4,1.372,0,0,27,31,-9.0,0.15,7,2017-10-04 03:28:39.480
899,16.179347,-95.278678,-13.072,-37067.1,32492.2,-7985.7,602.4,830.6,696.3,1.256,0,0,27,31,-9.0,0.146,1,2017-10-04 03:48:32.730
900,16.425538,-95.133659,-3.3,-21533.8,59735.0,-17758.0,437.3,545.2,444.6,2.206,0,0,389,159,-9.0,0.253,1,2017-10-04 04:00:29.150
901,16.463774,-95.368522,-57.665,-787.3,-4855.6,675.1,5232.3,9870.6,11033.1,2.21,0,0,5,0,-9.0,1.672,33,2017-10-04 04:31:40.170
902,15.747751,-94.84314,-62.941,9553.2,-15266.7,41883.7,288.8,629.5,777.3,1.869,0,0,63,62,-9.0,0.184,1,2017-10-04 04:55:36.800
903,16.129112,-95.020988,-16.845,-9490.6,26933.4,-4212.8,425.4,598.9,418.1,1.715,0,0,72,62,-9.0,0.256,1,2017-10-04 05:00:33.580
904,15.855752,-95.270972,-9.532,-36271.4,-3315.8,-11525.8,386.8,468.0,1024.3,2.284,0,0,67,54,-9.0,0.175,1,2017-10-04 05:40:00.040
905,16.370618,-95.144897,-13.126,-22739.2,53657.7,-7931.7,419.5,741.4,580.1,1.254,0,0,96,243,-9.0,0.216,1,2017-10-04 05:51:04.480
906,15.450427,-94.716602,-33.215,23126.3,-48167.6,12157.4,280.3,380.9,921.9,1.956,0,0,291,325,-9.0,0.155,1,2017-10-04 06:05:04.690
907,16.105126,-95.021419,-10.414,-9537.4,24279.3,-10643.1,505.9,827.4,738.8,1.228,0,0,81,84,-9.0,0.197,1,2017-10-04 06:29:04.780
908,14.943791,-94.171606,-33.735,81653.6,-104230.4,12677.2,518.4,616.9,1351.8,2.081,0,0,34,13,-9.0,0.137,1,2017-10-04 06:30:46.910
909,15.647864,-94.695036,-28.691,25426.5,-26319.9,7633.7,424.2,2039.7,923.3,1.856,0,0,257,203,-9.0,0.196,1,2017-10-04 07:11:14.560
910,14.754349,-94.42535,-23.689,-1683.8,7916.4,-4400.7,1539.4,1639.0,2082.3,3.164,0,0,6,2,-9.0,0.315,11,2017-10-04 07:34:07.280
911,16.064582,-94.910628,-36.754,2321.6,19792.8,15696.0,1008.5,1264.4,1618.6,1.678,0,0,4,6,-9.0,0.206,1,2017-10-04 07:39:15.330
912,15.535795,-94.845972,-32.395,9254.9,-38721.1,11337.8,469.4,758.7,972.6,1.839,0,0,217,223,-9.0,0.159,1,2017-10-04 07:43:00.640
913,16.235659,-94.929557,-14.652,295.0,38723.6,-6405.2,990.3,1386.0,847.5,1.708,0,0,2,3,-9.0,0.172,1,2017-10-04 07:51:23.530
914,15.270935,-94.354004,-27.532,62026.8,-68029.6,6474.8,447.5,859.9,1207.1,2.144,0,0,36,25,-9.0,0.149,1,2017-10-04 08:31:23.580
915,15.137138,-94.421143,-29.857,54843.6,-82835.3,8799.5,585.0,676.7,930.5,2.129,0,0,52,28,-9.0,0.189,1,2017-10-04 09:22:19.310
916,16.570778,-95.15992,-24.687,-24334.0,75806.8,3629.2,1044.2,697.3,1082.7,1.55,0,0,1,2,-9.0,0.005,1,2017-10-04 09:28:31.170
917,16.416283,-95.109627,-7.566,-18964.0,58710.9,-13491.1,439.9,561.5,432.8,2.063,0,0,432,380,-9.0,0.275,1,2017-10-04 09:30:30.010
918,14.699787,-94.428247,-37.78,-1995.9,1879.6,9689.8,1877.4,1962.2,5883.0,2.386,0,0,8,1,-9.0,0.313,11,2017-10-04 12:27:23.680
919,15.60192,-94.957243,-47.528,-2671.7,-31404.0,26470.3,751.6,1513.2,2885.2,3.739,0,0,19,5,-9.0,0.18,1,2017-10-04 15:17:52.050
920,15.804239,-94.934448,-43.427,-228.0,-9016.0,22370.0,345.3,579.4,689.5,3.739,0,0,72,75,-9.0,0.175,1,2017-10-04 15:17:52.730
921,16.374479,-95.055794,-11.729,-13208.3,54085.0,-9328.1,545.0,807.0,664.1,1.826,0,0,88,115,-9.0,0.229,1,2017-10-04 17:25:52.940
922,15.233671,-94.560799,-29.078,39850.7,-72153.2,8020.7,298.9,405.8,569.2,2.584,0,0,186,125,-9.0,0.217,1,2017-10-04 18:33:38.480
923,16.518744,-95.15201,-13.728,-23491.7,70048.8,-7329.4,402.5,612.3,674.9,3.058,0,0,300,204,-9.0,0.242,1,2017-10-04 18:45:21.720
924,15.833294,-95.148356,-69.861,-23139.6,-5800.8,48803.8,903.8,1470.7,1185.0,1.885,0,0,5,9,-9.0,0.266,1,2017-10-04 18:53:36.800
925,15.25305,-94.668831,-11.311,28261.0,-70008.8,-9746.2,615.1,1315.7,952.3,2.71,0,0,30,0,-9.0,0.12,1,2017-10-04 19:02:02.040
926,16.384615,-95.139673,-12.28,-22179.6,55206.6,-8777.7,401.3,706.5,614.4,2.263,0,0,483,332,-9.0,0.241,1,2017-10-04 19:09:50.520
927,15.550329,-94.793188,-37.268,14912.4,-37112.9,16210.1,248.9,399.9,1559.8,3.347,0,0,240,220,-9.0,0.174,1,2017-10-04 21:05:39.840
928,15.438601,-94.667147,-34.897,28429.2,-49476.3,13839.9,363.5,407.4,1003.8,2.168,0,0,420,313,-9.0,0.164,1,2017-10-04 21:32:27.660
929,15.411458,-95.114998,-33.609,-19586.9,-52479.8,12551.9,877.0,1662.4,2210.5,2.204,0,0,10,9,-9.0,0.116,1,2017-10-04 22:21:46.840
930,16.342657,-95.080273,-16.77,-15827.4,50563.8,-4287.9,1048.2,964.3,738.3,2.792,0,0,33,39,-9.0,0.22,1,2017-10-04 22:21:48.900
931,16.162681,-95.053239,-11.173,-12941.6,30648.1,-9884.1,564.4,555.7,531.6,1.889,0,0,38,91,-9.0,0.24,1,2017-10-04 23:34:51.500
932,15.497568,-94.782316,-33.11,16079.8,-42951.2,12052.6,259.6,393.2,626.4,2.923,0,0,407,214,-9.0,0.161,1,2017-10-05 00:30:40.500
933,16.132317,-95.304956,-1.733,-39884.0,27288.2,-19324.3,470.7,579.6,468.3,1.812,0,0,56,61,-9.0,0.21,1,2017-10-05 02:04:14.550
934,15.390323,-94.689274,-24.289,26059.8,-54818.6,3231.0,252.9,387.3,625.9,2.363,0,0,333,234,-9.0,0.172,1,2017-10-05 02:39:57.070
935,16.011789,-95.329012,-30.002,-964.3,5725.2,1.8,14500.8,22917.4,16825.5,2.14,0,0,6,2,-9.0,0.836,20,2017-10-05 03:28:55.920
936,16.45273,-95.075334,-6.256,-15294.6,62744.0,-14801.7,364.5,517.1,484.3,2.499,0,0,373,342,-9.0,0.22,1,2017-10-05 03:36:41.250
937,15.600346,-94.822144,-68.479,11807.1,-31578.1,47421.6,300.9,907.9,1147.6,2.442,0,0,60,48,-9.0,0.191,1,2017-10-05 03:41:44.710
938,15.059255,-93.582145,-30.461,22263.8,-7047.0,-611.4,883.0,642.8,1223.9,1.79,0,0,41,51,-9.0,0.211,2,2017-10-05 04:54:24.400
939,15.299373,-94.652067,-40.195,30056.5,-64882.8,19137.4,311.0,872.3,2002.8,2.348,0,0,207,147,-9.0,0.188,1,2017-10-05 05:52:11.150
940,15.13329,-94.647355,-31.859,30573.7,-83261.1,10802.4,806.0,1212.1,1572.0,1.903,0,0,31,10,-9.0,0.167,1,2017-10-05 06:23:00.330
941,16.518284,-95.226302,-1.228,-31435.3,69998.0,-19829.1,325.9,346.0,547.1,1.605,0,0,191,112,-9.0,0.136,1,2017-10-05 06:37:22.550
942,16.479336,-95.097201,-4.679,-17632.2,65688.1,-16378.2,283.7,317.8,462.2,1.893,0,0,448,332,-9.0,0.17,1,2017-10-05 07:38:20.480
943,15.569951,-94.762606,-53.569,18189.3,-34941.5,32511.0,372.4,560.0,907.5,1.406,0,0,69,55,-9.0,0.214,1,2017-10-05 07:44:55.920
944,15.017435,-94.280916,-27.868,69908.2,-96081.2,6810.6,507.2,503.3,914.0,2.111,0,0,48,31,-9.0,0.22,1,2017-10-05 07:58:34.650
945,15.162041,-94.64812,-26.51,30489.7,-80079.5,5452.2,676.4,944.9,1217.6,1.723,0,0,20,6,-9.0,0.178,1,2017-10-05 08:18:19.230
946,15.286685,-94.640218,-26.626,31327.6,-66286.8,5568.2,339.3,559.3,689.5,1.901,0,0,168,216,-9.0,0.194,1,2017-10-05 08:37:49.680
947,15.864335,-95.097453,-50.058,-17686.0,-2365.9,29000.1,462.1,819.0,852.2,2.411,0,0,74,40,-9.0,0.209,1,2017-10-05 08:44:32.340
948,15.518876,-94.948071,-33.471,-1688.6,-40593.3,12413.3,527.1,771.6,1507.9,2.49,0,0,53,36,-9.0,0.162,1,2017-10-05 08:51:17.490
949,16.414294,-95.161442,-9.475,-24506.4,58490.9,-11582.7,625.5,659.8,619.8,1.687,0,0,567,329,-9.0,0.254,1,2017-10-05 09:01:27.270
950,16.249989,-95.059277,-27.811,-13584.5,40309.3,6753.8,932.1,1166.9,973.6,1.54,0,0,6,10,-9.0,0.204,1,2017-10-05 09:04:06.590
951,16.521861,-95.107381,-5.129,-18719.0,70393.8,-15929.0,266.1,386.2,422.2,1.686,0,0,329,290,-9.0,0.2,1,2017-10-05 09:29:25.100
952,16.342524,-95.072054,-13.261,-14948.6,50548.9,-7796.3,509.4,958.8,654.3,1.525,0,0,59,48,-9.0,0.257,1,2017-10-05 10:08:22.540
953,15.049675,-93.627848,-27.748,17350.6,-8107.0,-3324.2,793.7,887.0,1710.5,2.191,0,0,52,50,-9.0,0.251,2,2017-10-05 10:09:24.980
954,16.422838,-95.119645,-10.243,-20035.2,59436.3,-10814.6,670.6,723.6,670.4,1.96,0,0,335,317,-9.0,0.256,1,2017-10-05 10:32:04.180
955,15.561258,-94.984977,-35.015,-5644.4,-35903.5,13957.3,522.1,614.9,1173.3,2.007,0,0,33,34,-9.0,0.128,1,2017-10-05 10:41:32.980
956,15.532031,-94.750887,-26.03,19446.6,-39137.6,4972.7,644.3,866.7,5196.8,1.825,0,0,298,189,-9.0,0.161,1,2017-10-05 11:48:22.800
957,15.695584,-94.909334,-57.265,2462.8,-21039.4,36207.6,283.6,595.2,794.2,2.399,0,0,78,85,-9.0,0.168,1,2017-10-05 12:29:44.570
958,15.809411,-95.068514,-45.93,-14589.2,-8443.7,24872.4,433.8,888.7,1085.8,3.07,0,0,74,35,-9.0,0.174,1,2017-10-05 12:34:23.880
959,16.44233,-95.138021,-7.041,-21999.9,61593.2,-14016.1,344.5,400.8,497.6,2.249,0,0,466,339,-9.0,0.235,1,2017-10-05 13:21:54.400
960,15.467562,-94.658618,-31.228,29341.2,-46271.6,10170.9,271.5,508.4,747.5,2.405,0,0,384,289,-9.0,0.174,1,2017-10-05 13:58:06.070
961,15.414733,-94.790837,-20.429,15168.8,-52117.4,-628.9,791.4,918.8,1252.2,2.421,0,0,39,29,-9.0,0.18,1,2017-10-05 14:16:10.360
962,15.293599,-94.628597,-35.471,32573.6,-65521.7,14413.0,725.2,916.8,2280.0,2.193,0,0,279,134,-9.0,0.263,1,2017-10-05 16:01:16.580
963,15.891907,-95.020597,-50.994,-9454.6,685.1,29936.9,485.9,865.7,695.5,2.28,0,0,41,35,-9.0,0.187,1,2017-10-05 16:30:40.980
964,15.880289,-95.091667,-49.769,-17065.6,-600.5,28713.0,396.6,877.9,815.1,2.734,0,0,66,44,-9.0,0.213,1,2017-10-05 17:38:13.200
965,15.717928,-94.848372,-52.081,8993.8,-18566.9,31023.7,476.3,709.4,798.3,3.072,0,0,84,62,-9.0,0.179,1,2017-10-05 18:22:15.300
966,15.486871,-94.845662,-29.945,9289.2,-44134.8,8887.0,913.4,1144.8,1091.3,2.616,0,0,190,83,-9.0,0.238,1,2017-10-05 20:56:27.760
967,16.385942,-95.583008,-0.012,-4607.2,-7540.8,-1783.5,1545.3,3476.2,962.8,2.124,0,0,40,36,-9.0,0.53,3,2017-10-05 21:30:43.960
968,16.45977,-95.188949,-7.959,-27445.2,63523.0,-13098.3,426.9,351.7,400.6,2.057,0,0,305,421,-9.0,0.227,1,2017-10-05 21:39:25.800
969,16.325438,-95.143693,-27.39,-22612.8,48658.4,6332.9,732.0,875.0,724.1,2.041,0,0,31,36,-9.0,0.199,1,2017-10-05 22:15:54.320
970,15.389968,-94.73728,-27.592,20912.9,-54857.8,6534.3,327.9,508.0,594.6,2.133,0,0,494,316,-9.0,0.185,1,2017-10-05 22:17:58.580
971,15.578279,-94.858797,-29.955,7879.3,-34020.0,8897.9,387.1,543.8,762.6,2.22,0,0,226,170,-9.0,0.169,1,2017-10-05 22:22:28.640
972,15.627549,-94.928149,-45.644,446.2,-28567.8,24586.5,520.0,845.8,1014.4,2.471,0,0,123,116,-9.0,0.197,1,2017-10-05 22:40:01.080
973,15.492625,-94.781771,-27.964,16138.0,-43498.2,6906.4,427.6,423.2,613.4,2.116,0,0,279,215,-9.0,0.157,1,2017-10-05 23:03:25.040
974,15.969637,-95.323535,-7.868,-41888.6,9286.5,-13189.3,471.4,818.8,1068.1,1.704,0,0,45,50,-9.0,0.196,1,2017-10-05 23:15:15.860
975,15.806166,-94.866073,-63.129,7096.1,-8802.7,42071.3,373.4,665.0,823.8,2.375,0,0,30,36,-9.0,0.202,1,2017-10-06 02:23:08.800
976,15.684968,-94.890723,-58.534,4456.6,-22214.1,37476.5,329.7,669.4,971.2,1.727,0,0,46,64,-9.0,0.192,1,2017-10-06 02:35:33.870
977,15.559412,-94.79008,-41.558,15244.6,-36107.8,20500.4,332.9,696.3,1501.8,2.129,0,0,286,282,-9.0,0.189,1,2017-10-06 02:38:25.790
978,16.478483,-95.148714,-11.065,-23141.2,65593.7,-9992.8,288.6,362.1,427.8,1.22,0,0,292,240,-9.0,0.14,1,2017-10-06 03:14:51.970
979,15.493694,-94.812028,-42.293,12894.5,-43379.9,21235.2,234.6,434.1,949.6,2.259,0,0,440,351,-9.0,0.158,1,2017-10-06 03:16:43.220
980,15.828121,-95.312174,-13.042,-40686.5,-6373.2,-8015.9,534.7,795.5,1484.5,1.888,0,0,8,12,-9.0,0.131,1,2017-10-06 03:27:22.530
981,16.488966,-95.099064,-6.335,-17830.9,66753.7,-14722.7,318.4,592.9,731.7,1.437,0,0,343,339,-9.0,0.161,1,2017-10-06 04:00:37.490
982,15.542601,-94.78737,-62.42,15536.2,-37968.1,41362.1,245.7,774.4,977.1,2.497,0,0,90,53,-9.0,0.178,1,2017-10-06 04:21:17.470
983,15.524128,-94.785994,-52.421,15683.8,-40012.1,31364.0,376.3,417.2,857.2,1.724,0,0,351,217,-9.0,0.136,1,2017-10-06 04:44:55.380
984,16.345305,-95.192847,-16.1,-27869.6,50856.7,-4957.6,562.0,978.4,760.3,1.635,0,0,77,239,-9.0,0.205,1,2017-10-06 05:03:01.610
985,15.560452,-94.668018,-48.994,28327.2,-35992.6,27936.7,332.4,463.4,888.7,1.871,0,0,241,124,-9.0,0.178,1,2017-10-06 05:05:16.860
986,16.45999,-95.188745,-6.655,-27423.1,63547.4,-14402.7,334.3,416.3,670.2,1.474,0,0,204,427,-9.0,0.22,1,2017-10-06 05:21:11.020
987,16.456731,-95.126855,-1.527,-20804.7,63186.8,-19531.0,338.0,457.5,379.2,1.771,0,0,448,306,-9.0,0.186,1,2017-10-06 05:43:59.440
988,16.456882,-95.231567,-12.913,-32002.9,63203.4,-8144.9,495.2,609.5,633.6,2.882,0,0,257,336,-9.0,0.261,1,2017-10-06 05:50:48.850
989,15.614256,-94.799235,-59.12,14262.2,-30038.9,38062.8,278.8,766.0,958.8,2.485,0,0,101,83,-9.0,0.208,1,2017-10-06 05:57:36.490
990,16.445955,-95.095044,-6.731,-17402.9,61994.3,-14326.7,378.3,526.9,463.4,2.963,0,0,589,429,-9.0,0.242,1,2017-10-06 06:10:51.590
991,16.298506,-94.324536,-18.141,-2542.7,-11375.7,1389.3,9322.4,18721.8,13453.8,0.932,0,0,3,3,-9.0,0.805,10,2017-10-06 06:26:50.830
992,16.513213,-95.092383,-5.033,-17115.9,69436.9,-16024.0,267.3,327.7,418.1,1.75,0,0,358,466,-9.0,0.143,1,2017-10-06 06:29:17.460
993,15.553688,-94.967293,-34.904,-3748.9,-36741.1,13846.0,534.9,669.0,1194.3,1.688,0,0,94,97,-9.0,0.197,1,2017-10-06 06:33:52.730
994,15.814244,-95.294816,-19.485,-38828.4,-7908.9,-1572.8,773.2,1385.5,967.1,1.285,0,0,3,0,-9.0,0.003,1,2017-10-06 06:40:30.350
995,15.557275,-94.783854,-47.915,15912.3,-36344.1,26857.1,241.7,430.9,713.1,1.421,0,0,300,301,-9.0,0.201,1,2017-10-06 06:41:50.210
996,16.026696,-95.065568,-24.958,-14265.8,15600.4,3900.6,705.6,908.2,1134.7,1.842,0,0,20,16,-9.0,0.153,1,2017-10-06 06:42:21.260
997,15.409353,-94.701888,-51.398,24706.0,-52712.8,30340.4,344.5,613.1,1060.2,1.766,0,0,490,267,-9.0,0.198,1,2017-10-06 06:48:43.410
998,15.925595,-95.045972,-54.556,-12170.6,4413.0,33498.7,400.5,627.3,792.7,2.578,0,0,43,47,-9.0,0.217,1,2017-10-06 07:01:39.170
999,16.488778,-95.285376,-2.406,-37754.5,66733.0,-18651.4,296.3,408.9,562.1,1.763,0,0,191,145,-9.0,0.156,1,2017-10-06 07:08:10.170
1000,16.375247,-95.210441,-25.163,-29749.7,54170.0,4105.7,518.5,766.0,763.4,1.665,0,0,24,92,-9.0,0.236,1,2017-10-06 07:15:30.730
1001,15.681429,-93.664616,-96.061,3828.1,10277.3,7463.8,5757.4,3008.7,3784.6,1.613,0,0,3,4,-9.0,0.298,9,2017-10-06 07:21:52.800
1002,16.080724,-95.136792,-12.907,-21888.3,21579.0,-8150.7,381.3,523.5,611.5,1.924,0,0,64,180,-9.0,0.216,1,2017-10-06 07:26:00.080
1003,15.479278,-94.768734,-48.851,17536.4,-44975.1,27793.9,337.9,335.5,588.8,2.027,0,0,411,378,-9.0,0.172,1,2017-10-06 07:50:53.890
1004,15.312767,-94.636637,-20.933,31710.0,-63400.7,-124.6,373.2,430.3,610.4,2.037,0,0,362,257,-9.0,0.221,1,2017-10-06 08:15:24.530
1005,15.300854,-94.638249,-14.221,31538.2,-64718.8,-6836.2,512.0,548.8,717.0,1.508,0,0,77,97,-9.0,0.207,1,2017-10-06 08:18:11.320
1006,15.584068,-94.840283,-46.434,9863.6,-33379.4,25376.8,306.3,526.2,966.2,1.67,0,0,253,214,-9.0,0.158,1,2017-10-06 08:18:55.430
1007,16.506357,-95.074561,-4.154,-15210.0,68678.2,-16903.9,256.6,325.4,452.5,1.788,0,0,299,395,-9.0,0.128,1,2017-10-06 08:19:30.360
1008,16.207454,-95.382202,-24.267,-48142.8,35602.6,3210.0,607.5,901.0,554.1,1.889,0,0,74,76,-9.0,0.163,1,2017-10-06 08:25:45.710
1009,15.099726,-94.381771,-30.198,59072.9,-86975.0,9140.7,349.2,281.8,403.7,1.902,0,0,312,93,-9.0,0.197,1,2017-10-06 08:38:50.140
1010,15.197902,-94.404305,-25.563,56641.7,-76111.2,4505.0,638.3,794.2,1099.2,2.313,0,0,104,9,-9.0,0.224,1,2017-10-06 08:43:47.860
1011,15.417789,-93.996989,-23.394,-229.9,-1088.5,-3286.4,1957.9,1587.0,3850.3,2.749,0,0,17,20,-9.0,0.401,15,2017-10-06 08:46:29.200
1012,16.243242,-95.374064,-17.335,-47267.7,39562.7,-3722.2,655.9,1012.7,588.5,2.239,0,0,98,106,-9.0,0.236,1,2017-10-06 12:18:01.130
1013,16.204081,-95.191602,-6.895,-27746.3,35229.3,-14162.2,346.9,602.1,453.1,1.651,0,0,258,319,-9.0,0.208,1,2017-10-06 12:21:21.190
1014,15.528814,-94.73654,-40.62,20984.9,-39493.7,19562.3,330.4,835.5,2010.2,2.054,0,0,256,256,-9.0,0.154,1,2017-10-06 12:33:42.360
1015,15.334393,-94.65813,-53.516,29403.6,-61007.6,32459.0,467.3,486.2,867.8,2.252,0,0,195,102,-9.0,0.204,1,2017-10-06 12:35:54.050
1016,15.169324,-93.805664,-35.088,-1764.7,5132.0,4016.2,480.5,947.7,2709.2,2.272,0,0,95,103,-9.0,0.258,2,2017-10-06 12:38:27.090
1017,16.516479,-95.13326,-9.008,-21486.2,69798.3,-12049.8,255.1,536.7,533.0,1.776,0,0,177,330,-9.0,0.148,1,2017-10-06 12:59:54.600
1018,15.878632,-94.862451,-58.493,7482.7,-783.9,37435.9,915.5,1425.9,1422.9,2.46,0,0,15,12,-9.0,0.231,1,2017-10-06 13:31:17.940
1019,15.103638,-93.59279,-36.691,21117.3,-2136.2,5619.0,1167.9,872.6,2348.4,2.351,0,0,22,28,-9.0,0.192,2,2017-10-06 13:34:20.520
1020,16.185993,-95.003727,-6.476,-7642.0,33227.8,-14581.9,398.9,901.6,777.7,1.934,0,0,48,82,-9.0,0.245,1,2017-10-06 15:29:33.590
1021,15.090414,-93.816504,-40.272,-2930.9,-3599.2,9199.6,1018.8,917.3,1696.9,2.82,0,0,122,115,-9.0,0.244,2,2017-10-06 15:31:23.810
1022,15.502422,-94.779915,-46.541,16336.8,-42414.0,25483.4,346.6,439.0,758.8,2.335,0,0,301,299,-9.0,0.163,1,2017-10-06 16:38:58.560
1023,15.562358,-94.965047,-41.447,-3508.2,-35781.8,20389.1,483.6,581.7,1214.2,2.221,0,0,25,30,-9.0,0.176,1,2017-10-06 17:06:06.880
1024,15.341461,-94.663802,-27.581,28795.0,-60225.5,6523.5,278.8,311.2,593.1,2.938,0,0,605,420,-9.0,0.191,1,2017-10-06 18:21:01.180
1025,16.479776,-95.429574,-0.079,11778.4,2843.1,-1716.2,2327.1,3348.4,2425.9,1.573,0,0,36,22,-9.0,0.451,3,2017-10-06 18:50:27.720
1026,15.214846,-94.558789,-21.05,40068.4,-74236.4,-7.1,339.1,422.0,592.6,2.786,0,0,145,79,-9.0,0.214,1,2017-10-06 18:51:06.320
1027,15.408609,-94.701961,-43.057,24699.0,-52795.1,21999.6,289.7,402.8,830.2,2.864,0,0,683,516,-9.0,0.211,1,2017-10-06 18:58:07.480
1028,15.604164,-94.889258,-31.529,4614.2,-31155.7,10471.8,384.7,616.3,742.4,2.371,0,0,80,136,-9.0,0.183,1,2017-10-06 19:06:22.780
1029,15.064303,-94.223429,-32.797,76069.0,-90895.0,11739.7,420.8,553.0,1010.7,3.055,0,0,95,79,-9.0,0.214,1,2017-10-06 19:39:28.560
1030,14.978265,-94.234082,-37.085,74942.0,-100415.5,16027.2,601.6,520.4,3162.9,2.297,0,0,25,31,-9.0,0.196,1,2017-10-06 20:13:26.200
1031,15.995429,-95.20179,-13.103,-28851.7,12140.6,-7954.2,262.9,392.7,516.9,2.673,0,0,284,353,-9.0,0.148,1,2017-10-06 21:08:03.220
1032,16.28432,-95.390934,-15.967,-49067.1,44108.3,-5090.9,334.6,562.4,439.2,2.483,0,0,78,76,-9.0,0.196,1,2017-10-06 21:27:01.240
1033,15.724817,-94.744564,-56.108,20115.6,-17804.5,35050.1,687.3,983.5,1027.8,2.184,0,0,7,10,-9.0,0.12,1,2017-10-06 21:39:05.280
1034,15.880154,-95.024927,-2.338,-9917.9,-615.4,-18719.2,535.6,1032.3,585.0,2.068,0,0,5,3,-9.0,0.207,1,2017-10-06 21:49:25.080
1035,14.94139,-94.292187,-50.921,68710.8,-104496.0,29863.7,1382.5,1055.0,2377.4,3.377,0,0,43,22,-9.0,0.167,1,2017-10-06 22:25:56.520
1036,15.45723,-94.76106,-50.816,18359.7,-47414.9,29758.3,253.2,395.5,732.1,2.61,0,0,392,352,-9.0,0.171,1,2017-10-07 01:17:13.590
1037,16.446402,-95.170174,-11.69,-25437.9,62043.7,-9367.8,401.1,327.4,513.4,1.733,0,0,235,450,-9.0,0.249,1,2017-10-07 02:04:08.030
1038,15.975514,-95.270174,-14.815,-36174.8,9936.7,-6241.5,514.4,656.9,629.4,1.729,0,0,92,102,-9.0,0.14,1,2017-10-07 02:18:12.310
1039,16.363132,-95.08396,-11.596,-16221.1,52829.3,-9461.8,475.0,746.9,486.2,1.884,0,0,200,209,-9.0,0.196,1,2017-10-07 02:25:54.320
1040,15.54624,-94.762191,-33.799,18235.1,-37565.3,12741.0,495.7,486.9,1522.0,2.081,0,0,407,448,-9.0,0.156,1,2017-10-07 03:44:08.150
1041,15.540277,-94.950741,-33.038,-1975.1,-38225.2,11980.5,597.7,1007.1,2940.2,1.808,0,0,102,96,-9.0,0.224,1,2017-10-07 03:55:48.450
1042,15.138305,-93.84646,-40.519,-6150.0,1699.8,9447.3,842.8,579.1,1963.9,2.27,0,0,103,105,-9.0,0.223,2,2017-10-07 04:07:41.320
1043,15.303447,-94.436222,-42.208,53204.2,-64431.9,21150.1,521.3,583.5,1445.5,1.801,0,0,57,67,-9.0,0.218,1,2017-10-07 04:38:07.310
1044,16.300135,-95.245304,-23.008,-33485.2,45858.4,1950.2,533.2,659.5,614.3,1.873,0,0,40,58,-9.0,0.235,1,2017-10-07 04:41:58.450
1045,16.288999,-95.421639,-23.67,-52352.1,44626.1,2612.5,479.0,659.3,643.5,2.831,0,0,72,86,-9.0,0.176,1,2017-10-07 05:00:35.050
1046,16.105576,-94.990365,-4.705,-6213.6,24329.0,-16352.7,469.5,592.8,603.0,1.431,0,0,69,70,-9.0,0.201,1,2017-10-07 05:11:22.760
1047,16.463853,-95.102743,-3.621,-18226.1,63974.8,-17436.3,284.2,362.8,359.3,1.767,0,0,421,521,-9.0,0.181,1,2017-10-07 05:15:12.300
1048,16.344754,-98.278646,-18.706,-2765.4,-285.5,-1380.6,4176.3,4696.8,4751.7,1.401,0,0,7,9,-9.0,0.755,18,2017-10-07 05:16:23.240
1049,16.32511,-94.939909,-10.868,-812.4,48622.0,-10189.9,344.9,851.4,859.6,1.449,0,0,13,15,-9.0,0.086,1,2017-10-07 05:19:53.380
1050,16.200699,-95.536336,-23.061,-64637.8,34855.0,2003.2,1871.8,1104.6,2494.2,1.74,0,0,5,4,-9.0,0.171,1,2017-10-07 05:25:33.630
1051,15.349069,-94.672746,-24.924,27834.6,-59383.6,3866.5,308.5,336.4,619.3,2.075,0,0,548,370,-9.0,0.191,1,2017-10-07 06:42:24.730
1052,15.142939,-93.839535,-32.575,-5405.6,2212.5,1502.4,1121.4,653.3,947.4,1.81,0,0,100,122,-9.0,0.208,2,2017-10-07 07:06:43.510
1053,16.287287,-95.43374,-23.369,-53646.9,44436.6,2311.9,502.5,788.8,884.3,1.667,0,0,30,40,-9.0,0.212,1,2017-10-07 07:07:11.350
1054,15.035202,-93.59633,-30.365,20740.5,-9708.5,-707.2,996.8,616.9,962.0,1.778,0,0,49,49,-9.0,0.199,2,2017-10-07 07:11:45.870
1055,16.05186,-95.367497,-7.838,-46586.5,18385.0,-13219.0,722.9,1001.8,1506.6,1.654,0,0,20,13,-9.0,0.259,1,2017-10-07 07:12:43.070
1056,15.464081,-94.665308,-30.165,28624.8,-46656.8,9107.7,383.0,598.2,483.4,2.056,0,0,497,419,-9.0,0.175,1,2017-10-07 08:01:07.040
1057,15.72001,-94.544604,-38.432,-1885.3,-1920.5,12246.0,1092.9,1338.5,2983.8,1.829,0,0,11,17,-9.0,0.199,6,2017-10-07 08:11:27.930
1058,15.401804,-94.711686,-39.422,23656.1,-53548.2,18364.7,445.3,591.8,1580.6,1.863,0,0,476,351,-9.0,0.201,1,2017-10-07 08:25:38.490
1059,16.328886,-94.940853,-11.045,-913.6,49039.8,-10012.3,397.4,724.3,655.0,2.455,0,0,46,53,-9.0,0.185,1,2017-10-07 08:28:38.030
1060,15.942296,-95.275317,-14.538,-36728.3,6261.0,-6519.8,637.6,545.5,1016.6,1.438,0,0,172,148,-9.0,0.186,1,2017-10-07 08:39:44.390
1061,15.487754,-95.144832,-28.37,-22781.9,-44037.1,7312.0,1079.9,1932.3,2410.1,2.066,0,0,4,2,-9.0,0.094,1,2017-10-07 08:39:44.740
1062,15.509117,-94.708244,-45.226,24019.3,-41673.3,24168.8,391.6,433.2,718.6,1.534,0,0,366,290,-9.0,0.227,1,2017-10-07 08:42:03.620
1063,15.258838,-93.905534,-47.03,-12496.3,15036.7,15958.3,2450.2,2084.6,3980.0,2.472,0,0,7,9,-9.0,0.189,2,2017-10-07 08:44:49.010
1064,15.577114,-94.806966,-30.686,13434.3,-34148.9,9628.9,266.4,466.7,641.8,1.224,0,0,333,303,-9.0,0.15,1,2017-10-07 08:52:38.490
1065,15.068876,-93.615991,-27.63,18625.1,-5982.5,-3441.9,827.6,729.4,804.2,3.079,0,0,71,67,-9.0,0.206,2,2017-10-07 09:05:22.510
1066,15.530054,-94.642749,-46.353,31038.4,-39356.5,25295.4,349.4,420.5,623.0,2.232,0,0,269,224,-9.0,0.188,1,2017-10-07 09:10:11.660
1067,15.495935,-94.772323,-69.823,17151.1,-43131.9,48765.9,382.3,828.3,1079.2,1.782,0,0,25,9,-9.0,0.166,1,2017-10-07 09:39:44.730
1068,15.732082,-94.934367,-61.744,-219.5,-17000.6,40686.1,282.7,548.9,665.1,2.449,0,0,78,138,-9.0,0.196,1,2017-10-07 09:40:13.280
1069,15.452271,-94.071737,-21.999,-8252.4,2727.1,-4680.9,2719.7,2875.9,3641.0,2.171,0,0,6,7,-9.0,0.354,15,2017-10-07 09:49:21.480
1070,15.11792,-94.357666,-28.73,61656.8,-84961.8,7672.4,614.9,482.1,782.6,2.121,0,0,126,35,-9.0,0.192,1,2017-10-07 10:03:10.680
1071,16.087277,-95.234847,-11.688,-32383.3,22304.2,-9369.8,297.7,349.8,427.6,2.065,0,0,221,256,-9.0,0.146,1,2017-10-07 12:52:37.530
1072,15.129965,-93.857894,-33.328,-7379.0,777.0,2256.0,862.0,568.4,2485.1,2.561,0,0,146,153,-9.0,0.24,2,2017-10-07 14:17:52.390
1073,15.870053,-95.253564,-11.804,-34405.2,-1733.2,-9253.2,666.8,924.1,878.4,1.951,0,0,95,50,-9.0,0.242,1,2017-10-07 16:46:16.540
1074,15.700571,-94.937834,-50.697,-591.1,-20487.5,29639.8,513.1,767.5,840.6,1.566,0,0,52,57,-9.0,0.202,1,2017-10-07 17:50:01.240
1075,16.409525,-95.133398,-13.332,-21506.9,57963.0,-7725.3,444.7,681.5,476.1,2.083,0,0,388,374,-9.0,0.22,1,2017-10-07 18:05:21.300
1076,16.60685,-95.274398,-10.439,-36569.4,79798.5,-10618.6,513.0,856.2,779.9,2.438,0,0,16,5,-9.0,0.25,1,2017-10-07 19:53:46.440
1077,15.971774,-95.623942,-33.757,3951.7,5377.5,-2936.1,984.1,1541.6,484.5,1.607,0,0,26,21,-9.0,0.309,5,2017-10-07 19:58:50.140
1078,15.307071,-94.627344,-23.726,32707.0,-64031.0,2668.9,385.9,298.6,548.4,2.796,0,0,365,337,-9.0,0.225,1,2017-10-07 20:33:57.720
1079,16.472118,-95.093612,-3.928,-17248.9,64889.4,-17129.9,284.9,361.3,412.4,2.115,0,0,339,546,-9.0,0.181,1,2017-10-07 20:40:57.760
1080,16.271157,-95.133415,-2.377,-21515.9,42651.7,-18680.0,378.8,489.8,417.4,2.094,0,0,286,261,-9.0,0.222,1,2017-10-07 21:20:41.920
1081,16.307207,-95.022168,-18.54,-9612.5,46640.9,-2517.3,457.3,616.2,655.7,2.489,0,0,26,10,-9.0,0.159,1,2017-10-07 21:56:31.940
1082,16.490636,-95.200448,-7.245,-28672.8,66938.5,-13812.1,292.2,365.3,437.1,1.924,0,0,273,385,-9.0,0.162,1,2017-10-07 22:04:56.200
1083,16.464687,-95.093245,-3.325,-17210.0,64067.1,-17732.3,314.5,388.9,568.3,1.871,0,0,301,592,-9.0,0.198,1,2017-10-07 22:30:15.280
1084,15.094183,-93.811198,-27.058,-2359.8,-3182.3,-4014.6,660.5,655.9,1007.4,2.945,0,0,160,160,-9.0,0.259,2,2017-10-07 22:35:56.520
1085,15.998527,-95.233537,-11.833,-32250.2,12483.3,-9224.5,425.1,462.6,473.0,1.832,0,0,169,175,-9.0,0.139,1,2017-10-08 00:34:52.810
1086,15.468659,-94.633073,-27.333,32079.7,-46150.1,6275.3,371.0,477.6,763.3,2.72,0,0,401,281,-9.0,0.177,1,2017-10-08 02:17:10.690
1087,16.395203,-95.092285,-9.563,-17110.1,56378.2,-11494.7,418.5,654.3,561.8,1.53,0,0,361,255,-9.0,0.226,1,2017-10-08 02:21:59.470
1088,16.117272,-95.370304,-4.46,-46879.6,25623.3,-16597.2,572.2,925.3,804.4,2.111,0,0,34,27,-9.0,0.264,1,2017-10-08 03:10:48.730
1089,16.472978,-95.208374,-5.96,-29521.5,64984.5,-15097.0,250.2,370.2,417.4,1.692,0,0,317,381,-9.0,0.138,1,2017-10-08 04:49:44.900
1090,16.447362,-95.114404,-0.881,-19473.3,62150.0,-20176.6,361.2,514.3,487.0,1.286,0,0,366,389,-9.0,0.188,1,2017-10-08 04:58:57.300
1091,16.649181,-95.012541,-0.045,-8575.1,84482.6,-21012.6,483.8,509.9,617.3,2.6,0,0,40,36,-9.0,0.221,1,2017-10-08 05:12:38.260
1092,16.613955,-95.001652,-10.855,-7412.2,80584.6,-10202.5,618.6,806.0,799.2,2.0,0,0,18,50,-9.0,0.148,1,2017-10-08 05:14:18.540
1093,16.368084,-95.136938,-0.318,-21888.0,53377.3,-20739.1,476.4,723.3,477.4,1.671,0,0,94,90,-9.0,0.248,1,2017-10-08 05:32:43.770
1094,17.483295,-95.16984,-25.262,-4656.2,375.6,-3253.5,24318.5,14771.5,22141.1,1.841,0,0,2,4,-9.0,0.787,38,2017-10-08 05:40:42.040
1095,15.400349,-94.736686,-24.682,20976.1,-53709.2,3624.5,324.6,387.5,662.2,2.321,0,0,413,371,-9.0,0.206,1,2017-10-08 05:45:00.470
1096,15.452752,-94.692896,-23.098,25667.9,-47910.4,2040.4,369.1,339.8,667.2,1.818,0,0,371,375,-9.0,0.196,1,2017-10-08 05:48:19.490
1097,15.423153,-94.659774,-48.805,29220.8,-51185.8,27747.8,364.7,454.2,860.2,2.091,0,0,374,397,-9.0,0.192,1,2017-10-08 05:54:18.920
1098,15.199076,-94.406055,-49.63,56453.9,-75981.4,28572.7,1141.6,1127.2,2289.7,1.731,0,0,42,39,-9.0,0.259,1,2017-10-08 06:01:32.450
1099,15.025261,-93.623405,-24.697,17829.4,-10808.4,-6375.3,840.7,908.1,1274.3,1.615,0,0,42,46,-9.0,0.21,2,2017-10-08 06:13:18.910
1100,15.531733,-94.761987,-41.115,18256.9,-39170.5,20058.0,364.8,461.4,1177.5,1.595,0,0,358,296,-9.0,0.204,1,2017-10-08 06:17:16.280
1101,16.41074,-95.109521,-9.006,-18953.4,58097.5,-12051.2,440.6,742.6,857.1,1.871,0,0,584,502,-9.0,0.241,1,2017-10-08 06:29:33.490
1102,15.114638,-93.825309,-29.288,-3877.3,-918.9,-1784.4,784.1,911.9,1615.5,1.67,0,0,89,115,-9.0,0.227,2,2017-10-08 06:38:30.320
1103,15.06887,-94.381136,-26.936,59145.3,-90389.6,5878.3,462.0,458.5,697.8,1.873,0,0,197,76,-9.0,0.207,1,2017-10-08 06:40:00.590
1104,16.623937,-94.95909,-6.048,-2862.3,81689.2,-15009.3,329.1,519.7,736.7,1.957,0,0,75,69,-9.0,0.187,1,2017-10-08 06:44:33.170
1105,16.447933,-94.986629,-14.662,-5809.0,62213.2,-6395.3,463.3,701.9,668.6,1.207,0,0,45,25,-9.0,0.162,1,2017-10-08 06:54:39.900
1106,15.073721,-94.223966,-30.098,76010.3,-89852.7,9040.8,412.8,451.3,774.3,2.679,0,0,135,95,-9.0,0.208,1,2017-10-08 07:01:57.030
1107,15.91824,-94.917611,-54.28,1574.6,3599.0,33222.8,759.5,1103.1,1021.6,1.674,0,0,15,11,-9.0,0.267,1,2017-10-08 07:19:57.730
1108,15.416446,-94.619084,-23.12,33584.0,-51927.9,2063.0,447.2,490.3,728.1,1.898,0,0,323,295,-9.0,0.208,1,2017-10-08 07:33:40.990
1109,16.462809,-95.087655,-1.628,-16612.6,63859.3,-19429.6,341.0,516.2,403.0,1.422,0,0,400,347,-9.0,0.182,1,2017-10-08 07:49:15.580
1110,15.66878,-95.058407,-54.249,-13511.1,-24005.5,33192.0,1491.9,2781.9,7604.0,1.422,0,0,5,2,-9.0,0.084,1,2017-10-08 07:49:15.810
1111,16.454634,-95.110303,-2.081,-19034.3,62954.6,-18976.2,311.1,390.8,387.4,1.929,0,0,210,482,-9.0,0.173,1,2017-10-08 12:09:12.460
1112,16.160375,-94.887598,-2.227,4786.2,30393.0,-18830.9,836.4,1713.8,607.1,1.444,0,0,5,6,-9.0,0.119,1,2017-10-08 12:12:29.370
1113,15.513558,-94.772217,-49.8,17161.7,-41181.8,28742.4,305.9,301.5,608.5,1.761,0,0,281,270,-9.0,0.148,1,2017-10-08 12:13:41.260
1114,15.100303,-94.250155,-29.791,73194.8,-86911.2,8733.3,443.2,332.2,619.9,2.495,0,0,177,110,-9.0,0.209,1,2017-10-08 12:55:16.140
1115,16.621354,-95.008708,-12.288,-8166.1,81403.4,-8769.5,340.7,419.3,396.6,2.295,0,0,157,130,-9.0,0.237,1,2017-10-08 13:17:45.240
1116,16.222563,-95.583838,-18.935,-69716.7,37274.4,-2122.6,1587.4,656.7,2028.4,1.748,0,0,6,6,-9.0,0.149,1,2017-10-08 13:50:55.120
1117,16.372717,-95.164526,-16.049,-24838.8,53890.1,-5008.8,648.0,936.1,870.6,1.678,0,0,189,160,-9.0,0.288,1,2017-10-08 14:39:28.210
1118,16.447319,-95.157837,-14.15,-24118.7,62145.2,-6907.0,423.1,653.7,518.9,2.07,0,0,377,450,-9.0,0.215,1,2017-10-08 15:04:41.120
1119,15.236073,-93.941593,-28.959,-16371.7,12517.7,-2113.2,978.1,631.4,1274.8,2.688,0,0,53,66,-9.0,0.191,2,2017-10-08 15:06:02.730
1120,15.237249,-93.942448,-29.823,-16463.8,12647.8,-1248.9,717.4,692.2,962.7,2.715,0,0,48,62,-9.0,0.231,2,2017-10-08 15:33:39.260
1121,15.343543,-94.679622,-37.233,27097.7,-59995.0,16176.0,866.3,904.0,2557.0,2.192,0,0,194,357,-9.0,0.176,1,2017-10-08 18:25:05.380
1122,15.937926,-95.103101,-61.091,-18287.6,5777.4,40033.8,466.2,656.5,659.1,1.966,0,0,24,35,-9.0,0.179,1,2017-10-08 18:29:52.840
1123,15.701851,-94.941219,-59.886,-953.7,-20345.9,38828.3,316.9,599.2,710.9,2.916,0,0,74,77,-9.0,0.176,1,2017-10-08 18:35:25.520
1124,15.903323,-95.092464,-56.956,-17150.7,1948.4,35899.0,505.6,637.8,602.3,3.394,0,0,37,49,-9.0,0.182,1,2017-10-08 18:48:05.080
1125,15.028429,-93.600391,-22.0,20303.8,-10457.9,-9072.2,1074.6,969.4,1425.6,2.778,0,0,62,63,-9.0,0.273,2,2017-10-08 18:49:48.400
1126,16.066491,-95.273869,-30.407,-36562.6,20004.0,9349.1,799.1,931.1,845.0,2.03,0,0,18,16,-9.0,0.211,1,2017-10-08 19:07:24.700
1127,15.535721,-94.76355,-36.194,18089.5,-38729.4,15136.9,782.9,709.8,2361.0,2.022,0,0,465,391,-9.0,0.174,1,2017-10-08 20:08:30.560
1128,16.34623,-95.117513,-13.731,-19811.0,50959.1,-7326.8,472.5,763.5,462.6,1.8,0,0,226,283,-9.0,0.205,1,2017-10-08 20:18:24.260
1129,16.436502,-95.096273,-8.137,-17535.2,60948.3,-12920.5,392.5,548.2,473.7,2.261,0,0,607,386,-9.0,0.23,1,2017-10-08 20:33:29.280
1130,16.038073,-95.024227,-31.232,-9839.4,16859.3,10174.7,855.6,974.5,1142.2,1.572,0,0,8,4,-9.0,0.189,1,2017-10-08 20:55:44.680
1131,15.196825,-93.964307,-29.703,-18814.8,8175.0,-1369.0,1026.7,929.6,1039.7,2.739,0,0,31,62,-9.0,0.243,2,2017-10-08 22:28:55.280
1132,15.228416,-94.53811,-25.597,42285.3,-72734.7,4539.2,341.6,412.2,539.8,1.915,0,0,217,114,-9.0,0.169,1,2017-10-08 22:36:55.280
1133,16.482244,-95.184066,-5.869,-26921.8,66009.9,-15188.9,236.0,363.3,425.6,2.035,0,0,428,461,-9.0,0.157,1,2017-10-08 23:37:22.240
1134,15.502712,-94.75415,-42.488,19098.9,-42382.0,21430.5,580.3,528.2,1024.7,2.0,0,0,469,388,-9.0,0.185,1,2017-10-08 23:42:36.340
1135,15.490146,-94.765129,-48.061,17922.4,-43772.5,27003.8,224.8,441.9,811.4,2.339,0,0,406,292,-9.0,0.184,1,2017-10-08 23:46:01.880
1136,16.467554,-94.990023,-4.467,-6171.6,64384.3,-16590.6,231.0,371.7,436.6,2.075,0,0,111,262,-9.0,0.162,1,2017-10-09 00:44:19.510
1137,16.451117,-94.985205,-7.596,-5656.6,62565.4,-13461.4,349.0,594.0,637.7,2.166,0,0,121,123,-9.0,0.192,1,2017-10-09 00:46:42.320
1138,15.646998,-94.810075,-28.193,13098.7,-26415.7,7135.5,369.2,368.3,657.0,2.129,0,0,145,176,-9.0,0.171,1,2017-10-09 01:00:13.680
1139,16.246511,-95.122624,-21.742,-20363.1,39924.4,684.7,578.8,1077.4,636.1,1.441,0,0,36,48,-9.0,0.248,1,2017-10-09 01:06:33.360
1140,15.293163,-94.637036,-28.382,31668.7,-65570.0,7324.0,312.5,328.1,586.1,2.24,0,0,542,331,-9.0,0.207,1,2017-10-09 02:52:54.940
1141,16.091865,-95.06241,-12.708,-13925.8,22811.8,-8349.8,437.9,571.0,531.6,1.945,0,0,75,165,-9.0,0.213,1,2017-10-09 03:29:34.520
1142,15.6662,-94.957397,-67.834,-2688.0,-24290.9,46776.0,415.0,790.6,839.3,2.203,0,0,47,43,-9.0,0.197,1,2017-10-09 03:30:42.470
1143,16.415638,-95.212842,-11.485,-30003.8,58639.5,-9572.1,351.8,483.2,498.6,1.814,0,0,181,350,-9.0,0.234,1,2017-10-09 03:31:54.640
1144,16.008578,-95.06512,-24.338,-14218.2,13595.6,3280.8,656.3,710.0,613.7,2.316,0,0,36,21,-9.0,0.161,1,2017-10-09 03:32:32.060
1145,15.452071,-94.766471,-46.593,17780.2,-47985.8,25535.2,245.6,329.0,760.5,2.377,0,0,605,511,-9.0,0.182,1,2017-10-09 03:43:24.110
1146,16.174463,-95.418896,-16.12,-52073.2,31951.8,-4937.1,746.6,1109.4,655.0,1.802,0,0,30,33,-9.0,0.242,1,2017-10-09 04:05:47.590
1147,15.526013,-94.665763,-33.064,28571.9,-39803.5,12006.4,349.4,584.6,705.8,2.053,0,0,213,138,-9.0,0.199,1,2017-10-09 04:43:48.620
1148,16.507458,-95.558366,-29.442,-663.9,4598.9,-1997.9,61164.5,57601.6,183426.4,1.707,0,0,3,2,-9.0,1.944,25,2017-10-09 04:51:44.530
1149,16.290696,-95.377271,-24.985,-47605.2,44813.8,3927.7,448.2,639.1,542.6,1.536,0,0,46,63,-9.0,0.203,1,2017-10-09 04:52:30.080
1150,15.416145,-94.739209,-42.622,20704.7,-51961.2,21564.2,304.0,377.1,852.4,2.55,0,0,641,597,-9.0,0.175,1,2017-10-09 04:55:43.010
1151,15.954214,-95.235596,-13.697,-32474.5,7579.8,-7360.4,308.6,313.6,397.5,2.075,0,0,203,300,-9.0,0.229,1,2017-10-09 05:06:07.460
1152,15.552627,-94.659408,-49.784,29251.2,-36858.6,28726.2,499.3,624.5,773.6,2.193,0,0,48,40,-9.0,0.177,1,2017-10-09 06:45:14.500
1153,15.354576,-94.644564,-56.563,30856.8,-58774.2,35505.4,399.5,645.8,1104.7,1.567,0,0,382,312,-9.0,0.229,1,2017-10-09 06:47:00.260
1154,15.806364,-94.652051,-15.829,-13398.1,7635.0,-10356.9,1385.3,1009.6,2243.0,1.58,0,0,4,4,-9.0,0.401,6,2017-10-09 06:49:45.850
1155,15.192107,-94.534652,-40.415,42659.8,-76752.6,19357.8,441.9,558.0,1936.8,2.898,0,0,151,125,-9.0,0.203,1,2017-10-09 06:50:43.840
1156,16.105545,-95.158203,-28.647,-24178.5,24325.6,7589.6,787.5,1009.8,896.8,1.073,0,0,13,8,-9.0,0.25,1,2017-10-09 06:58:53.090
1157,15.106959,-93.879647,-32.918,-9718.1,-1768.7,1846.2,709.8,740.6,838.2,2.28,0,0,165,169,-9.0,0.247,2,2017-10-09 07:02:56.210
1158,16.094566,-95.261637,-1.448,-35250.7,23110.6,-19610.0,563.0,805.5,971.1,1.337,0,0,169,122,-9.0,0.194,1,2017-10-09 07:14:59.300
1159,15.418113,-94.627832,-30.055,32646.0,-51743.4,8997.8,365.0,402.9,594.9,1.767,0,0,332,299,-9.0,0.172,1,2017-10-09 08:01:54.730
1160,14.901737,-93.30887,-18.241,4169.3,-321.8,3982.9,392.8,632.4,637.0,2.929,0,0,61,62,-9.0,0.229,4,2017-10-09 08:08:08.740
1161,15.495464,-94.694588,-50.425,25484.1,-43184.0,29367.4,454.4,609.4,1279.1,1.683,0,0,373,222,-9.0,0.168,1,2017-10-09 08:30:39.380
1162,15.136425,-93.863745,-40.647,-8008.4,1491.8,9574.7,753.0,658.4,1639.4,2.011,0,0,87,96,-9.0,0.238,2,2017-10-09 08:34:07.280
1163,15.452445,-94.602979,-31.765,35307.7,-47944.4,10707.1,331.1,517.3,932.4,2.152,0,0,448,285,-9.0,0.208,1,2017-10-09 08:35:54.230
1164,15.805695,-94.877466,-64.85,5875.5,-8854.9,43793.0,424.8,967.8,1004.1,2.143,0,0,75,71,-9.0,0.173,1,2017-10-09 08:45:51.760
1165,16.422759,-95.072925,-10.531,-15038.9,59427.5,-10526.7,503.3,738.3,628.4,2.949,0,0,328,309,-9.0,0.214,1,2017-10-09 08:47:48.730
1166,16.465261,-95.089128,-1.518,-16770.1,64130.6,-19539.6,354.2,577.0,407.4,1.936,0,0,317,409,-9.0,0.184,1,2017-10-09 08:49:52.260
1167,16.422973,-95.075798,-10.375,-15345.8,59451.1,-10682.9,405.4,700.2,702.6,2.095,0,0,386,410,-9.0,0.225,1,2017-10-09 08:52:01.350
1168,16.417708,-95.072998,-10.831,-15046.9,58868.6,-10226.5,423.9,631.7,580.5,1.882,0,0,374,383,-9.0,0.236,1,2017-10-09 08:53:51.430
1169,15.425068,-94.750586,-46.168,19483.8,-50973.8,25110.3,334.7,338.6,719.2,2.252,0,0,468,456,-9.0,0.175,1,2017-10-09 08:54:39.180
1170,15.32333,-94.778304,-17.845,16516.8,-62231.9,-3212.6,903.7,818.0,594.4,1.897,0,0,53,29,-9.0,0.23,1,2017-10-09 08:56:40.110
1171,16.59381,-94.95214,-9.73,-2119.4,78355.4,-11327.2,396.5,662.8,724.8,1.505,0,0,24,39,-9.0,0.171,1,2017-10-09 08:58:41.160
1172,16.539488,-95.171549,-6.192,-25579.0,72344.3,-14865.6,290.1,446.7,572.1,1.543,0,0,276,335,-9.0,0.141,1,2017-10-09 09:01:00.910
1173,16.454751,-94.990381,-9.036,-6209.8,62967.6,-12021.1,251.2,298.7,760.4,2.156,0,0,102,144,-9.0,0.158,1,2017-10-09 09:06:21.170
1174,16.495904,-95.099642,-2.442,-17892.6,67521.4,-18615.7,310.8,398.1,475.4,2.136,0,0,330,212,-9.0,0.14,1,2017-10-09 09:07:09.100
1175,16.369986,-95.055827,-13.112,-13211.4,53587.8,-7945.9,457.2,752.3,432.5,1.618,0,0,117,168,-9.0,0.165,1,2017-10-09 09:09:43.960
1176,16.036253,-95.043994,-26.077,-11955.4,16658.0,5019.4,705.1,921.3,1005.5,1.319,0,0,2,8,-9.0,0.124,1,2017-10-09 09:19:10.750
1177,15.44087,-94.704199,-43.065,24457.0,-49225.2,22007.6,360.6,410.8,840.5,3.647,0,0,521,425,-9.0,0.196,1,2017-10-09 09:22:34.880
1178,15.437112,-94.707609,-25.834,24091.4,-49641.0,4776.2,258.5,468.6,803.4,2.451,0,0,439,343,-9.0,0.206,1,2017-10-09 09:29:12.680
1179,15.463704,-94.681266,-28.795,26914.3,-46698.4,7737.8,340.6,381.3,734.9,2.077,0,0,542,503,-9.0,0.24,1,2017-10-09 09:36:49.720
1180,15.367351,-94.747087,-31.224,19862.3,-57360.6,10166.7,402.2,374.3,643.9,3.312,0,0,595,348,-9.0,0.174,1,2017-10-09 11:21:35.760
1181,15.138462,-94.377401,-19.315,59536.8,-82688.7,-1742.1,510.3,787.8,607.6,2.868,0,0,266,65,-9.0,0.217,1,2017-10-09 11:23:30.910
1182,14.731682,-94.431763,-29.334,-2374.7,5408.5,1244.5,1242.1,1467.4,1973.6,2.096,0,0,24,6,-9.0,0.31,11,2017-10-09 11:33:38.000
1183,16.467377,-95.089681,-6.136,-16828.4,64364.7,-14921.3,324.6,429.4,443.3,2.188,0,0,440,540,-9.0,0.159,1,2017-10-09 13:06:14.470
1184,15.055236,-94.367082,-19.253,60655.8,-91898.3,-1804.4,504.7,739.9,693.8,2.399,0,0,78,35,-9.0,0.249,1,2017-10-09 13:34:12.340
1185,16.377799,-95.0986,-11.591,-17786.9,54452.4,-9466.9,409.0,685.1,544.8,1.746,0,0,321,360,-9.0,0.246,1,2017-10-09 13:44:45.630
1186,15.534988,-94.862166,-29.706,7518.8,-38810.4,8648.5,759.5,1026.7,3917.2,2.085,0,0,194,163,-9.0,0.217,1,2017-10-09 14:00:57.180
1187,15.485811,-94.763826,-33.095,18061.6,-44252.2,12037.1,218.2,366.1,496.5,2.341,0,0,839,672,-9.0,0.174,1,2017-10-09 14:30:22.550
1188,15.137067,-94.420264,-26.081,54937.6,-82843.2,5023.1,674.3,658.7,918.5,2.927,0,0,182,82,-9.0,0.23,1,2017-10-09 14:32:13.660
1189,15.370895,-94.690967,-47.214,25880.2,-56968.4,26157.0,310.1,338.2,723.4,2.224,0,0,422,426,-9.0,0.187,1,2017-10-09 14:34:00.380
1190,15.462063,-94.708138,-50.197,24033.6,-46880.1,29139.6,316.7,456.8,945.7,2.549,0,0,531,369,-9.0,0.184,1,2017-10-09 15:15:34.780
1191,16.503704,-95.105876,-4.756,-18559.1,68384.6,-16301.2,259.7,328.8,467.2,2.536,0,0,591,592,-9.0,0.145,1,2017-10-09 15:53:00.910
1192,16.416756,-95.083813,-13.029,-16203.1,58763.2,-8028.0,408.0,653.6,444.0,2.426,0,0,407,298,-9.0,0.221,1,2017-10-09 16:03:21.990
1193,16.506841,-95.109432,-5.051,-18939.4,68731.7,-16006.5,320.5,413.1,542.9,2.59,0,0,352,424,-9.0,0.168,1,2017-10-09 16:47:10.790
1194,16.408684,-95.080941,-9.566,-15896.5,57870.0,-11491.9,414.7,731.0,655.0,1.38,0,0,142,344,-9.0,0.252,1,2017-10-09 16:50:17.830
1195,16.138989,-94.994889,-7.877,-6697.4,28026.5,-13180.9,436.8,646.7,638.3,2.198,0,0,97,130,-9.0,0.191,1,2017-10-09 16:52:31.990
1196,15.726312,-94.971411,-45.567,-4189.0,-17639.1,24509.7,376.4,762.7,1013.9,2.032,0,0,43,48,-9.0,0.231,1,2017-10-09 16:56:40.530
1197,15.403113,-94.681258,-26.875,26918.7,-53403.2,5817.6,340.1,784.5,878.9,1.946,0,0,416,182,-9.0,0.165,1,2017-10-09 18:11:32.480
1198,16.143899,-95.00214,-8.771,-7472.9,28569.7,-12286.5,337.2,704.1,545.3,1.787,0,0,72,129,-9.0,0.162,1,2017-10-09 18:18:31.280
1199,15.825263,-94.966154,-59.384,-3624.8,-6689.4,38326.9,405.0,589.5,599.7,2.751,0,0,60,58,-9.0,0.249,1,2017-10-09 19:02:57.560
1200,15.644942,-94.923576,-53.27,936.7,-26643.3,32212.3,298.2,502.6,699.7,1.926,0,0,48,78,-9.0,0.165,1,2017-10-09 20:58:04.240
1201,16.332172,-95.310482,-47.282,-185.2,2000.1,-5333.1,2106.5,3838.2,4564.0,2.463,0,0,7,4,-9.0,0.517,39,2017-10-09 21:39:59.400
1202,16.031386,-95.059465,-26.133,-13612.5,16119.5,5075.3,608.9,605.1,652.8,3.016,0,0,38,20,-9.0,0.136,1,2017-10-09 21:43:32.940
1203,16.457629,-95.534847,-0.235,536.9,392.4,-1559.8,2343.8,2115.0,2408.0,2.212,0,0,57,23,-9.0,0.412,3,2017-10-09 22:00:23.440
1204,16.450496,-95.535303,-0.02,488.2,-397.0,-1774.9,1516.4,2275.1,1401.5,1.811,0,0,46,43,-9.0,0.438,3,2017-10-09 22:06:14.300
1205,15.871755,-95.093359,-53.236,-17247.8,-1544.9,32178.9,423.6,752.5,889.3,2.722,0,0,47,45,-9.0,0.132,1,2017-10-09 22:45:37.740
1206,15.281664,-94.62277,-17.277,33199.3,-66842.4,-3780.2,351.4,478.2,821.8,2.286,0,0,82,97,-9.0,0.193,1,2017-10-09 22:48:14.440
1207,16.523337,-95.106958,-5.008,-18673.6,70557.1,-16049.4,251.0,403.0,508.3,2.381,0,0,313,506,-9.0,0.144,1,2017-10-09 23:19:31.980
1208,16.492138,-95.06285,-6.465,-13958.9,67104.7,-14592.3,248.7,475.0,542.9,2.394,0,0,309,419,-9.0,0.192,1,2017-10-10 00:16:05.010
1209,16.319013,-95.151025,-28.026,-23397.7,47947.4,6968.8,833.3,1198.0,869.1,1.94,0,0,3,6,-9.0,0.169,1,2017-10-10 00:55:16.760
1210,16.428584,-95.520866,-5.547,2030.6,-2821.9,3751.3,1525.8,4632.4,2381.2,1.725,0,0,39,26,-9.0,0.448,3,2017-10-10 01:12:40.820
1211,16.235799,-95.31084,-25.148,-40502.9,38739.1,4090.2,419.6,481.3,511.0,2.062,0,0,73,82,-9.0,0.147,1,2017-10-10 01:23:01.520
1212,16.154478,-95.05638,-14.936,-13278.3,29740.3,-6121.3,392.8,797.5,625.5,1.607,0,0,70,143,-9.0,0.196,1,2017-10-10 01:36:28.620
1213,15.550511,-94.772461,-61.498,17133.8,-37092.7,40440.1,234.8,774.5,971.2,2.307,0,0,88,74,-9.0,0.184,1,2017-10-10 01:46:53.220
1214,15.455878,-94.918848,-22.653,1443.8,-47564.5,1595.4,538.1,495.0,602.5,2.142,0,0,134,48,-9.0,0.259,1,2017-10-10 01:48:58.780
1215,15.50427,-94.772721,-50.121,17107.4,-42209.5,29063.5,350.1,245.7,486.4,2.423,0,0,363,432,-9.0,0.141,1,2017-10-10 01:49:34.730
1216,15.172037,-94.525708,-17.445,43620.9,-78973.4,-3612.7,434.3,547.9,488.6,1.705,0,0,53,40,-9.0,0.174,1,2017-10-10 01:53:24.950
1217,14.909656,-93.310767,-17.714,3965.0,554.4,3456.2,360.8,695.8,579.7,3.316,0,0,67,59,-9.0,0.249,4,2017-10-10 03:31:56.830
1218,16.480377,-95.192757,-6.37,-27850.7,65803.4,-14687.6,229.7,399.7,455.4,1.506,0,0,227,440,-9.0,0.159,1,2017-10-10 03:37:22.180
1219,15.122205,-94.315877,-10.644,66139.8,-84487.8,-10413.2,725.7,851.7,934.6,2.684,0,0,34,19,-9.0,0.22,1,2017-10-10 03:52:38.220
1220,15.502003,-94.639478,-32.991,31390.9,-42460.4,11933.6,361.0,557.4,596.1,2.665,0,0,419,325,-9.0,0.191,1,2017-10-10 03:54:03.260
1221,15.333543,-94.646265,-30.547,30675.8,-61101.7,9489.1,353.6,347.1,579.5,1.757,0,0,316,414,-9.0,0.213,1,2017-10-10 04:30:10.590
1222,15.094237,-93.847021,-32.321,-6211.1,-3176.2,1248.7,1227.2,969.4,1214.8,2.457,0,0,93,145,-9.0,0.288,2,2017-10-10 04:33:53.650
1223,15.511792,-94.725871,-45.699,22129.4,-41377.2,24641.8,479.9,490.5,855.8,2.143,0,0,431,355,-9.0,0.185,1,2017-10-10 04:34:58.990
1224,15.5189,-94.746037,-72.328,19967.2,-40590.7,51270.6,329.2,788.9,909.7,1.865,0,0,15,16,-9.0,0.154,1,2017-10-10 04:43:05.040
1225,15.88359,-94.798446,-17.49,14336.9,-235.2,-3567.9,1090.4,2881.0,1073.8,1.407,0,0,2,3,-9.0,0.235,1,2017-10-10 04:43:43.020
1226,16.095798,-97.647306,-9.996,-7527.8,-2147.3,-491.3,257.5,441.0,499.9,1.564,0,0,13,14,-9.0,0.125,7,2017-10-10 04:45:44.360
1227,15.834077,-95.069954,-6.875,-14742.2,-5714.2,-14182.4,603.6,1089.6,868.3,1.48,0,0,5,3,-9.0,0.197,1,2017-10-10 04:52:01.060
1228,16.0273,-95.225602,-11.244,-31398.2,15667.3,-9813.7,288.2,383.6,498.7,2.85,0,0,309,319,-9.0,0.145,1,2017-10-10 05:21:37.670
1229,14.923806,-93.305387,-15.574,4543.4,2120.0,1316.1,587.7,657.3,779.3,2.267,0,0,58,60,-9.0,0.241,4,2017-10-10 05:33:40.380
1230,15.646768,-95.03016,-37.99,-10484.7,-26441.1,16932.2,493.6,667.3,1597.0,2.016,0,0,70,59,-9.0,0.213,1,2017-10-10 05:48:50.910
1231,16.48135,-95.099601,-2.873,-17889.1,65910.9,-18184.9,344.7,489.7,361.0,2.586,0,0,471,411,-9.0,0.204,1,2017-10-10 05:55:51.520
1232,15.147645,-94.430745,-27.936,53811.7,-81672.5,6878.7,570.6,717.4,794.9,1.844,0,0,126,91,-9.0,0.264,1,2017-10-10 06:01:32.090
1233,15.023187,-94.148494,-32.551,84118.8,-95444.6,11493.8,630.3,665.1,1091.9,2.073,0,0,47,34,-9.0,0.215,1,2017-10-10 06:08:30.120
1234,16.488675,-95.093994,-5.355,-17289.3,66721.6,-15702.2,164.1,481.9,443.4,1.831,0,0,408,419,-9.0,0.177,1,2017-10-10 06:10:03.810
1235,15.363872,-94.464062,-52.706,50211.5,-57745.6,31648.3,698.0,791.0,1352.1,2.526,0,0,33,34,-9.0,0.159,1,2017-10-10 06:12:12.340
1236,16.228216,-95.290885,-22.023,-38368.7,37899.9,965.8,401.8,704.5,536.1,2.191,0,0,62,69,-9.0,0.159,1,2017-10-10 06:15:47.290
1237,16.257623,-95.321313,-20.058,-41621.9,41154.1,-999.2,469.4,739.3,488.2,1.807,0,0,82,114,-9.0,0.168,1,2017-10-10 06:37:41.780
1238,14.925643,-93.367513,-14.397,-2140.6,2323.2,139.5,718.2,490.3,907.7,2.127,0,0,57,63,-9.0,0.301,4,2017-10-10 06:58:56.110
1239,15.410998,-94.745329,-29.175,20048.2,-52530.8,8117.3,331.5,381.3,713.6,2.791,0,0,629,539,-9.0,0.187,1,2017-10-10 07:11:36.260
1240,15.103659,-95.139266,-27.753,2604.9,-4795.6,1327.7,3278.7,3598.1,4747.5,1.815,0,0,5,3,-9.0,0.545,19,2017-10-10 07:11:39.640
1241,15.885984,-95.16495,-14.737,-24914.1,29.7,-6320.0,639.0,952.8,1060.1,2.072,0,0,29,11,-9.0,0.19,1,2017-10-10 07:14:04.430
1242,16.255547,-95.12784,-3.014,-20920.2,40924.3,-18043.6,363.1,507.2,485.0,1.739,0,0,237,289,-9.0,0.18,1,2017-10-10 07:32:50.810
1243,16.497814,-95.034814,-6.335,-10960.6,67732.8,-14722.5,220.1,503.6,392.5,1.952,0,0,215,257,-9.0,0.142,1,2017-10-10 07:33:24.120
1244,15.439323,-94.745736,-49.047,20003.9,-49396.4,27989.4,371.7,556.1,1015.8,2.756,0,0,499,402,-9.0,0.174,1,2017-10-10 12:51:58.720
1245,15.428817,-94.948779,-57.238,-1764.9,-50559.0,36180.5,849.5,1290.7,1994.8,2.072,0,0,36,20,-9.0,0.182,1,2017-10-10 13:40:19.070
1246,15.533679,-94.660164,-37.873,29171.1,-38955.2,16815.7,353.8,387.6,1482.8,1.77,0,0,337,229,-9.0,0.226,1,2017-10-10 14:20:41.860
1247,16.532305,-95.105387,-5.798,-18505.5,71549.5,-15259.1,229.4,449.6,461.0,2.068,0,0,227,442,-9.0,0.147,1,2017-10-10 14:38:55.300
1248,16.408995,-95.160213,-12.768,-24375.0,57904.4,-8289.3,458.3,715.6,558.2,3.279,0,0,396,296,-9.0,0.208,1,2017-10-10 14:43:12.580
1249,16.464696,-95.173494,-7.149,-25791.7,64068.1,-13908.5,212.3,344.3,439.0,2.415,0,0,515,507,-9.0,0.177,1,2017-10-10 14:46:12.240
1250,16.378023,-95.15026,-13.333,-23312.1,54477.1,-7724.0,413.3,703.7,524.2,2.006,0,0,172,383,-9.0,0.243,1,2017-10-10 14:55:40.560
1251,15.056714,-94.315454,-31.249,66195.3,-91734.7,10191.9,574.9,500.8,993.5,2.274,0,0,145,94,-9.0,0.204,1,2017-10-10 15:11:31.720
1252,16.497994,-95.129264,-5.885,-21060.0,67752.7,-15172.7,242.4,376.7,418.5,2.299,0,0,486,538,-9.0,0.15,1,2017-10-10 15:29:08.830
1253,15.471037,-94.674691,-46.518,27618.6,-45887.1,25460.3,301.0,350.5,585.0,2.796,0,0,450,387,-9.0,0.201,1,2017-10-10 17:22:46.600
1254,15.184933,-94.211108,-49.353,77369.4,-77546.3,28295.2,488.9,585.7,1181.0,2.584,0,0,52,55,-9.0,0.202,1,2017-10-10 17:44:49.720
1255,16.372032,-95.199268,-15.51,-28555.3,53814.2,-5547.9,423.3,684.6,501.3,2.153,0,0,341,345,-9.0,0.244,1,2017-10-10 18:55:09.880
1256,15.611016,-94.825537,-46.074,11443.5,-30397.4,25016.2,460.2,704.3,1222.7,2.047,0,0,187,126,-9.0,0.204,1,2017-10-10 20:00:05.080
1257,14.824504,-94.293701,-35.252,-1668.7,4138.5,911.9,4917.1,3605.7,5757.1,2.756,0,0,3,1,-9.0,0.381,23,2017-10-10 21:58:25.900
1258,15.915534,-94.893636,-45.715,4142.0,3299.7,24657.2,650.9,1132.1,1327.3,2.763,0,0,11,22,-9.0,0.231,1,2017-10-10 23:09:39.180
1259,16.411851,-95.242074,-16.23,-33129.9,58220.5,-4828.0,570.1,880.8,696.8,2.387,0,0,60,30,-9.0,0.231,1,2017-10-10 23:15:59.880
1260,16.178499,-95.120581,-19.436,-20147.5,32398.6,-1621.8,538.6,1001.1,626.6,2.387,0,0,64,107,-9.0,0.237,1,2017-10-10 23:16:01.680
1261,16.175456,-94.965527,-7.498,-3554.1,32061.8,-13559.5,498.1,948.7,833.1,1.929,0,0,2,6,-9.0,0.159,1,2017-10-11 00:01:08.520
1262,15.437209,-93.716976,-82.108,-3916.0,1793.7,2828.4,6585.8,4059.7,4159.7,3.091,0,0,3,5,-9.0,0.541,32,2017-10-11 00:08:18.550
1263,16.468774,-95.117391,-2.665,-19792.0,64519.5,-18392.8,358.0,408.9,485.8,2.08,0,0,264,454,-9.0,0.213,1,2017-10-11 00:13:05.160
1264,16.447552,-95.722257,-0.045,4147.9,686.5,-3570.0,69398.3,92616.9,64694.7,2.0,0,0,4,4,-9.0,2.337,31,2017-10-11 00:41:47.780
1265,16.541264,-95.105192,-4.019,-18483.8,72540.8,-17038.9,286.7,367.5,457.3,2.08,0,0,341,427,-9.0,0.14,1,2017-10-11 00:56:00.190
1266,15.396073,-94.737459,-35.029,20893.0,-54182.3,13971.1,542.6,624.4,1601.2,2.233,0,0,260,281,-9.0,0.174,1,2017-10-11 01:08:20.810
1267,15.387284,-94.702604,-27.166,24631.2,-55154.8,6108.6,297.5,347.3,853.7,1.753,0,0,314,300,-9.0,0.162,1,2017-10-11 01:11:00.240
1268,15.723096,-94.804484,-55.031,13695.7,-17995.1,33973.2,542.6,896.8,997.0,1.984,0,0,26,30,-9.0,0.195,1,2017-10-11 01:26:04.050
1269,16.034929,-95.003377,-16.897,-7607.9,16511.5,-4160.6,628.5,854.4,678.8,1.746,0,0,22,27,-9.0,0.264,1,2017-10-11 01:59:54.220
1270,15.298867,-94.559676,-27.085,39965.1,-64938.8,6027.9,331.0,296.0,569.0,3.171,0,0,447,378,-9.0,0.223,1,2017-10-11 02:13:29.720
1271,15.444165,-94.748421,-32.935,19715.6,-48860.6,11877.7,248.4,338.4,431.1,2.045,0,0,462,264,-9.0,0.165,1,2017-10-11 02:28:24.540
1272,15.578519,-93.755477,-88.742,-5915.6,-1110.1,145.5,4879.1,4168.4,4049.2,2.079,0,0,10,17,-9.0,0.638,9,2017-10-11 02:37:26.650
1273,16.476744,-95.174544,-6.926,-25903.5,65401.3,-14132.0,375.5,565.1,625.0,2.18,0,0,547,592,-9.0,0.196,1,2017-10-11 02:59:43.440
1274,16.366583,-95.215365,-14.642,-30277.4,53211.2,-6415.2,421.2,700.3,536.7,2.078,0,0,247,304,-9.0,0.227,1,2017-10-11 03:02:46.820
1275,16.223052,-95.052425,-21.084,-12852.1,37328.6,26.5,624.5,943.5,635.9,2.062,0,0,20,58,-9.0,0.226,1,2017-10-11 03:18:15.040
1276,15.122667,-93.846517,-26.838,-6156.7,-30.5,-4234.4,1007.6,629.9,1127.2,2.377,0,0,119,135,-9.0,0.227,2,2017-10-11 03:32:15.720
1277,16.027501,-95.205298,-11.549,-29224.9,15689.6,-9508.2,292.5,384.3,432.3,2.566,0,0,323,339,-9.0,0.146,1,2017-10-11 03:36:41.550
1278,15.412358,-94.609359,-0.833,34627.0,-52380.3,-20224.3,862.1,673.6,744.6,1.975,0,0,14,10,-9.0,0.268,1,2017-10-11 03:39:11.040
1279,15.46396,-94.677563,-29.595,27310.5,-46670.2,8537.3,357.0,490.6,736.8,1.928,0,0,233,227,-9.0,0.14,1,2017-10-11 03:48:17.450
1280,15.515086,-94.78877,-44.704,15386.8,-41012.8,23646.7,278.5,497.4,876.2,1.784,0,0,423,309,-9.0,0.212,1,2017-10-11 04:01:40.590
1281,15.643915,-94.862516,-43.859,7479.6,-26757.0,22801.9,625.6,696.6,1052.4,1.865,0,0,14,10,-9.0,0.182,1,2017-10-11 04:08:07.140
1282,15.244099,-94.473901,-28.303,49170.7,-70999.2,7245.1,535.6,411.5,696.7,2.136,0,0,162,113,-9.0,0.211,1,2017-10-11 04:27:38.960
1283,16.363695,-95.144792,-14.341,-22728.6,52891.7,-6716.2,501.3,874.1,655.0,1.566,0,0,191,359,-9.0,0.222,1,2017-10-11 04:39:46.810
1284,15.130574,-94.425399,-28.986,54388.0,-83561.6,7928.2,343.1,348.8,546.0,3.244,0,0,289,195,-9.0,0.24,1,2017-10-11 04:44:25.810
1285,15.369119,-94.724935,-27.303,22237.3,-57164.9,6246.0,439.4,545.8,751.7,1.87,0,0,140,69,-9.0,0.221,1,2017-10-11 05:02:50.910
1286,15.049577,-93.53348,-31.13,27496.5,-8118.0,58.4,1294.9,999.4,1422.3,2.375,0,0,38,36,-9.0,0.275,2,2017-10-11 05:10:20.840
1287,15.935064,-95.196924,-12.628,-28335.0,5460.7,-8429.4,401.2,401.6,612.0,2.732,0,0,249,259,-9.0,0.193,1,2017-10-11 05:30:20.760
1288,15.028892,-94.354679,-32.289,61990.6,-94813.4,11231.2,879.2,821.8,1657.4,1.894,0,0,63,55,-9.0,0.233,1,2017-10-11 05:36:41.670
1289,15.54015,-94.812451,-59.454,12847.9,-38239.2,38396.0,259.9,849.4,1006.0,1.945,0,0,56,59,-9.0,0.181,1,2017-10-11 05:38:45.330
1290,15.680544,-94.898486,-55.465,3624.8,-22703.7,34407.0,294.6,578.4,840.4,2.201,0,0,117,112,-9.0,0.173,1,2017-10-11 05:52:51.630
1291,16.097279,-95.104826,-11.545,-18465.1,23410.9,-9512.2,336.7,586.3,516.6,1.965,0,0,109,202,-9.0,0.202,1,2017-10-11 06:00:01.950
1292,16.398424,-95.157422,-12.659,-24077.6,56734.7,-8398.9,418.5,702.1,626.5,2.468,0,0,411,342,-9.0,0.217,1,2017-10-11 06:02:40.800
1293,15.220325,-94.234473,-34.417,74856.0,-73630.1,13359.9,567.9,599.6,1679.8,2.256,0,0,81,51,-9.0,0.186,1,2017-10-11 06:07:48.270
1294,16.420519,-95.157682,-8.517,-24103.5,59179.6,-12540.0,431.4,577.0,569.2,1.644,0,0,404,245,-9.0,0.235,1,2017-10-11 06:09:06.890
1295,16.535255,-95.170101,-7.486,-25424.5,71875.9,-13571.3,300.3,432.8,477.3,1.555,0,0,211,353,-9.0,0.154,1,2017-10-11 06:21:30.030
1296,15.309109,-94.590177,-28.278,36693.2,-63805.4,7220.9,500.5,737.2,1078.3,1.877,0,0,528,301,-9.0,0.223,1,2017-10-11 06:31:30.940
1297,15.037368,-93.854199,-32.856,-6983.8,-9468.8,1783.8,2758.8,1614.0,5078.9,2.026,0,0,31,74,-9.0,0.37,2,2017-10-11 06:32:24.770
1298,16.429102,-94.292537,-15.38,876.4,3076.4,-1371.5,5412.4,11306.7,11461.0,0.605,0,0,9,9,-9.0,0.568,10,2017-10-11 06:34:01.830
1299,15.270278,-94.524756,-13.468,43712.6,-68102.3,-7589.6,437.4,660.3,855.6,2.023,0,0,127,82,-9.0,0.193,1,2017-10-11 06:35:55.480
1300,15.514608,-94.752181,-49.282,19309.2,-41065.6,28224.5,398.0,323.8,513.7,1.629,0,0,422,261,-9.0,0.219,1,2017-10-11 06:38:08.110
1301,16.018998,-94.912297,-23.519,-936.4,-1233.9,-1250.6,3522.5,2583.0,4788.8,1.755,0,0,3,5,-9.0,0.418,35,2017-10-11 06:51:57.060
1302,15.836793,-95.001082,-54.816,-7365.8,-5413.7,33758.6,424.5,451.5,642.2,1.953,0,0,50,62,-9.0,0.17,1,2017-10-11 07:02:08.690
1303,14.931126,-94.163045,-44.335,82575.5,-105631.8,23277.3,739.2,743.4,2010.4,2.451,0,0,24,18,-9.0,0.222,1,2017-10-11 08:05:53.790
1304,15.770194,-94.54974,-18.225,-2434.8,3632.7,-7960.9,776.7,789.8,854.1,1.757,0,0,11,14,-9.0,0.378,6,2017-10-11 08:17:45.350
1305,16.631964,-95.02828,-0.737,-10257.8,82577.5,-20320.0,422.7,358.1,399.6,1.976,0,0,69,60,-9.0,0.243,1,2017-10-11 08:18:34.480
1306,15.999644,-94.944824,-35.576,-1339.1,12606.9,14518.6,1016.0,1499.1,1704.1,2.217,0,0,3,3,-9.0,0.064,1,2017-10-11 08:20:58.730
1307,15.13905,-94.413167,-29.487,55698.6,-82623.6,8429.3,493.1,476.4,747.2,1.973,0,0,208,46,-9.0,0.219,1,2017-10-11 08:36:01.090
1308,16.209643,-95.143717,-16.008,-22621.9,35844.7,-5049.4,439.2,866.0,504.2,1.461,0,0,42,63,-9.0,0.229,1,2017-10-11 08:37:56.920
1309,16.227953,-95.330835,-10.094,-42643.4,37870.9,-10963.9,375.0,630.2,562.6,1.268,0,0,76,105,-9.0,0.192,1,2017-10-11 08:38:37.290
1310,15.561757,-94.801961,-61.183,13971.4,-35848.2,40125.5,322.3,878.2,1068.7,1.915,0,0,57,41,-9.0,0.151,1,2017-10-11 08:50:50.240
1311,15.491188,-94.759367,-30.714,18540.2,-43657.2,9656.9,261.9,332.9,477.8,1.914,0,0,604,393,-9.0,0.175,1,2017-10-11 09:02:52.680
1312,15.550505,-94.774186,-32.59,16948.4,-37093.4,11532.1,245.1,384.4,999.6,1.719,0,0,427,373,-9.0,0.166,1,2017-10-11 09:22:50.850
1313,15.551401,-94.773665,-31.035,17004.6,-36994.2,9977.6,270.6,379.8,497.5,1.672,0,0,326,420,-9.0,0.151,1,2017-10-11 09:24:42.550
1314,16.485314,-95.184595,-6.982,-26977.8,66349.6,-14075.7,251.0,449.4,577.3,1.393,0,0,434,372,-9.0,0.165,1,2017-10-11 09:26:37.370
1315,16.454696,-95.119515,-14.653,-20019.8,62961.6,-6404.3,414.4,1104.1,1217.3,1.759,0,0,160,236,-9.0,0.293,1,2017-10-11 09:27:01.770
1316,15.519109,-94.792537,-39.942,14982.8,-40567.6,18884.0,505.9,724.0,2077.8,1.553,0,0,275,337,-9.0,0.175,1,2017-10-11 09:28:33.460
1317,15.112821,-93.787801,-30.52,154.9,-1119.9,-552.3,442.2,532.6,875.1,2.081,0,0,100,179,-9.0,0.238,2,2017-10-11 09:33:58.660
1318,16.205651,-94.996533,-15.37,-6871.9,35403.0,-5687.6,616.6,1176.5,796.1,1.173,0,0,16,47,-9.0,0.204,1,2017-10-11 09:36:33.900
1319,14.904647,-93.301839,-16.084,4925.7,0.1,1826.5,1182.1,898.8,1110.1,2.468,0,0,55,62,-9.0,0.292,4,2017-10-11 09:43:20.070
1320,15.563816,-94.641309,-65.007,3381.7,8311.8,-1586.6,1578.7,1818.1,2101.6,1.756,0,0,8,6,-9.0,0.378,16,2017-10-11 10:32:24.830
1321,15.523219,-94.738314,-28.604,20795.0,-40112.7,7546.4,269.5,370.6,557.0,3.669,0,0,504,487,-9.0,0.187,1,2017-10-11 11:01:03.770
1322,15.516642,-94.746224,-27.37,19947.9,-40840.5,6312.8,253.6,359.9,490.4,3.102,0,0,569,455,-9.0,0.192,1,2017-10-11 11:06:53.220
1323,15.540853,-94.747144,-42.483,19847.7,-38161.4,21425.4,269.7,524.5,967.5,1.357,0,0,329,284,-9.0,0.133,1,2017-10-11 11:10:54.360
1324,15.514091,-94.630509,-31.972,32351.6,-41122.8,10914.0,336.8,492.3,673.3,2.875,0,0,387,283,-9.0,0.186,1,2017-10-11 11:33:58.760
1325,16.464358,-95.090194,-3.739,-16883.9,64030.6,-17318.7,479.3,419.7,451.5,1.789,0,0,369,438,-9.0,0.221,1,2017-10-11 12:09:22.100
1326,16.101215,-95.094271,-10.267,-17335.5,23846.5,-10790.9,341.6,405.6,514.9,1.964,0,0,90,192,-9.0,0.205,1,2017-10-11 12:19:38.530
1327,16.096389,-95.097152,-9.627,-17643.7,23312.4,-11430.3,297.4,685.5,628.6,1.963,0,0,78,187,-9.0,0.21,1,2017-10-11 12:20:02.460
1328,15.195995,-94.390145,-31.217,58161.4,-76322.2,10159.1,494.8,585.8,1416.4,2.176,0,0,145,104,-9.0,0.246,1,2017-10-11 12:32:37.980
1329,16.451773,-95.147965,-4.618,-23062.3,62638.1,-16439.0,288.2,317.9,431.3,2.207,0,0,630,612,-9.0,0.188,1,2017-10-11 12:38:58.460
1330,15.052327,-94.239095,-31.144,74390.7,-92220.1,10086.4,365.1,470.5,561.9,2.606,0,0,161,87,-9.0,0.213,1,2017-10-11 12:48:13.020
1331,15.711741,-94.533195,-30.652,-661.8,-2835.4,4466.8,488.7,718.5,1852.2,2.409,0,0,21,22,-9.0,0.21,6,2017-10-11 16:13:08.170
1332,15.559244,-94.691691,-60.383,25790.5,-36126.4,39325.4,320.2,726.8,949.5,1.71,0,0,43,27,-9.0,0.144,1,2017-10-11 17:26:03.340
1333,15.236853,-94.553621,-47.221,40620.5,-71801.1,26163.2,346.2,382.5,781.3,1.995,0,0,99,131,-9.0,0.193,1,2017-10-11 17:46:43.080
1334,16.510011,-95.039762,-6.89,-11489.6,69082.5,-14167.2,246.1,395.3,402.3,2.543,0,0,324,334,-9.0,0.163,1,2017-10-11 17:55:04.320
1335,16.381746,-95.202539,-14.199,-28903.7,54889.2,-6858.1,491.7,708.9,530.6,2.321,0,0,223,289,-9.0,0.225,1,2017-10-11 19:47:17.000
1336,15.808319,-95.173071,-17.763,-25788.2,-8564.5,-3294.6,938.1,1031.0,1039.4,2.321,0,0,3,2,-9.0,0.31,1,2017-10-11 19:47:17.160
1337,15.351774,-94.664209,-41.428,28750.0,-59084.3,20370.9,337.9,455.8,1264.2,2.767,0,0,417,388,-9.0,0.223,1,2017-10-11 20:07:39.120
1338,16.506938,-95.040869,-3.958,-11607.8,68742.4,-17099.9,277.9,381.2,525.8,2.247,0,0,200,379,-9.0,0.135,1,2017-10-11 20:23:32.720
1339,15.94829,-95.171102,-12.822,-25568.8,6924.3,-8235.9,526.2,760.8,922.1,2.492,0,0,201,208,-9.0,0.172,1,2017-10-11 20:44:02.840
1340,16.06193,-94.95236,-17.42,-2145.3,19499.4,-3637.4,727.5,1055.0,852.6,1.97,0,0,27,31,-9.0,0.252,1,2017-10-11 21:17:04.320
1341,15.140506,-94.438436,-19.313,52987.6,-82462.6,-1744.7,455.5,578.6,580.6,1.835,0,0,148,57,-9.0,0.279,1,2017-10-11 21:23:41.520
1342,16.353156,-95.204622,-17.581,-29128.7,51725.4,-3476.5,533.4,800.9,568.2,1.846,0,0,29,177,-9.0,0.247,1,2017-10-11 21:31:37.780
1343,16.18618,-95.399788,-48.442,75.7,-1169.8,-3193.1,7137.7,11047.2,16813.4,1.72,0,0,2,3,-9.0,0.724,21,2017-10-11 21:33:33.180
1344,16.502346,-95.124674,-4.285,-20569.5,68234.3,-16771.3,274.4,355.8,459.9,1.997,0,0,215,471,-9.0,0.148,1,2017-10-11 21:41:35.680
1345,14.919317,-94.485547,-22.189,47958.1,-106938.6,1131.4,2047.5,2906.2,3193.8,2.442,0,0,3,0,-9.0,0.003,1,2017-10-11 23:10:27.880
1346,16.485602,-95.100277,-13.359,-17961.3,66381.5,-7698.4,313.3,389.7,340.4,1.909,0,0,159,293,-9.0,0.181,1,2017-10-11 23:13:28.560
1347,16.209644,-95.058667,-13.666,-13520.4,35844.8,-7391.2,629.9,862.9,693.6,1.79,0,0,89,60,-9.0,0.264,1,2017-10-12 00:00:37.410
1348,16.188913,-95.033,-8.751,-10774.9,33550.8,-12306.2,291.7,776.2,588.2,1.586,0,0,37,74,-9.0,0.188,1,2017-10-12 00:34:36.320
1349,16.224866,-95.340723,-16.544,-43701.6,37529.3,-4514.0,683.1,1060.8,638.5,2.1,0,0,64,84,-9.0,0.189,1,2017-10-12 00:36:37.920
1350,16.274012,-97.893001,-18.761,6497.9,604.4,3138.3,710.0,800.7,928.2,3.604,0,0,9,5,-9.0,0.146,13,2017-10-12 00:44:15.350
1351,16.296032,-95.307023,-57.951,184.8,-1999.3,5336.3,2119.9,3958.5,3814.6,1.818,0,0,7,4,-9.0,0.517,39,2017-10-12 01:19:01.050
1352,16.22441,-95.030981,-41.711,-10557.8,37478.9,20653.6,765.3,1356.7,2747.4,1.538,0,0,7,4,-9.0,0.244,1,2017-10-12 01:38:23.510
1353,16.437972,-95.235815,-10.64,-32458.9,61110.9,-10417.2,370.7,337.3,502.3,2.241,0,0,303,284,-9.0,0.196,1,2017-10-12 01:43:28.400
1354,16.530524,-95.105037,-5.573,-18468.3,71352.4,-15484.8,249.4,408.2,432.1,1.926,0,0,458,448,-9.0,0.151,1,2017-10-12 02:05:01.850
1355,16.514293,-95.077808,-5.919,-15556.8,69556.4,-15138.4,234.8,494.9,466.2,1.899,0,0,207,442,-9.0,0.162,1,2017-10-12 02:43:35.340
1356,15.678406,-94.768368,-54.736,17566.8,-22940.3,33678.6,558.2,776.5,889.8,2.129,0,0,31,28,-9.0,0.176,1,2017-10-12 02:48:47.490
1357,16.028756,-95.22325,-11.343,-31146.5,15828.4,-9714.6,261.9,316.4,464.0,2.005,0,0,288,288,-9.0,0.14,1,2017-10-12 03:38:34.840
1358,16.162874,-95.279289,-12.875,-37134.1,30669.5,-8182.5,458.5,656.5,563.0,1.754,0,0,109,118,-9.0,0.227,1,2017-10-12 03:39:25.230
1359,15.507033,-94.745809,-48.432,19992.7,-41903.8,27374.3,356.3,574.6,972.4,1.685,0,0,379,384,-9.0,0.201,1,2017-10-12 04:00:01.230
1360,15.453498,-94.769889,-39.564,17413.2,-47827.7,18506.4,447.9,750.7,2162.3,2.065,0,0,416,290,-9.0,0.161,1,2017-10-12 04:14:22.770
1361,16.425014,-95.192049,-13.609,-27778.9,59677.0,-7448.8,441.5,677.0,483.1,1.883,0,0,150,388,-9.0,0.22,1,2017-10-12 04:17:28.980
1362,16.041242,-95.241504,-8.049,-33099.4,17210.1,-13008.3,581.9,982.6,582.8,1.973,0,0,260,206,-9.0,0.167,1,2017-10-12 04:30:40.640
1363,16.191073,-95.30402,-14.85,-39777.4,33789.8,-6207.9,672.6,1093.1,409.3,1.355,0,0,123,131,-9.0,0.211,1,2017-10-12 04:32:50.630
1364,16.12466,-95.077726,-11.954,-15563.2,26440.9,-9103.2,249.3,756.6,568.9,1.824,0,0,147,198,-9.0,0.197,1,2017-10-12 04:37:39.030
1365,15.48746,-94.716992,-32.184,23082.8,-44069.7,11126.1,343.5,357.9,604.3,2.045,0,0,447,394,-9.0,0.19,1,2017-10-12 04:53:02.920
1366,16.415895,-95.175602,-11.887,-26020.7,58667.9,-9170.5,476.9,683.0,670.9,2.916,0,0,431,380,-9.0,0.245,1,2017-10-12 04:55:28.890
1367,15.267838,-94.571053,-19.428,38747.9,-68372.4,-1629.7,365.1,525.7,543.6,1.827,0,0,203,124,-9.0,0.206,1,2017-10-12 05:51:02.220
1368,16.51149,-95.117879,-6.725,-19842.5,69246.1,-14332.6,333.0,611.3,788.6,1.806,0,0,237,355,-9.0,0.162,1,2017-10-12 05:57:11.870
1369,16.142681,-95.053646,-9.528,-12985.5,28434.9,-11529.5,364.8,462.9,412.8,1.989,0,0,167,174,-9.0,0.214,1,2017-10-12 06:14:40.360
1370,15.129623,-93.731779,-34.863,6176.8,739.2,3791.4,963.7,716.5,2494.0,2.46,0,0,72,81,-9.0,0.246,2,2017-10-12 06:17:35.850
1371,16.277745,-95.358822,-15.6,-45632.5,43380.7,-5457.1,383.3,693.8,416.3,1.732,0,0,83,77,-9.0,0.176,1,2017-10-12 06:20:10.730
1372,16.357724,-95.128638,-13.216,-21000.6,52230.9,-7841.3,427.1,747.8,474.7,2.071,0,0,354,349,-9.0,0.197,1,2017-10-12 06:26:10.370
1373,16.39022,-95.160474,-13.83,-24404.0,55826.9,-7227.2,433.9,699.4,501.6,1.393,0,0,392,387,-9.0,0.224,1,2017-10-12 06:29:52.990
1374,16.098249,-95.067887,-2.813,-14511.3,23518.3,-18244.9,370.0,536.8,569.1,1.687,0,0,118,117,-9.0,0.234,1,2017-10-12 06:31:06.930
1375,16.504405,-95.08623,-5.94,-16458.2,68462.2,-15117.4,247.1,395.8,440.8,2.386,0,0,356,394,-9.0,0.175,1,2017-10-12 06:40:35.030
1376,15.36002,-94.787248,-21.109,15556.4,-58171.9,51.3,471.7,564.8,939.4,1.728,0,0,119,76,-9.0,0.187,1,2017-10-12 06:45:47.730
1377,16.428403,-94.975399,-1.573,-4607.4,60052.0,-19484.5,419.8,778.3,656.5,1.704,0,0,14,11,-9.0,0.139,1,2017-10-12 06:50:12.590
1378,16.118223,-95.070402,-9.362,-14780.1,25728.5,-11695.5,415.4,413.1,538.6,1.991,0,0,63,147,-9.0,0.195,1,2017-10-12 06:54:58.680
1379,16.271705,-95.412419,-26.767,-51367.5,42712.4,5710.0,439.7,641.4,622.8,1.331,0,0,73,69,-9.0,0.21,1,2017-10-12 06:58:16.360
1380,16.443151,-95.064111,-12.409,-14094.8,61683.9,-8648.1,415.6,570.3,480.5,2.151,0,0,322,348,-9.0,0.238,1,2017-10-12 07:00:12.380
1381,16.35592,-95.109782,-12.617,-18983.8,52031.3,-8440.4,461.9,788.5,610.0,2.632,0,0,279,368,-9.0,0.201,1,2017-10-12 07:01:00.540
1382,15.481321,-94.710384,-35.739,23791.3,-44749.0,14681.3,560.1,447.1,1664.6,2.015,0,0,457,382,-9.0,0.201,1,2017-10-12 07:15:21.780
1383,16.462062,-95.183057,-3.869,-26814.8,63776.6,-17188.9,355.3,563.8,503.5,1.9,0,0,195,362,-9.0,0.199,1,2017-10-12 07:21:23.330
1384,16.037714,-95.201888,-11.931,-28858.9,16819.6,-9126.7,302.7,497.3,579.8,1.576,0,0,185,273,-9.0,0.176,1,2017-10-12 07:38:30.970
1385,15.401137,-94.725903,-26.478,22131.9,-53621.9,5420.9,271.7,418.8,620.9,1.984,0,0,462,368,-9.0,0.152,1,2017-10-12 07:47:32.500
1386,16.34957,-95.393498,-25.254,-49333.8,51328.6,4196.2,587.8,1004.0,823.1,1.804,0,0,53,50,-9.0,0.183,1,2017-10-12 07:50:24.090
1387,15.145729,-94.461304,-29.614,50533.7,-81884.6,8556.3,1891.0,1282.6,2269.2,2.191,0,0,78,4,-9.0,0.223,1,2017-10-12 07:53:48.310
1388,16.279086,-94.880745,-12.459,5517.6,43529.2,-8598.7,342.9,1130.9,662.8,1.432,0,0,8,17,-9.0,0.176,1,2017-10-12 08:06:30.070
1389,16.392157,-95.170931,-14.518,-25522.8,56041.1,-6539.9,680.2,956.6,862.7,1.44,0,0,11,16,-9.0,0.22,1,2017-10-12 08:07:03.860
1390,15.692634,-94.975505,-64.096,-4627.0,-21365.8,43039.0,313.5,754.8,953.9,1.519,0,0,45,42,-9.0,0.221,1,2017-10-12 08:13:18.070
1391,15.441245,-94.191064,-32.773,-4386.0,6013.2,-500.0,1977.1,1140.2,1827.9,2.108,0,0,8,13,-9.0,0.264,8,2017-10-12 08:14:43.490
1392,15.777723,-94.973315,-60.478,-4391.9,-11950.2,39420.5,319.6,603.3,665.5,2.327,0,0,135,115,-9.0,0.215,1,2017-10-12 08:32:55.780
1393,16.359913,-95.290186,-17.304,-38280.8,52473.2,-3753.5,633.8,781.6,509.2,1.403,0,0,20,56,-9.0,0.283,1,2017-10-12 08:59:53.680
1394,15.154541,-95.022721,-34.149,3199.8,-2590.2,191.6,2020.3,2701.6,4867.1,1.825,0,0,11,1,-9.0,0.454,14,2017-10-12 09:12:47.250
1395,15.899849,-95.224064,-12.966,-31244.1,1564.0,-8091.1,398.0,542.1,526.7,2.493,0,0,189,182,-9.0,0.184,1,2017-10-12 09:12:50.170
1396,16.582474,-95.680908,-0.021,-15055.4,14207.9,-1774.3,5783.2,4509.5,4750.6,1.75,0,0,4,3,-9.0,1.011,3,2017-10-12 09:33:16.690
1397,16.619274,-94.958285,-6.758,-2776.0,81173.2,-14299.1,379.8,550.8,672.4,1.894,0,0,97,65,-9.0,0.173,1,2017-10-12 09:57:51.430
1398,16.141676,-94.981877,-9.406,-5304.2,28323.8,-11651.9,390.8,584.6,640.6,1.451,0,0,23,100,-9.0,0.185,1,2017-10-12 10:08:53.270
1399,15.975827,-95.095394,-1.111,-17461.2,9971.5,-19946.5,486.9,672.0,736.7,1.919,0,0,89,71,-9.0,0.18,1,2017-10-12 10:21:19.660
1400,16.218351,-95.219743,-6.439,-30756.6,36808.4,-14618.6,364.2,682.8,344.0,1.361,0,0,234,293,-9.0,0.185,1,2017-10-12 10:40:31.390
1401,16.021435,-95.228866,-10.565,-31748.0,15018.2,-10492.6,343.2,474.7,664.7,2.422,0,0,265,318,-9.0,0.149,1,2017-10-12 10:41:11.860
1402,16.182938,-95.309774,-18.919,-40394.7,32889.6,-2138.3,970.0,1553.3,1317.3,1.304,0,0,26,45,-9.0,0.276,1,2017-10-12 10:47:34.150
1403,16.38174,-95.172933,-13.286,-25737.4,54888.5,-7771.5,406.6,698.1,561.8,1.88,0,0,189,340,-9.0,0.2,1,2017-10-12 11:06:26.620
1404,15.790635,-95.039095,-41.778,-11438.2,-10521.4,20720.5,500.1,746.2,1328.5,2.072,0,0,24,29,-9.0,0.205,1,2017-10-12 11:17:04.730
1405,16.552865,-95.187354,-3.982,-27268.2,73824.6,-17075.7,316.3,533.5,485.8,2.723,0,0,359,383,-9.0,0.163,1,2017-10-12 11:33:06.630
1406,17.476503,-95.082161,-31.768,4656.4,-376.0,3253.3,22977.7,14930.2,23484.6,3.397,0,0,2,4,-9.0,0.787,38,2017-10-12 11:39:38.960
1407,16.932032,-95.026213,-29.999,3127.2,770.9,-1050.6,6412.6,7682.7,12089.1,1.914,0,0,8,3,-9.0,0.705,17,2017-10-12 11:39:46.930
1408,16.148518,-97.263021,-19.984,596.9,2619.0,2808.6,6077.4,4775.7,6251.4,1.811,0,0,4,3,-9.0,0.412,36,2017-10-12 11:43:51.170
1409,16.221706,-95.365975,-32.398,-46404.4,37179.6,11340.4,508.4,705.8,430.8,1.642,0,0,42,47,-9.0,0.16,1,2017-10-12 11:45:27.370
1410,15.455158,-93.971859,-29.972,2467.1,3046.6,3292.3,2555.6,2051.2,5679.6,2.91,0,0,11,14,-9.0,0.355,15,2017-10-12 11:48:00.570
1411,15.346466,-94.677059,-32.053,27372.9,-59671.7,10995.4,262.6,351.0,790.0,1.729,0,0,450,196,-9.0,0.193,1,2017-10-12 11:53:28.550
1412,16.237465,-95.110645,-25.151,-19081.3,38923.5,4093.5,794.0,1110.5,542.1,1.932,0,0,27,23,-9.0,0.199,1,2017-10-12 12:15:50.220
1413,15.572456,-94.930591,-41.018,184.5,-34664.3,19960.4,534.5,624.8,1399.2,2.057,0,0,13,16,-9.0,0.164,1,2017-10-12 12:33:55.440
1414,16.129114,-95.07487,-8.663,-15257.5,26933.7,-12394.1,431.5,491.3,519.2,2.088,0,0,64,131,-9.0,0.158,1,2017-10-12 13:45:39.640
1415,15.827539,-94.884928,-32.615,5075.7,-6437.7,11557.1,466.2,656.3,718.7,2.14,0,0,29,34,-9.0,0.131,1,2017-10-12 13:52:02.200
1416,15.519263,-94.660343,-43.424,29153.2,-40550.5,22366.4,250.6,509.0,984.6,2.327,0,0,315,308,-9.0,0.184,1,2017-10-12 14:08:39.530
1417,15.333087,-94.674984,-26.298,27596.4,-61152.1,5240.6,352.1,422.9,662.3,2.188,0,0,340,278,-9.0,0.186,1,2017-10-12 15:17:39.800
1418,15.850042,-95.074357,-52.094,-15213.4,-3947.6,31036.5,431.3,718.1,555.1,2.421,0,0,20,43,-9.0,0.135,1,2017-10-12 16:44:07.070
1419,15.48083,-94.70979,-40.121,23854.6,-44803.4,19063.4,339.8,369.3,952.9,2.372,0,0,322,368,-9.0,0.153,1,2017-10-12 17:23:49.220
1420,16.23151,-95.029972,-13.619,-10449.6,38264.5,-7438.5,455.3,1010.6,571.2,1.644,0,0,24,24,-9.0,0.207,1,2017-10-12 18:33:29.480
1421,15.920878,-95.245345,-8.446,-33521.2,3891.0,-12611.1,358.6,440.4,735.8,2.82,0,0,233,162,-9.0,0.158,1,2017-10-12 18:39:03.560
1422,15.805783,-94.933187,-56.396,-93.5,-8845.1,35338.8,458.2,791.1,947.3,2.038,0,0,79,79,-9.0,0.196,1,2017-10-12 18:52:07.720
1423,15.173525,-94.483586,-31.729,48139.8,-78808.8,10671.7,383.5,480.1,740.9,2.537,0,0,119,96,-9.0,0.195,1,2017-10-12 19:08:21.560
1424,16.128162,-95.066439,-11.424,-14355.0,26828.3,-9633.3,439.0,567.8,621.8,2.037,0,0,161,222,-9.0,0.225,1,2017-10-12 19:47:44.840
1425,15.052418,-94.382218,-26.978,59032.1,-92210.1,5920.8,381.1,468.1,727.9,3.282,0,0,196,101,-9.0,0.216,1,2017-10-12 19:49:59.380
1426,15.44551,-94.080697,-48.438,3139.9,178.1,-2351.9,2789.0,3405.7,3849.9,3.186,0,0,2,3,-9.0,0.461,24,2017-10-12 21:15:51.920
1427,15.151694,-94.588436,-32.689,36893.7,-81224.6,11631.3,505.1,765.0,1067.4,2.51,0,0,65,20,-9.0,0.177,1,2017-10-12 21:26:17.880
1428,16.181318,-95.028255,-10.845,-10267.1,32710.4,-10212.6,357.6,697.8,532.6,2.35,0,0,79,94,-9.0,0.184,1,2017-10-12 22:28:26.720
1429,15.007173,-93.560417,-26.347,24602.5,-12809.9,-4725.5,752.6,588.0,1021.3,2.332,0,0,53,53,-9.0,0.181,2,2017-10-12 23:27:06.840
1430,16.417797,-95.180216,-16.726,-26514.1,58878.4,-4331.5,460.0,822.1,560.1,2.201,0,0,271,108,-9.0,0.243,1,2017-10-12 23:30:48.360
1431,15.660962,-94.913127,-55.229,2056.5,-24870.6,34171.9,287.4,439.8,717.0,2.482,0,0,96,113,-9.0,0.163,1,2017-10-13 01:12:17.580
1432,15.863806,-95.070443,-50.898,-14793.8,-2424.4,29841.0,368.6,618.6,633.6,2.285,0,0,71,67,-9.0,0.176,1,2017-10-13 02:14:58.760
1433,15.386777,-94.735254,-34.217,21129.9,-55211.0,13160.0,308.5,567.2,1258.9,2.276,0,0,530,412,-9.0,0.175,1,2017-10-13 02:30:44.900
1434,14.576033,-94.404972,-21.94,511.1,-11813.3,-6150.4,1307.6,2086.2,1143.6,2.661,0,0,8,0,-9.0,0.295,11,2017-10-13 02:32:07.550
1435,15.118445,-93.696663,-29.239,9951.6,-497.7,-1832.9,1202.8,911.1,1007.6,1.778,0,0,30,32,-9.0,0.259,2,2017-10-13 02:58:07.280
1436,15.129387,-93.834741,-30.23,-4890.5,713.1,-841.6,932.8,805.7,1524.6,2.386,0,0,106,140,-9.0,0.247,2,2017-10-13 03:09:26.880
1437,16.360144,-95.115601,-13.071,-19605.7,52498.7,-7986.2,466.7,779.1,463.0,1.674,0,0,167,255,-9.0,0.203,1,2017-10-13 03:10:57.190
1438,16.449116,-95.160791,-3.569,-24434.6,62344.1,-17488.2,360.3,555.2,526.8,1.724,0,0,186,225,-9.0,0.184,1,2017-10-13 03:28:31.010
1439,16.472675,-95.141089,-5.734,-22326.4,64951.0,-15323.7,455.8,561.8,586.7,2.702,0,0,562,381,-9.0,0.251,1,2017-10-13 03:29:23.630
1440,16.353656,-95.091195,-12.622,-16995.5,51780.7,-8435.8,437.6,784.1,479.1,1.85,0,0,218,131,-9.0,0.216,1,2017-10-13 03:36:05.410
1441,15.659864,-94.827791,-61.736,11200.2,-24992.0,40678.1,403.9,806.9,1001.5,2.401,0,0,40,43,-9.0,0.2,1,2017-10-13 03:57:36.640
1442,15.40479,-93.644019,-76.452,3915.3,-1793.5,-2828.2,6336.0,3966.7,4316.1,1.66,0,0,3,5,-9.0,0.541,32,2017-10-13 04:06:47.550
1443,15.467137,-94.753898,-46.706,19126.8,-46318.6,25648.4,224.6,419.4,746.0,1.814,0,0,620,429,-9.0,0.154,1,2017-10-13 04:32:38.990
1444,15.266939,-94.282072,-31.156,69742.4,-68471.8,10098.9,853.7,954.4,1516.5,2.004,0,0,38,43,-9.0,0.194,1,2017-10-13 04:51:09.930
1445,16.390143,-94.866911,-11.186,6995.5,55818.3,-9872.0,512.2,771.8,871.9,1.88,0,0,15,19,-9.0,0.11,1,2017-10-13 04:54:06.090
1446,15.266981,-94.520304,-51.356,44190.7,-68467.2,30298.1,419.1,558.0,1053.0,1.869,0,0,195,221,-9.0,0.24,1,2017-10-13 05:09:04.320
1447,16.300688,-97.87749,-13.869,8155.7,3556.3,-1753.9,1004.5,813.3,1145.0,0.519,0,0,8,5,-9.0,0.21,13,2017-10-13 05:13:14.090
1448,16.079337,-95.038021,-9.41,-11314.9,21425.5,-11647.3,496.5,616.8,714.9,1.771,0,0,92,125,-9.0,0.249,1,2017-10-13 05:23:48.130
1449,16.446226,-95.126603,-10.244,-20778.8,62024.3,-10813.4,729.6,695.1,1187.4,1.298,0,0,345,359,-9.0,0.225,1,2017-10-13 05:27:35.350
1450,15.563777,-94.777865,-32.125,16553.9,-35624.7,11067.3,489.7,812.7,1153.0,2.022,0,0,443,340,-9.0,0.159,1,2017-10-13 05:35:16.250
1451,16.46959,-95.132194,-1.513,-21375.0,64609.6,-19544.4,338.6,481.3,372.1,2.228,0,0,464,364,-9.0,0.203,1,2017-10-13 05:48:14.370
1452,16.195787,-95.20485,-5.136,-29164.4,34311.5,-15921.1,374.7,674.0,584.9,2.386,0,0,229,279,-9.0,0.196,1,2017-10-13 06:00:03.420
1453,16.096528,-95.175277,-4.204,-26006.1,23327.8,-16853.4,429.3,977.2,868.5,2.386,0,0,23,5,-9.0,0.265,1,2017-10-13 06:00:03.960
1454,15.089968,-94.374406,-31.722,59864.8,-88055.0,10664.1,457.7,438.8,729.5,2.348,0,0,292,173,-9.0,0.238,1,2017-10-13 06:02:23.710
1455,16.117485,-95.152832,-3.109,-23603.1,25646.8,-17948.6,394.3,688.8,514.8,1.57,0,0,230,144,-9.0,0.231,1,2017-10-13 06:04:06.650
1456,15.466684,-94.705859,-25.582,24276.9,-46368.7,4524.2,320.5,410.8,729.7,3.054,0,0,404,340,-9.0,0.175,1,2017-10-13 08:46:51.260
1457,15.797193,-94.993164,-50.507,-6517.7,-9795.6,29449.7,369.2,556.2,833.8,1.803,0,0,53,52,-9.0,0.188,1,2017-10-13 08:52:18.180
1458,14.979777,-94.127808,-29.224,86348.1,-100248.3,8166.1,659.7,670.9,1158.4,2.662,0,0,49,32,-9.0,0.229,1,2017-10-13 09:09:13.710
1459,15.565739,-94.7743,-72.859,16936.0,-35407.6,51801.4,254.2,862.9,1024.6,2.579,0,0,75,55,-9.0,0.197,1,2017-10-13 09:15:45.410
1460,15.234595,-94.542196,-29.767,41846.1,-72051.0,8709.0,425.7,409.2,711.9,2.13,0,0,201,193,-9.0,0.216,1,2017-10-13 09:39:32.820
1461,15.507686,-94.660099,-26.873,29180.1,-41831.5,5815.2,448.7,400.7,768.6,1.827,0,0,168,216,-9.0,0.203,1,2017-10-13 09:42:38.720
1462,15.292146,-94.545996,-49.991,41432.7,-65682.5,28933.1,359.2,516.5,1257.7,2.637,0,0,203,131,-9.0,0.198,1,2017-10-13 09:44:23.890
1463,15.41875,-94.736385,-47.152,21007.6,-51672.9,26094.2,416.0,618.1,791.6,1.837,0,0,393,282,-9.0,0.173,1,2017-10-13 09:46:32.040
1464,16.370053,-95.158854,-13.389,-24232.5,53595.3,-7668.5,558.2,710.1,502.9,1.636,0,0,232,433,-9.0,0.241,1,2017-10-13 10:27:13.520
1465,16.459874,-95.138428,-3.135,-22042.2,63534.5,-17922.2,643.1,760.1,617.5,1.529,0,0,364,410,-9.0,0.224,1,2017-10-13 10:42:33.300
1466,16.457975,-95.103768,-2.028,-18336.0,63324.5,-19029.3,326.1,483.6,466.0,2.093,0,0,461,490,-9.0,0.191,1,2017-10-13 10:47:47.100
1467,15.262538,-94.374813,-31.988,59795.9,-68958.8,10930.6,472.7,546.5,830.7,2.113,0,0,81,94,-9.0,0.218,1,2017-10-13 10:55:38.260
1468,15.111118,-93.817464,-29.808,-3033.3,-1308.4,-1264.5,1084.2,588.0,1417.2,2.4,0,0,103,149,-9.0,0.231,2,2017-10-13 11:09:31.240
1469,15.423963,-94.674015,-37.862,27694.2,-51096.0,16804.2,280.4,647.9,2034.9,2.125,0,0,300,255,-9.0,0.205,1,2017-10-13 12:53:29.900
1470,16.146944,-95.275423,-31.07,-36721.1,28906.8,10012.7,613.0,786.3,589.9,2.153,0,0,19,22,-9.0,0.163,1,2017-10-13 13:39:06.010
1471,16.58065,-94.944303,-7.471,-1281.4,76899.2,-13586.6,369.7,572.1,637.6,2.168,0,0,58,57,-9.0,0.184,1,2017-10-13 14:05:25.990
1472,15.754929,-94.950618,-47.995,-1960.3,-14472.5,26937.1,445.3,570.5,779.8,2.025,0,0,75,58,-9.0,0.206,1,2017-10-13 14:51:35.010
1473,16.130484,-97.526489,-10.755,5396.4,1691.1,265.9,216.9,265.0,407.7,1.712,0,0,16,19,-9.0,0.13,7,2017-10-13 14:53:02.980
1474,16.041654,-95.203263,-12.863,-29006.1,17255.7,-8193.0,323.8,408.3,383.9,2.193,0,0,237,316,-9.0,0.137,1,2017-10-13 15:56:49.910
1475,16.255769,-95.312598,-14.969,-40689.1,40948.9,-6088.5,421.9,687.6,481.0,2.424,0,0,67,88,-9.0,0.181,1,2017-10-13 16:37:17.120
1476,15.243853,-94.471737,-21.983,49402.7,-71026.5,925.7,345.0,390.3,558.0,2.751,0,0,201,130,-9.0,0.199,1,2017-10-13 17:11:10.740
1477,15.130816,-93.860067,-28.169,-7612.9,871.1,-2903.3,550.3,485.7,1179.6,2.779,0,0,125,142,-9.0,0.217,2,2017-10-13 17:13:38.160
1478,15.320379,-94.651473,-53.779,30118.5,-62558.4,32721.5,350.6,602.8,990.2,2.462,0,0,248,264,-9.0,0.185,1,2017-10-13 19:32:29.560
1479,16.058494,-95.239388,-25.596,-32871.5,19119.1,4538.1,592.2,614.1,595.6,1.881,0,0,28,30,-9.0,0.236,1,2017-10-13 19:55:26.000
1480,16.424139,-95.165373,-8.051,-24926.0,59580.2,-13006.0,279.3,379.5,473.4,2.131,0,0,413,472,-9.0,0.204,1,2017-10-13 20:07:17.480
1481,15.087168,-93.839738,-30.212,-5428.5,-3958.4,-860.2,684.8,594.1,1069.7,3.043,0,0,158,170,-9.0,0.251,2,2017-10-13 20:12:25.100
1482,15.500283,-94.615462,-43.257,33965.5,-42650.8,22199.8,331.4,467.1,821.5,2.065,0,0,135,111,-9.0,0.182,1,2017-10-13 20:19:56.320
1483,15.121792,-94.355591,-3.938,61879.1,-84533.4,-17119.1,958.6,1103.3,1083.0,2.675,0,0,12,3,-9.0,0.189,1,2017-10-13 20:30:10.900
1484,15.420324,-94.743734,-26.371,20218.8,-51498.7,5313.7,229.2,387.2,581.8,2.055,0,0,394,259,-9.0,0.15,1,2017-10-13 20:44:11.240
1485,15.92635,-95.106095,-59.793,-18608.9,4496.5,38735.4,410.4,638.0,602.0,2.818,0,0,44,47,-9.0,0.193,1,2017-10-13 21:31:28.640
1486,15.692221,-94.90778,-55.726,2628.6,-21411.5,34668.3,264.9,495.5,689.2,2.085,0,0,76,93,-9.0,0.153,1,2017-10-13 22:00:07.760
1487,16.207319,-95.401213,-54.828,-76.7,1169.5,3193.1,7189.3,11054.3,14753.4,1.952,0,0,2,3,-9.0,0.724,21,2017-10-13 22:03:05.240
1488,14.943503,-94.689006,-33.45,2759.7,3413.8,1410.1,12936.1,2660.6,33417.0,2.915,0,0,3,3,-9.0,1.83,29,2017-10-13 23:40:30.080
1489,15.286823,-94.403385,-39.199,56728.6,-66271.6,18141.7,574.4,1075.1,2729.9,2.039,0,0,11,9,-9.0,0.188,1,2017-10-14 00:03:13.640
1490,15.922998,-95.040649,-17.206,-11600.7,4125.6,-3851.6,531.8,858.9,709.0,5.611,0,0,17,12,-9.0,0.169,1,2017-10-14 00:20:55.760
1491,16.443226,-94.812817,-1.846,12780.5,61692.3,-19211.3,746.0,2124.8,1401.8,2.684,0,0,9,9,-9.0,0.144,1,2017-10-14 00:29:25.480
1492,16.397416,-95.204631,-12.747,-29127.0,56623.1,-8310.2,463.1,761.3,587.0,1.661,0,0,209,163,-9.0,0.255,1,2017-10-14 00:38:48.960
1493,16.426707,-95.103874,-12.058,-18348.1,59864.4,-8999.3,475.3,641.7,683.9,2.42,0,0,441,370,-9.0,0.23,1,2017-10-14 01:01:52.990
1494,15.973966,-95.213989,-12.323,-30159.0,9765.6,-8734.2,378.6,407.6,511.9,2.044,0,0,199,290,-9.0,0.151,1,2017-10-14 01:35:29.720
1495,16.510274,-95.092822,-6.891,-17162.6,69111.7,-14166.7,252.3,556.8,688.6,2.092,0,0,310,388,-9.0,0.16,1,2017-10-14 01:44:33.230
1496,16.168459,-95.256396,-6.255,-34683.2,31287.5,-14802.8,275.0,516.2,588.5,2.276,0,0,248,334,-9.0,0.19,1,2017-10-14 01:59:13.650
1497,15.564138,-94.748275,-41.5,19725.2,-35584.8,20442.9,272.0,747.0,1644.9,2.347,0,0,244,326,-9.0,0.135,1,2017-10-14 01:59:53.390
1498,14.677277,-94.707373,-30.062,-2275.3,-2431.3,1351.8,17164.1,10250.5,15335.2,2.143,0,0,5,0,-9.0,0.978,41,2017-10-14 02:08:26.780
1499,15.051144,-94.297249,-30.776,68149.6,-92351.0,9718.9,416.9,438.0,919.2,2.853,0,0,276,112,-9.0,0.184,1,2017-10-14 02:18:12.460
1500,15.326078,-94.600407,-26.457,35594.4,-61927.7,5399.9,270.1,390.1,517.2,2.425,0,0,561,264,-9.0,0.205,1,2017-10-14 02:40:28.290
1501,15.377702,-94.678328,-45.642,27234.1,-56215.2,24584.3,270.2,410.5,733.3,2.471,0,0,212,386,-9.0,0.187,1,2017-10-14 02:40:50.400
1502,16.415159,-95.138623,-11.572,-22065.2,58586.5,-9485.2,389.4,701.8,562.3,1.763,0,0,249,424,-9.0,0.225,1,2017-10-14 02:42:34.720
1503,16.609657,-94.642749,-1.599,30955.6,80109.0,-19458.2,466.7,552.8,541.0,2.251,0,0,26,22,-9.0,0.202,1,2017-10-14 02:43:32.390
1504,15.610949,-93.690055,-90.967,1100.7,2478.4,2369.9,5763.8,1595.3,2436.3,2.004,0,0,10,14,-9.0,0.782,9,2017-10-14 03:11:29.990
1505,15.268633,-94.631063,-33.741,32311.5,-68284.4,12683.0,366.0,523.9,1297.8,2.794,0,0,396,293,-9.0,0.202,1,2017-10-14 03:26:36.200
1506,16.289167,-95.31027,-24.725,-40436.9,44644.7,3667.8,553.9,928.9,495.7,1.75,0,0,63,86,-9.0,0.228,1,2017-10-14 03:44:41.500
1507,15.786973,-95.218416,-19.272,-30647.7,-10926.5,-1785.4,838.8,1109.7,1167.7,1.971,0,0,23,6,-9.0,0.168,1,2017-10-14 03:47:15.300
1508,16.300713,-95.359782,-27.613,-45732.3,45922.3,6555.5,436.4,718.1,604.0,3.314,0,0,54,74,-9.0,0.138,1,2017-10-14 03:58:10.630
1509,16.368608,-95.467228,-26.296,-57218.0,53435.3,5238.9,742.4,822.1,1424.1,1.693,0,0,13,14,-9.0,0.169,1,2017-10-14 04:02:27.050
1510,16.369963,-95.126587,-12.958,-20780.9,53585.3,-8099.2,419.8,720.0,534.7,1.998,0,0,368,389,-9.0,0.191,1,2017-10-14 04:12:55.590
1511,16.464386,-95.101107,-3.863,-18050.6,64033.8,-17194.9,323.5,385.8,542.9,1.672,0,0,461,496,-9.0,0.205,1,2017-10-14 04:29:00.820
1512,16.120099,-95.069108,-8.191,-14641.0,25936.0,-12866.3,411.9,517.5,644.5,1.44,0,0,71,205,-9.0,0.177,1,2017-10-14 04:42:54.480
1513,15.443311,-94.67854,-43.327,27207.3,-48955.2,22269.5,529.1,537.4,1060.0,2.555,0,0,649,317,-9.0,0.229,1,2017-10-14 04:43:38.820
1514,16.395603,-95.149788,-11.837,-23260.6,56422.5,-9220.6,425.6,652.4,577.7,1.542,0,0,295,370,-9.0,0.237,1,2017-10-14 04:47:10.400
1515,16.446781,-95.121354,-1.513,-20217.2,62085.7,-19544.5,313.9,437.0,353.8,2.305,0,0,186,354,-9.0,0.175,1,2017-10-14 04:49:10.780
1516,16.402955,-95.11141,-0.85,-19155.1,57236.1,-20207.0,674.6,1129.7,594.1,2.165,0,0,64,46,-9.0,0.263,1,2017-10-14 04:51:54.620
1517,15.129844,-93.842318,-33.521,-5704.7,763.6,2448.9,554.0,849.5,2697.1,2.643,0,0,147,174,-9.0,0.237,2,2017-10-14 05:08:49.260
1518,16.301359,-95.356868,-23.288,-45420.6,45993.8,2230.6,550.5,959.0,658.1,1.926,0,0,75,76,-9.0,0.224,1,2017-10-14 05:13:30.150
1519,16.455886,-95.129907,-4.228,-21131.0,63093.2,-16829.6,297.0,398.7,519.2,1.677,0,0,335,468,-9.0,0.162,1,2017-10-14 05:29:57.170
1520,15.445997,-94.676929,-24.378,27380.2,-48657.9,3321.0,367.2,467.8,866.9,2.462,0,0,552,368,-9.0,0.202,1,2017-10-14 05:31:05.810
1521,16.372416,-94.942375,-10.605,-1076.0,53856.7,-10452.5,324.0,579.8,600.6,2.035,0,0,45,50,-9.0,0.183,1,2017-10-14 05:50:37.690
1522,15.463787,-94.575374,-32.872,38265.8,-46689.3,11814.7,427.2,546.7,598.9,2.429,0,0,266,196,-9.0,0.154,1,2017-10-14 05:55:52.830
1523,16.478345,-95.125407,-6.65,-20648.9,65578.4,-14407.9,301.8,467.9,581.5,1.931,0,0,364,354,-9.0,0.207,1,2017-10-14 06:02:14.710
1524,16.71251,-94.519181,-62.44,-3591.2,-4436.6,-89.7,8476.4,9934.3,9777.5,2.023,0,0,4,6,-9.0,0.695,30,2017-10-14 06:13:20.270
1525,15.458835,-94.755721,-28.315,18932.6,-47237.3,7257.9,355.2,522.5,790.6,2.099,0,0,494,155,-9.0,0.172,1,2017-10-14 06:25:24.820
1526,15.729368,-94.405599,-32.444,13013.0,-885.0,6258.7,1105.8,716.5,1856.2,2.611,0,0,9,9,-9.0,0.387,6,2017-10-14 06:35:03.180
1527,15.237896,-94.524097,-32.537,43786.8,-71685.7,11479.5,407.4,429.0,708.5,2.256,0,0,184,228,-9.0,0.229,1,2017-10-14 06:44:32.910
1528,16.470089,-95.182878,-3.994,-26795.2,64664.9,-17063.4,375.9,623.9,515.2,2.331,0,0,493,393,-9.0,0.168,1,2017-10-14 06:46:37.070
1529,16.483873,-95.214404,-7.837,-30165.7,66190.2,-13220.9,248.9,388.7,400.3,2.255,0,0,333,373,-9.0,0.157,1,2017-10-14 06:48:34.850
1530,16.621815,-94.931315,-1.233,107.4,81454.3,-19825.0,372.3,578.7,571.9,1.712,0,0,48,61,-9.0,0.155,1,2017-10-14 07:00:30.040
1531,15.393414,-94.705119,-29.093,24360.8,-54476.6,8035.4,395.5,523.7,1132.5,1.811,0,0,403,312,-9.0,0.216,1,2017-10-14 07:23:07.080
1532,16.38809,-95.157406,-14.891,-24076.2,55591.1,-6166.6,418.7,661.3,457.1,1.902,0,0,377,352,-9.0,0.2,1,2017-10-14 07:33:05.570
1533,15.505075,-94.757471,-44.602,18742.1,-42120.5,23544.2,332.1,651.5,1120.5,2.211,0,0,585,367,-9.0,0.196,1,2017-10-14 07:41:40.490
1534,15.526424,-94.768636,-50.879,17544.7,-39758.1,29821.3,426.5,421.7,889.0,2.404,0,0,378,202,-9.0,0.157,1,2017-10-14 07:51:42.530
1535,15.120367,-93.709261,-24.682,8597.2,-285.0,-6389.8,1012.1,956.6,1188.4,2.888,0,0,43,46,-9.0,0.308,2,2017-10-14 07:53:37.710
1536,16.446409,-95.129175,-5.389,-21053.1,62044.5,-15668.8,322.8,423.0,338.9,1.952,0,0,539,564,-9.0,0.206,1,2017-10-14 08:00:10.190
1537,15.090091,-93.857186,-30.269,-7304.0,-3635.1,-803.1,1371.3,1514.8,2613.3,2.041,0,0,92,90,-9.0,0.339,2,2017-10-14 08:21:25.030
1538,15.245918,-94.581592,-28.752,37619.0,-70798.0,7694.4,551.1,795.9,773.5,2.33,0,0,316,265,-9.0,0.253,1,2017-10-14 08:34:03.840
1539,15.709509,-95.015527,-56.895,-8915.5,-19498.4,35837.1,324.4,455.7,739.2,1.71,0,0,35,50,-9.0,0.186,1,2017-10-14 08:42:02.560
1540,15.256583,-94.57867,-20.641,37931.4,-69617.8,-416.6,301.7,342.3,715.9,2.936,0,0,361,232,-9.0,0.207,1,2017-10-14 08:45:30.570
1541,15.277802,-94.588468,-22.839,36878.7,-67269.8,1781.3,560.0,612.1,737.3,2.208,0,0,407,243,-9.0,0.214,1,2017-10-14 08:55:58.090
1542,16.432557,-95.140275,-4.444,-22241.1,60511.7,-16613.1,302.8,399.4,487.0,1.698,0,0,287,456,-9.0,0.184,1,2017-10-14 09:10:53.020
1543,16.630586,-94.932878,-2.995,-59.7,82424.9,-18062.2,365.8,559.9,444.1,1.885,0,0,78,65,-9.0,0.179,1,2017-10-14 09:16:29.420
1544,15.475844,-94.749854,-31.1,19560.7,-45355.0,10042.2,349.8,501.3,690.0,1.563,0,0,422,407,-9.0,0.159,1,2017-10-14 09:18:39.540
1545,16.635671,-95.023592,-4.15,-9756.7,82987.7,-16907.4,345.8,523.3,628.0,1.675,0,0,51,70,-9.0,0.154,1,2017-10-14 09:22:22.520
1546,16.291014,-95.350431,-28.182,-44733.4,44849.0,7124.9,537.5,793.4,469.7,1.541,0,0,58,63,-9.0,0.164,1,2017-10-14 09:26:19.660
1547,16.458805,-95.184025,-5.064,-26918.4,63416.2,-15993.8,276.5,383.7,492.2,1.495,0,0,473,381,-9.0,0.158,1,2017-10-14 09:27:38.270
1548,16.451804,-95.12509,-4.362,-20616.6,62641.5,-16695.3,388.2,537.9,668.0,2.602,0,0,308,388,-9.0,0.2,1,2017-10-14 09:30:57.470
1549,16.595508,-94.684473,-1.046,26496.0,78543.3,-20011.6,467.9,563.9,493.4,2.429,0,0,34,20,-9.0,0.182,1,2017-10-14 09:43:01.190
1550,16.442798,-95.157625,-7.036,-24096.2,61644.9,-14021.2,344.0,537.5,631.3,2.215,0,0,528,532,-9.0,0.204,1,2017-10-14 09:55:51.440
1551,16.445365,-95.156974,-8.039,-24026.8,61929.1,-13018.6,240.3,394.3,489.7,1.747,0,0,349,544,-9.0,0.195,1,2017-10-14 09:57:36.310
1552,15.33318,-94.633683,-12.35,32024.7,-61141.9,-8707.1,574.2,496.8,821.1,3.278,0,0,126,45,-9.0,0.201,1,2017-10-14 10:03:31.870
1553,15.469276,-94.648853,-42.995,30388.5,-46081.9,21937.4,421.1,391.9,938.4,1.773,0,0,359,279,-9.0,0.167,1,2017-10-14 10:24:02.910
1554,15.074732,-93.609595,-20.035,19312.4,-5334.4,-11037.4,1606.1,866.2,1199.7,1.86,0,0,34,35,-9.0,0.277,2,2017-10-14 10:37:20.950
1555,15.193514,-94.457707,-19.691,50914.1,-76596.8,-1366.7,600.6,646.5,904.0,1.951,0,0,66,9,-9.0,0.174,1,2017-10-14 10:39:21.090
1556,15.986107,-95.217855,-12.839,-30572.3,11109.0,-8219.0,329.3,556.6,638.8,2.241,0,0,293,332,-9.0,0.149,1,2017-10-14 10:41:30.400
1557,15.330448,-94.147477,-33.844,292.5,-6246.6,570.8,1857.7,1134.6,7892.6,2.021,0,0,13,20,-9.0,0.312,8,2017-10-14 12:29:19.470
1558,16.416589,-95.052083,-24.001,-12809.7,58744.8,2943.7,868.6,1106.5,798.1,2.348,0,0,23,18,-9.0,0.206,1,2017-10-14 13:27:21.290
1559,16.599211,-94.682235,-1.951,26735.4,78953.1,-19106.1,583.3,783.9,692.3,2.653,0,0,32,21,-9.0,0.22,1,2017-10-14 14:45:11.190
1560,16.39824,-95.115861,-11.556,-19631.9,56714.4,-9501.5,415.9,669.8,502.7,2.135,0,0,417,375,-9.0,0.231,1,2017-10-14 15:01:17.700
1561,16.615943,-94.831315,-4.469,10797.0,80804.7,-16588.3,549.3,730.1,976.2,2.571,0,0,29,22,-9.0,0.167,1,2017-10-14 15:03:45.610
1562,15.543036,-94.741553,-35.083,20446.7,-37919.8,14025.2,296.9,418.4,724.5,2.724,0,0,426,405,-9.0,0.169,1,2017-10-14 15:26:50.710
1563,15.009804,-94.268856,-32.764,71203.8,-96925.5,11706.8,413.4,498.4,857.7,2.099,0,0,63,58,-9.0,0.145,1,2017-10-14 17:43:27.520
1564,15.481503,-94.753735,-46.228,19144.4,-44728.9,25170.6,291.3,495.5,891.3,2.45,0,0,720,414,-9.0,0.169,1,2017-10-14 17:59:29.200
1565,16.546761,-95.188338,-4.276,-27374.0,73149.2,-16782.0,297.3,375.6,483.7,2.252,0,0,281,255,-9.0,0.128,1,2017-10-14 18:00:01.520
1566,15.282294,-94.812809,-33.363,12817.2,-66772.8,12305.1,577.3,712.0,874.8,1.618,0,0,27,31,-9.0,0.215,1,2017-10-14 18:31:38.480
1567,15.321011,-94.620451,-22.909,33444.9,-62488.3,1851.7,271.3,546.3,712.8,3.238,0,0,566,317,-9.0,0.225,1,2017-10-14 18:53:05.900
1568,15.057904,-94.331104,-29.354,64516.1,-91603.0,8296.7,401.2,459.7,731.4,3.113,0,0,319,161,-9.0,0.22,1,2017-10-14 18:59:55.020
1569,16.405505,-95.157511,-13.12,-24086.7,57518.2,-7937.1,374.9,745.2,692.0,2.557,0,0,458,553,-9.0,0.227,1,2017-10-14 19:10:05.720
1570,16.248704,-95.081421,-1.366,-15954.0,40167.1,-19691.1,707.9,951.3,865.1,3.072,0,0,20,45,-9.0,0.249,1,2017-10-14 19:33:41.200
1571,15.008802,-93.578703,-28.937,22636.3,-12629.6,-2135.4,711.1,644.2,1199.7,2.336,0,0,56,53,-9.0,0.205,2,2017-10-14 19:44:45.520
1572,15.43675,-94.682373,-30.458,26796.5,-49681.1,9400.1,328.3,539.9,763.2,2.113,0,0,423,375,-9.0,0.178,1,2017-10-14 19:47:11.320
1573,15.981201,-95.183586,-15.544,-26903.7,10566.1,-5513.2,481.6,576.6,960.8,2.198,0,0,23,29,-9.0,0.211,1,2017-10-14 19:56:49.200
1574,15.362894,-94.642814,-24.878,31043.8,-57853.9,3820.6,268.9,405.3,707.3,2.372,0,0,466,237,-9.0,0.184,1,2017-10-14 20:02:50.440
1575,16.199246,-95.096338,-4.664,-17552.2,34694.3,-16393.3,364.3,598.1,792.9,2.063,0,0,81,100,-9.0,0.225,1,2017-10-14 20:12:45.240
1576,15.700701,-94.951831,-33.025,-2091.2,-20473.2,11967.1,362.9,480.0,625.1,2.574,0,0,169,114,-9.0,0.228,1,2017-10-14 21:26:58.120
1577,15.448857,-94.718848,-25.268,22886.2,-48341.4,4210.2,424.2,628.9,1151.9,2.243,0,0,605,371,-9.0,0.177,1,2017-10-14 22:22:42.280
1578,15.394178,-94.59174,-34.116,36517.5,-54392.0,13058.8,620.6,697.1,2094.8,2.042,0,0,263,188,-9.0,0.182,1,2017-10-14 23:31:48.280
1579,16.510178,-95.06971,-4.014,-14691.9,69101.0,-17043.1,318.2,391.0,456.3,1.909,0,0,220,236,-9.0,0.114,1,2017-10-14 23:32:37.840
1580,16.518385,-95.101261,-5.025,-18064.9,70009.2,-16032.9,283.1,383.2,405.7,1.686,0,0,206,367,-9.0,0.135,1,2017-10-15 03:19:05.880
1581,15.940363,-95.285701,-9.655,-37841.0,6047.1,-11402.3,392.7,422.9,672.1,1.582,0,0,131,147,-9.0,0.211,1,2017-10-15 04:10:15.410
1582,15.66844,-95.015828,-31.125,-8948.5,-24043.0,10067.3,567.9,618.7,898.9,1.806,0,0,34,49,-9.0,0.145,1,2017-10-15 04:11:04.160
1583,15.547163,-94.7896,-44.08,15296.4,-37463.2,23022.1,306.8,443.9,762.2,1.986,0,0,393,280,-9.0,0.152,1,2017-10-15 04:12:24.860
1584,15.135978,-94.15415,-39.15,83489.2,-82963.6,18092.1,478.2,542.3,2152.9,3.627,0,0,73,49,-9.0,0.21,1,2017-10-15 04:26:16.780
1585,15.856203,-95.091992,-52.268,-17101.7,-3265.7,31210.8,380.6,626.1,787.7,3.001,0,0,40,33,-9.0,0.136,1,2017-10-15 04:27:58.330
1586,16.008293,-95.264453,-8.446,-35559.7,13564.0,-12611.6,277.6,301.5,525.1,2.18,0,0,225,190,-9.0,0.14,1,2017-10-15 04:32:51.560
1587,15.223346,-94.561157,-26.456,39813.0,-73295.8,5398.5,386.0,568.8,639.7,2.109,0,0,163,113,-9.0,0.19,1,2017-10-15 04:39:03.720
1588,16.240692,-95.238444,-7.815,-32755.7,39280.5,-13242.8,467.8,436.0,504.6,1.802,0,0,306,373,-9.0,0.213,1,2017-10-15 04:46:47.200
1589,16.593322,-94.682137,-1.105,26746.3,78301.4,-19952.4,456.5,763.8,465.8,2.074,0,0,22,20,-9.0,0.233,1,2017-10-15 04:57:08.700
1590,16.593654,-94.693481,-1.289,25532.9,78338.3,-19768.6,497.1,622.5,581.7,2.343,0,0,34,20,-9.0,0.198,1,2017-10-15 05:01:29.510
1591,16.226681,-95.200928,-4.607,-28742.5,37730.1,-16450.6,238.2,247.4,231.5,1.413,0,0,334,325,-9.0,0.155,1,2017-10-15 05:13:18.360
1592,16.229619,-95.192708,-4.118,-27863.2,38055.2,-16938.8,277.5,221.8,254.0,1.276,0,0,276,319,-9.0,0.144,1,2017-10-15 05:16:24.650
1593,15.346699,-94.074219,-40.506,8158.0,-4448.4,7232.9,1084.5,1162.3,3268.9,2.498,0,0,7,9,-9.0,0.23,8,2017-10-15 05:33:06.820
1594,14.721224,-94.66512,-27.357,2274.8,2431.2,-1352.9,17687.2,10229.8,14336.2,1.572,0,0,5,0,-9.0,0.978,41,2017-10-15 06:08:42.360
1595,16.64715,-94.936466,-4.579,-443.3,84257.8,-16479.0,350.8,537.4,596.3,1.919,0,0,50,49,-9.0,0.105,1,2017-10-15 06:10:45.000
1596,16.451418,-95.138843,-2.454,-22087.4,62598.9,-18603.3,352.0,572.4,406.4,1.704,0,0,318,342,-9.0,0.179,1,2017-10-15 06:23:43.720
1597,16.465201,-95.143498,-3.629,-22583.9,64124.0,-17428.6,364.8,385.6,377.5,1.478,0,0,489,456,-9.0,0.162,1,2017-10-15 06:27:51.120
1598,16.47624,-95.103402,-3.66,-18296.0,65345.6,-17397.5,332.7,480.5,477.1,1.505,0,0,356,423,-9.0,0.176,1,2017-10-15 06:47:38.700
1599,15.262799,-94.195557,-16.629,2427.8,-1156.5,-1105.5,12610.9,6288.2,6979.1,1.589,0,0,4,3,-9.0,0.467,40,2017-10-15 07:03:13.430
1600,15.52213,-94.690584,-37.553,25911.6,-40233.2,16495.1,327.8,520.2,1595.9,1.656,0,0,442,264,-9.0,0.188,1,2017-10-15 08:25:54.040
1601,15.577738,-94.838468,-25.965,10058.0,-34079.8,4907.3,335.9,485.5,791.9,1.447,0,0,221,192,-9.0,0.239,1,2017-10-15 08:35:14.650
1602,15.488349,-94.7934,-24.929,14891.4,-43971.3,3871.8,330.5,372.1,805.9,1.564,0,0,224,271,-9.0,0.169,1,2017-10-15 08:50:10.840
1603,16.386607,-95.07063,-13.393,-14794.2,55427.0,-7664.7,431.1,722.9,481.1,1.776,0,0,304,345,-9.0,0.222,1,2017-10-15 09:05:22.370
1604,15.030482,-94.378182,-55.231,59468.3,-94637.5,34173.3,794.1,718.5,1497.9,1.642,0,0,133,97,-9.0,0.229,1,2017-10-15 09:11:17.740
1605,14.998296,-94.480811,-34.872,48458.1,-98199.0,13814.5,1008.0,884.8,2319.4,1.626,0,0,33,4,-9.0,0.145,1,2017-10-15 09:25:26.350
1606,16.042745,-95.16272,-13.283,-24665.4,17376.3,-7774.1,236.0,379.4,459.0,1.838,0,0,226,282,-9.0,0.12,1,2017-10-15 09:33:02.050
1607,15.379533,-94.696134,-33.207,25325.4,-56012.6,12149.6,302.9,507.0,867.6,1.82,0,0,455,407,-9.0,0.173,1,2017-10-15 09:43:19.450
1608,16.385694,-95.069539,-14.552,-14677.4,55326.1,-6506.0,449.0,781.2,542.8,1.603,0,0,104,238,-9.0,0.212,1,2017-10-15 09:45:56.570
1609,15.86071,-94.924805,-42.991,804.3,-2767.0,21933.2,465.2,543.7,798.5,2.897,0,0,42,49,-9.0,0.188,1,2017-10-15 09:47:26.940
1610,15.501847,-94.646004,-31.613,30690.9,-42477.6,10555.5,316.0,459.6,755.2,1.819,0,0,331,274,-9.0,0.177,1,2017-10-15 09:51:24.500
1611,15.385893,-94.668563,-20.201,28280.6,-55308.8,-856.1,636.8,479.7,875.3,1.88,0,0,287,208,-9.0,0.218,1,2017-10-15 09:59:06.750
1612,16.467978,-95.118864,-4.803,-19949.7,64431.3,-16254.8,320.4,486.3,562.8,1.83,0,0,405,414,-9.0,0.194,1,2017-10-15 10:00:16.160
1613,16.471439,-95.202441,-6.874,-28887.3,64814.2,-14183.5,266.4,409.2,485.3,1.916,0,0,334,255,-9.0,0.162,1,2017-10-15 10:00:37.350
1614,16.096192,-95.073836,-62.974,-15148.5,23290.6,41916.3,665.9,984.6,845.1,1.968,0,0,31,41,-9.0,0.222,1,2017-10-15 10:07:25.770
1615,16.523392,-94.805005,-10.28,13612.6,70563.2,-10777.6,426.1,637.6,1572.9,1.867,0,0,23,27,-9.0,0.081,1,2017-10-15 10:21:45.030
1616,16.576011,-94.946924,-9.634,-1562.0,76385.8,-11423.1,392.0,717.8,708.9,1.908,0,0,42,47,-9.0,0.226,1,2017-10-15 10:45:30.510
1617,15.457275,-94.761597,-26.276,18302.3,-47409.9,5218.7,960.3,753.0,1286.4,1.557,0,0,361,260,-9.0,0.146,1,2017-10-15 11:13:47.800
1618,15.324644,-94.671102,-32.26,28012.5,-62086.5,11202.3,337.1,322.1,485.2,1.41,0,0,397,269,-9.0,0.194,1,2017-10-15 11:20:00.300
1619,16.496494,-94.684106,-18.818,26541.5,67586.7,-2239.5,1007.6,1329.2,1217.0,2.024,0,0,5,4,-9.0,0.275,1,2017-10-15 11:38:43.600
1620,16.508779,-95.090177,-6.977,-16879.9,68946.2,-14080.5,278.1,398.4,461.5,2.089,0,0,346,369,-9.0,0.145,1,2017-10-15 11:46:25.610
1621,15.605784,-94.760897,-31.187,18371.0,-30976.3,10129.9,429.3,337.9,693.6,1.798,0,0,106,79,-9.0,0.165,1,2017-10-15 11:47:37.470
1622,16.446366,-95.152018,-15.081,-23496.6,62039.8,-5976.2,1062.1,685.1,884.7,1.871,0,0,208,182,-9.0,0.249,1,2017-10-15 13:45:44.850
1623,15.525457,-94.790666,-45.362,15183.6,-39865.1,24304.6,306.3,471.7,661.7,2.243,0,0,265,379,-9.0,0.165,1,2017-10-15 14:11:44.170
1624,15.469382,-94.769368,-31.117,17468.9,-46070.2,10059.9,939.5,400.2,653.4,1.843,0,0,274,267,-9.0,0.266,1,2017-10-15 14:19:15.900
1625,15.724753,-94.861556,-41.641,7581.0,-17811.7,20583.4,371.7,470.5,815.2,3.428,0,0,163,124,-9.0,0.205,1,2017-10-15 14:33:23.470
1626,16.907988,-95.566813,-0.032,2635.6,-2253.4,-2458.0,76.9,90.6,77.5,2.52,0,0,1,2,-9.0,0.21,34,2017-10-15 14:40:24.320
1627,16.386813,-95.217261,-14.408,-30478.2,55449.9,-6649.5,412.8,693.4,584.9,2.791,0,0,339,344,-9.0,0.235,1,2017-10-15 15:08:27.430
1628,15.497176,-94.747087,-30.917,19855.6,-42994.6,9860.0,793.2,635.4,1208.0,2.089,0,0,448,445,-9.0,0.231,1,2017-10-15 16:01:06.420
1629,15.461253,-94.762166,-32.375,18241.3,-46969.7,11317.9,349.6,401.0,616.2,1.965,0,0,385,360,-9.0,0.146,1,2017-10-15 16:05:32.400
1630,16.446236,-95.105973,-3.426,-18572.2,62025.4,-17631.0,294.7,356.2,421.9,1.803,0,0,273,470,-9.0,0.193,1,2017-10-15 16:21:06.250
1631,15.379587,-94.671436,-28.472,27973.1,-56006.6,7414.1,324.5,607.5,774.3,1.898,0,0,372,256,-9.0,0.15,1,2017-10-15 18:08:40.320
1632,16.475398,-95.237988,-8.101,-32688.2,65252.3,-12957.0,396.8,552.6,1045.2,2.07,0,0,230,335,-9.0,0.189,1,2017-10-15 18:15:41.940
1633,16.138479,-95.254639,-16.062,-34497.7,27969.9,-4995.8,332.9,475.4,439.8,2.194,0,0,62,72,-9.0,0.211,1,2017-10-15 18:38:46.560
1634,16.474396,-95.239412,-7.188,-32840.4,65141.4,-13869.4,289.5,371.9,495.5,1.913,0,0,341,306,-9.0,0.142,1,2017-10-15 18:41:03.500
1635,16.336018,-95.109302,-1.071,-18933.4,49829.0,-19986.2,396.8,442.6,416.9,1.739,0,0,77,142,-9.0,0.257,1,2017-10-15 18:56:07.120
1636,16.519353,-95.080371,-5.07,-15830.8,70116.3,-15987.7,297.3,401.1,462.5,2.066,0,0,315,489,-9.0,0.144,1,2017-10-15 20:00:31.500
1637,15.918933,-95.191268,-7.461,-27730.0,3675.8,-13596.3,303.7,317.3,559.4,2.217,0,0,288,218,-9.0,0.172,1,2017-10-15 20:26:11.060
1638,15.232225,-94.576261,-30.523,38192.2,-72313.2,9465.5,347.8,355.5,565.9,1.533,0,0,132,127,-9.0,0.222,1,2017-10-15 21:03:11.100
1639,16.457581,-95.15839,-3.57,-24177.1,63280.8,-17487.6,284.0,333.7,360.1,2.034,0,0,608,518,-9.0,0.146,1,2017-10-15 21:14:12.740
1640,16.252311,-95.52465,-19.997,-63378.9,40566.2,-1060.9,576.2,892.9,998.4,2.0,0,0,15,16,-9.0,0.124,1,2017-10-15 21:14:46.860
1641,16.419749,-95.384546,-21.408,-48367.6,59094.4,350.7,903.3,769.7,6336.5,2.018,0,0,4,2,-9.0,0.068,1,2017-10-15 21:50:37.160
1642,15.479862,-94.678581,-20.852,27200.7,-44910.4,-205.9,375.0,479.8,749.2,1.769,0,0,248,105,-9.0,0.153,1,2017-10-15 22:55:20.480
1643,16.231848,-95.198535,-4.271,-28486.7,38301.9,-16786.6,400.0,425.8,395.5,1.062,0,0,281,503,-9.0,0.2,1,2017-10-15 23:08:10.640
1644,15.703973,-94.801213,-51.612,14047.1,-20111.0,30554.6,612.5,744.7,702.2,1.702,0,0,82,62,-9.0,0.201,1,2017-10-16 00:50:48.790
1645,16.474148,-95.172689,-6.895,-25704.8,65114.0,-14162.7,282.3,376.8,467.3,2.015,0,0,278,589,-9.0,0.151,1,2017-10-16 01:41:18.370
1646,16.164288,-95.270972,-2.668,-36243.7,30825.9,-18389.7,264.4,421.5,523.9,1.141,0,0,182,189,-9.0,0.222,1,2017-10-16 02:07:51.310
1647,16.145758,-95.24952,-7.039,-33949.2,28775.4,-14018.1,319.7,345.9,445.3,1.544,0,0,169,173,-9.0,0.161,1,2017-10-16 02:11:59.800
1648,15.499802,-94.780347,-28.634,16290.7,-42704.0,7576.9,275.3,476.9,720.0,2.339,0,0,447,424,-9.0,0.179,1,2017-10-16 02:41:09.360
1649,16.509549,-95.135897,-6.351,-21768.6,69031.4,-14706.6,325.2,399.3,474.6,1.436,0,0,162,320,-9.0,0.132,1,2017-10-16 03:24:28.650
1650,15.631024,-94.748617,-19.295,19685.4,-28183.4,-1762.5,767.5,636.4,773.8,1.664,0,0,20,19,-9.0,0.228,1,2017-10-16 03:36:06.090
1651,15.25474,-94.460026,-14.052,50657.3,-69821.8,-7005.3,480.7,718.1,611.3,2.464,0,0,95,70,-9.0,0.256,1,2017-10-16 03:44:29.730
1652,16.433493,-95.115438,-3.863,-19585.1,60615.3,-17194.8,388.2,458.7,327.3,1.786,0,0,337,423,-9.0,0.202,1,2017-10-16 03:48:23.230
1653,15.090751,-94.313338,-17.865,66417.5,-87968.2,-3192.5,545.1,484.2,529.3,1.72,0,0,32,23,-9.0,0.219,1,2017-10-16 04:00:56.130
1654,15.104893,-93.791268,-40.629,-217.5,-1997.2,9556.8,1080.0,971.2,1870.0,1.635,0,0,67,65,-9.0,0.247,2,2017-10-16 04:31:06.410
1655,15.833336,-95.013005,-15.725,-8642.2,-5796.2,-5332.2,715.8,1047.8,1004.9,1.606,0,0,3,2,-9.0,0.045,1,2017-10-16 04:47:48.340
1656,16.479836,-95.178792,-6.138,-26357.6,65743.4,-14919.1,288.5,361.6,507.4,1.785,0,0,491,478,-9.0,0.142,1,2017-10-16 04:57:06.940
1657,16.555206,-95.576204,-1.102,-3878.3,11190.4,-693.6,3756.7,4031.8,2485.9,1.687,0,0,11,6,-9.0,0.828,3,2017-10-16 05:09:47.070
1658,15.327619,-94.600578,-9.601,35575.4,-61757.2,-11456.9,803.5,894.5,1213.2,1.428,0,0,41,40,-9.0,0.189,1,2017-10-16 05:46:18.460
1659,15.40789,-94.685474,-29.624,26466.4,-52874.6,8566.1,252.7,496.5,987.2,1.9,0,0,753,463,-9.0,0.196,1,2017-10-16 05:53:53.520
1660,16.289362,-95.183488,-2.73,-26872.3,44666.2,-18327.1,282.2,227.1,337.8,0.965,0,0,318,309,-9.0,0.16,1,2017-10-16 06:25:59.410
1661,15.692602,-94.964803,-32.289,-3480.9,-21369.4,11231.8,417.5,616.0,763.5,1.986,0,0,165,136,-9.0,0.189,1,2017-10-16 06:32:42.960
1662,16.459961,-95.172233,-3.809,-25657.7,63544.2,-17248.9,279.8,336.5,238.9,1.793,0,0,414,477,-9.0,0.144,1,2017-10-16 06:41:13.100
1663,15.518134,-94.76936,-30.99,17467.3,-40675.5,9932.8,279.2,332.4,2802.2,1.905,0,0,557,471,-9.0,0.178,1,2017-10-16 06:59:16.650
1664,15.34394,-94.552539,-19.975,40725.6,-59951.2,-1082.2,341.2,415.1,730.4,1.837,0,0,126,99,-9.0,0.171,1,2017-10-16 07:08:14.550
1665,16.477194,-95.175952,-4.109,-26053.7,65451.1,-16948.1,449.7,384.9,1662.3,0.979,0,0,313,345,-9.0,0.156,1,2017-10-16 07:11:08.930
1666,15.14035,-94.421118,-29.344,54845.9,-82479.8,8286.9,361.1,446.3,766.7,1.51,0,0,191,67,-9.0,0.217,1,2017-10-16 07:16:30.460
1667,16.513049,-95.082943,-6.607,-16106.0,69418.7,-14450.5,291.9,448.7,681.7,1.994,0,0,402,411,-9.0,0.169,1,2017-10-16 07:37:59.030
1668,16.073267,-95.229061,-9.147,-31765.0,20753.7,-11910.3,322.6,296.0,448.9,1.774,0,0,356,370,-9.0,0.198,1,2017-10-16 07:45:54.480
1669,15.184773,-94.449447,-17.595,51800.9,-77564.1,-3462.7,533.2,493.8,657.6,1.842,0,0,40,34,-9.0,0.162,1,2017-10-16 07:46:56.590
1670,16.127692,-95.245687,-15.146,-33540.8,26776.3,-5911.7,301.4,394.3,350.2,1.411,0,0,155,127,-9.0,0.176,1,2017-10-16 07:49:06.560
1671,16.067183,-95.230452,-8.836,-31914.4,20080.7,-12221.6,301.2,316.6,476.8,1.389,0,0,345,361,-9.0,0.17,1,2017-10-16 07:50:21.800
1672,16.073486,-95.227279,-8.423,-31574.7,20778.1,-12634.3,350.9,325.1,687.6,1.434,0,0,290,279,-9.0,0.182,1,2017-10-16 07:53:19.230
1673,14.922329,-93.326009,-13.37,2324.6,1956.6,-887.5,793.1,825.3,1144.2,1.7,0,0,26,48,-9.0,0.3,4,2017-10-16 07:54:49.870
1674,15.532066,-94.631519,-32.074,32241.6,-39133.8,11016.7,349.1,582.6,643.4,1.778,0,0,272,251,-9.0,0.211,1,2017-10-16 08:04:43.800
1675,15.633804,-94.914022,-27.572,1960.5,-27875.8,6514.4,526.5,777.2,1274.2,1.701,0,0,173,151,-9.0,0.21,1,2017-10-16 08:34:42.630
1676,16.475596,-95.177108,-4.014,-26178.0,65274.3,-17044.0,281.0,336.5,483.2,1.719,0,0,484,448,-9.0,0.132,1,2017-10-16 08:40:29.180
1677,15.08799,-93.640495,-14.977,15990.0,-3867.5,-16095.4,1719.0,1665.3,2073.1,1.485,0,0,10,11,-9.0,0.38,2,2017-10-16 08:47:05.120
1678,16.54469,-95.141732,-10.474,-22390.5,72920.0,-10583.3,317.0,382.2,409.5,1.876,0,0,351,320,-9.0,0.171,1,2017-10-16 08:52:35.610
1679,16.331921,-95.181714,-1.583,-26679.6,49375.6,-19474.8,274.4,239.6,278.3,1.664,0,0,347,386,-9.0,0.17,1,2017-10-16 08:57:05.540
1680,16.202614,-95.024878,-12.165,-9905.0,35067.0,-8892.2,443.6,537.9,589.2,1.68,0,0,47,87,-9.0,0.171,1,2017-10-16 11:21:46.770
1681,15.491639,-94.721574,-21.728,22591.0,-43607.2,670.2,547.6,461.6,682.0,1.874,0,0,202,156,-9.0,0.16,1,2017-10-16 11:37:42.690
1682,15.105884,-94.448893,-32.291,51869.8,-86293.7,11233.2,396.7,580.2,751.3,2.832,0,0,152,110,-9.0,0.215,1,2017-10-16 11:46:06.740
1683,16.387449,-94.302165,-22.988,-151.7,-1533.0,6235.6,8818.4,18285.2,14719.1,1.361,0,0,6,6,-9.0,0.828,10,2017-10-16 12:01:43.900
1684,16.065337,-95.224089,-8.279,-31233.8,19876.3,-12778.9,262.4,260.9,446.4,2.351,0,0,296,322,-9.0,0.14,1,2017-10-16 12:28:54.740
1685,16.213939,-95.798706,-4.546,78.0,1046.9,-933.7,754.4,884.3,550.5,2.139,0,0,26,24,-9.0,0.217,12,2017-10-16 12:58:37.270
1686,16.525116,-95.079728,-8.042,-15762.2,70754.0,-13015.7,284.7,397.0,352.6,2.463,0,0,280,402,-9.0,0.157,1,2017-10-16 13:47:29.120
1687,16.53157,-94.795931,-9.51,14583.0,71468.2,-11547.5,516.5,632.8,1189.6,1.739,0,0,29,31,-9.0,0.106,1,2017-10-16 14:11:57.000
1688,16.551536,-95.353776,-56.317,787.1,4856.5,-673.4,5221.7,9881.6,11563.1,2.0,0,0,5,0,-9.0,1.672,33,2017-10-16 14:29:30.630
1689,15.337784,-94.630444,-39.888,32372.2,-60632.4,18830.9,304.7,404.0,1251.8,2.696,0,0,593,552,-9.0,0.195,1,2017-10-16 14:40:29.980
1690,15.869179,-95.209603,-8.941,-29696.9,-1829.9,-12116.5,439.3,614.7,857.3,3.089,0,0,169,113,-9.0,0.227,1,2017-10-16 15:45:10.610
1691,15.572047,-94.808016,-32.827,13322.3,-34709.6,11769.6,284.0,320.3,545.4,2.511,0,0,554,320,-9.0,0.192,1,2017-10-16 16:04:05.770
1692,15.335433,-93.905509,-50.582,-12491.4,23511.8,19510.2,2645.8,2402.7,3894.3,3.032,0,0,4,5,-9.0,0.22,2,2017-10-16 16:42:09.100
1693,15.119622,-94.160514,-31.69,82809.3,-84773.5,10632.5,522.6,669.5,954.6,2.649,0,0,49,45,-9.0,0.237,1,2017-10-16 17:06:40.780
1694,15.588195,-94.890706,-30.147,4459.4,-32922.8,9089.9,431.5,630.8,910.3,2.049,0,0,210,98,-9.0,0.14,1,2017-10-16 17:26:53.260
1695,15.479769,-94.618962,-44.169,33592.1,-44920.7,23111.5,749.1,761.4,1751.9,1.341,0,0,123,79,-9.0,0.173,1,2017-10-16 19:19:29.420
1696,16.137495,-97.530859,-11.085,4928.9,2467.0,596.2,454.7,160.3,389.7,1.99,0,0,17,19,-9.0,0.124,7,2017-10-16 20:05:36.920
1697,15.468837,-95.08431,-25.009,-16294.0,-46130.4,3951.3,681.3,1640.1,2001.3,2.493,0,0,8,9,-9.0,0.174,1,2017-10-16 20:06:03.520
1698,16.469484,-95.126782,-0.483,-20796.2,64598.0,-20574.3,356.8,557.5,456.9,2.493,0,0,441,424,-9.0,0.147,1,2017-10-16 20:06:04.320
1699,15.33824,-94.661507,-30.33,29040.9,-60581.9,9272.3,293.5,611.8,541.8,2.281,0,0,327,391,-9.0,0.187,1,2017-10-16 20:28:13.140
1700,15.310979,-94.617912,-16.436,33717.9,-63598.5,-4621.6,319.0,379.7,623.7,2.116,0,0,198,83,-9.0,0.18,1,2017-10-16 20:41:40.200
1701,16.531602,-95.21429,-5.715,-30150.1,71471.7,-15342.7,405.2,550.0,1189.4,1.661,0,0,187,268,-9.0,0.217,1,2017-10-16 20:45:41.580
1702,15.923943,-95.158781,-6.991,-24250.9,4230.1,-14066.4,384.6,370.9,624.0,2.178,0,0,156,172,-9.0,0.196,1,2017-10-16 21:04:15.380
1703,16.241687,-95.197746,-6.382,-28401.1,39390.7,-14675.6,517.7,466.7,610.2,2.557,0,0,205,389,-9.0,0.219,1,2017-10-16 22:46:12.520
1704,16.449001,-95.151872,-3.234,-23480.6,62331.4,-17823.3,322.5,405.3,403.3,1.796,0,0,342,447,-9.0,0.181,1,2017-10-17 00:24:33.700
1705,16.385455,-95.201888,-34.066,-28834.4,55299.6,13008.2,695.9,1076.4,860.5,1.794,0,0,8,12,-9.0,0.214,1,2017-10-17 00:26:23.730
1706,15.508323,-94.620052,-43.782,33472.7,-41761.1,22724.1,280.9,408.3,879.8,1.995,0,0,358,306,-9.0,0.185,1,2017-10-17 00:45:15.250
1707,16.369945,-98.228817,-18.557,2558.6,2502.2,-1529.6,2854.3,5107.7,2928.1,1.4,0,0,7,8,-9.0,0.667,18,2017-10-17 01:01:13.010
1708,15.903348,-95.214176,-7.927,-30184.4,1951.1,-13130.7,343.8,324.7,652.4,2.514,0,0,163,82,-9.0,0.166,1,2017-10-17 01:08:53.280
1709,15.599777,-94.849211,-29.097,8906.8,-31641.0,8040.0,285.4,513.7,785.5,2.39,0,0,454,345,-9.0,0.175,1,2017-10-17 01:13:54.650
1710,16.601172,-94.768563,-14.113,17506.2,79170.1,-6944.4,688.8,667.0,912.3,1.679,0,0,16,14,-9.0,0.189,1,2017-10-17 01:41:37.900
1711,15.054826,-94.3809,-30.639,59173.0,-91943.6,9581.6,399.7,406.1,645.1,2.2,0,0,245,147,-9.0,0.215,1,2017-10-17 02:28:47.030
1712,16.537574,-95.108211,-4.595,-18807.0,72132.6,-16462.3,245.6,434.1,612.3,1.86,0,0,161,287,-9.0,0.204,1,2017-10-17 03:11:31.920
1713,16.529057,-95.195614,-1.751,-28152.9,71190.1,-19307.0,373.4,370.0,347.4,1.719,0,0,282,203,-9.0,0.126,1,2017-10-17 03:18:29.500
1714,15.323012,-94.765039,-14.701,17939.0,-62266.9,-6356.1,585.4,785.2,1047.8,2.057,0,0,43,20,-9.0,0.175,1,2017-10-17 03:23:05.520
1715,15.509145,-94.669897,-31.948,28129.2,-41670.2,10890.0,476.4,916.6,1471.5,1.894,0,0,505,263,-9.0,0.197,1,2017-10-17 03:46:29.200
1716,15.292148,-94.531909,-27.117,42943.9,-65682.3,6059.2,466.5,510.6,826.3,1.957,0,0,102,115,-9.0,0.186,1,2017-10-17 03:50:45.940
1717,14.905673,-93.378678,-11.277,-3342.4,113.7,-2981.0,305.7,283.2,832.8,2.108,0,0,59,49,-9.0,0.245,4,2017-10-17 04:25:54.090
1718,15.596961,-94.774105,-31.914,16955.6,-31952.6,10856.4,421.9,628.9,1062.5,2.443,0,0,408,325,-9.0,0.184,1,2017-10-17 04:34:16.370
1719,16.543941,-95.319539,-32.164,-41402.2,72837.1,11106.6,532.2,870.4,814.9,1.497,0,0,2,3,-9.0,0.03,1,2017-10-17 04:40:38.540
1720,15.470176,-94.780379,-29.648,16288.0,-45982.2,8590.6,378.8,346.7,693.4,1.524,0,0,458,232,-9.0,0.136,1,2017-10-17 05:44:08.330
1721,15.471642,-94.763265,-28.463,18123.1,-45820.0,7405.2,419.1,519.3,853.1,1.81,0,0,412,280,-9.0,0.139,1,2017-10-17 05:49:41.970
1722,16.450971,-95.26853,-19.956,-35956.9,62549.4,-1101.2,545.6,583.4,672.3,1.829,0,0,43,47,-9.0,0.249,1,2017-10-17 05:51:00.880
1723,15.325185,-94.537044,-17.532,42389.5,-62026.6,-3525.9,513.2,655.7,794.9,1.474,0,0,84,57,-9.0,0.149,1,2017-10-17 06:15:41.350
1724,15.30707,-94.78641,-25.276,15647.9,-64031.1,4218.6,745.7,844.3,978.9,1.286,0,0,11,18,-9.0,0.229,1,2017-10-17 06:19:50.610
1725,15.508468,-94.803784,-39.746,13777.4,-41745.1,18688.0,274.4,500.7,992.9,1.879,0,0,419,446,-9.0,0.18,1,2017-10-17 06:25:28.570
1726,15.462109,-94.782593,-29.822,16051.4,-46875.0,8764.7,439.4,488.7,731.6,1.37,0,0,381,273,-9.0,0.198,1,2017-10-17 06:36:51.750
1727,15.385324,-93.938794,-31.347,6017.3,-4680.7,4666.6,2136.0,2263.6,3678.4,2.159,0,0,12,15,-9.0,0.387,15,2017-10-17 06:42:26.250
1728,15.746366,-94.933537,-48.345,-130.7,-15420.0,27287.4,396.3,659.4,895.5,1.479,0,0,98,72,-9.0,0.222,1,2017-10-17 06:52:08.280
1729,15.89683,-95.260229,-9.149,-35116.6,1229.9,-11908.4,413.4,477.7,730.8,1.622,0,0,139,107,-9.0,0.187,1,2017-10-17 06:53:09.560
1730,15.546351,-94.745394,-30.105,20035.2,-37553.0,9047.9,416.5,490.4,775.8,1.899,0,0,325,345,-9.0,0.142,1,2017-10-17 06:56:44.380
1731,16.475312,-95.159041,-4.917,-24245.8,65242.9,-16140.5,287.5,380.5,409.2,1.469,0,0,443,388,-9.0,0.151,1,2017-10-17 07:05:33.920
1732,16.528015,-95.510807,-34.419,1387.5,-2361.1,-2065.8,6423.3,7996.5,12092.3,2.073,0,0,2,3,-9.0,0.491,43,2017-10-17 07:07:04.780
1733,16.385562,-95.244401,-15.063,-33381.7,55311.4,-5994.1,482.8,727.1,570.2,1.499,0,0,111,200,-9.0,0.228,1,2017-10-17 07:08:46.590
1734,15.285805,-94.623901,-12.48,33077.8,-66384.2,-8578.0,366.3,463.7,669.4,1.562,0,0,176,54,-9.0,0.185,1,2017-10-17 07:48:59.070
1735,15.962133,-95.201172,-9.62,-28788.0,8456.1,-11437.8,267.4,280.8,455.5,1.523,0,0,244,239,-9.0,0.174,1,2017-10-17 07:55:33.240
1736,15.093945,-94.394084,-26.228,57752.7,-87614.8,5170.9,412.7,470.1,683.2,2.187,0,0,301,120,-9.0,0.236,1,2017-10-17 08:06:38.060
1737,16.522012,-94.803849,-11.133,13736.2,70410.6,-9924.3,407.0,625.8,1493.7,1.547,0,0,23,27,-9.0,0.09,1,2017-10-17 08:13:18.160
1738,15.4531,-94.764185,-25.655,18024.7,-47871.9,4597.8,349.2,404.7,687.4,1.468,0,0,233,220,-9.0,0.177,1,2017-10-17 08:21:43.840
1739,16.505852,-95.028385,-2.191,-10272.9,68622.3,-18866.3,317.1,560.9,510.5,2.192,0,0,217,142,-9.0,0.183,1,2017-10-17 08:24:40.980
1740,15.004126,-94.273348,-31.245,70722.8,-97553.9,10187.5,359.1,417.8,683.6,1.611,0,0,156,86,-9.0,0.176,1,2017-10-17 08:27:11.520
1741,15.387094,-94.56613,-5.13,39264.2,-55175.9,-15927.7,765.4,737.0,976.9,1.012,0,0,26,17,-9.0,0.179,1,2017-10-17 08:40:52.700
1742,15.400137,-94.652043,-42.323,30051.2,-53732.6,21265.0,243.7,431.1,1009.1,1.82,0,0,614,392,-9.0,0.18,1,2017-10-17 08:42:23.030
1743,15.404697,-94.814771,-45.784,12603.4,-53228.0,24726.7,414.5,518.9,957.1,1.833,0,0,396,181,-9.0,0.235,1,2017-10-17 09:10:30.730
1744,15.687192,-94.96731,-54.509,-3749.6,-21968.0,33451.6,379.8,634.8,675.3,3.581,0,0,72,63,-9.0,0.221,1,2017-10-17 09:23:56.600
1745,15.684376,-94.959977,-67.192,-2963.6,-22279.6,46134.4,912.0,1265.8,2477.8,3.581,0,0,6,0,-9.0,0.237,1,2017-10-17 09:23:57.490
1746,15.519469,-94.687231,-19.464,26270.4,-40527.7,-1593.4,635.3,605.5,766.2,2.313,0,0,71,43,-9.0,0.207,1,2017-10-17 09:27:11.510
1747,15.717322,-94.513892,-30.312,1406.6,-2217.9,4126.3,1082.9,789.1,1854.6,2.613,0,0,40,34,-9.0,0.314,6,2017-10-17 09:28:52.480
1748,15.397578,-94.778117,-55.034,16533.9,-54015.8,33976.7,583.8,768.2,815.2,1.826,0,0,103,94,-9.0,0.206,1,2017-10-17 09:30:22.040
1749,16.499137,-95.267244,-10.842,-35814.3,67879.3,-10215.9,540.8,474.9,771.9,1.352,0,0,41,52,-9.0,0.228,1,2017-10-17 09:47:05.250
1750,16.652177,-94.931112,-6.177,129.1,84814.2,-14880.8,378.3,568.7,761.7,1.643,0,0,32,36,-9.0,0.11,1,2017-10-17 09:58:15.310
1751,15.404764,-94.688721,-27.008,26118.4,-53220.6,5950.7,282.6,410.8,704.9,2.147,0,0,544,310,-9.0,0.165,1,2017-10-17 10:10:25.680
1752,15.663419,-94.960026,-60.851,-2969.6,-24598.7,39793.8,290.3,462.1,717.7,1.368,0,0,47,54,-9.0,0.159,1,2017-10-17 10:17:42.210
1753,16.389163,-95.130428,-11.94,-21190.5,55709.9,-9117.4,414.1,657.0,505.8,2.229,0,0,574,392,-9.0,0.243,1,2017-10-17 10:53:20.440
1754,15.920947,-95.222567,-10.114,-31081.8,3898.6,-10943.3,420.9,351.8,818.1,2.547,0,0,231,172,-9.0,0.202,1,2017-10-17 11:52:28.560
1755,15.088285,-94.368945,-12.48,60451.2,-88241.1,-8577.6,568.8,593.9,742.8,2.163,0,0,55,21,-9.0,0.193,1,2017-10-17 12:46:43.440
1756,15.642978,-94.934757,-35.978,-261.8,-26860.6,14920.2,442.7,808.9,1883.7,1.948,0,0,89,74,-9.0,0.165,1,2017-10-17 13:33:22.930
1757,15.637445,-94.921729,-30.157,1134.9,-27472.8,9099.6,517.5,670.4,992.7,2.728,0,0,90,62,-9.0,0.202,1,2017-10-17 14:33:53.200
1758,15.462967,-94.712663,-30.23,23548.4,-46780.1,9172.2,538.3,902.4,810.6,1.878,0,0,360,296,-9.0,0.183,1,2017-10-17 14:37:47.750
1759,15.853151,-95.70874,-38.912,-5128.8,-7749.0,2219.3,576.5,928.3,1448.0,2.442,0,0,22,19,-9.0,0.23,5,2017-10-17 15:13:43.920
1760,15.546039,-94.864339,-31.378,7286.2,-37587.6,10320.9,386.5,582.3,871.8,1.618,0,0,105,120,-9.0,0.163,1,2017-10-17 15:27:59.280
1761,15.374318,-94.431104,-29.152,53744.1,-56589.6,8094.6,429.2,605.8,942.5,1.691,0,0,26,28,-9.0,0.175,1,2017-10-17 17:10:10.660
1762,14.945789,-93.334009,-12.288,1464.3,4552.3,-1969.4,761.4,831.4,1170.8,2.725,0,0,30,55,-9.0,0.206,4,2017-10-17 17:13:31.400
1763,15.863496,-95.704712,-37.125,-4697.1,-6604.4,432.4,620.2,912.6,967.0,1.861,0,0,19,21,-9.0,0.169,5,2017-10-17 18:37:46.000
1764,15.539678,-94.733944,-41.536,21262.4,-38291.4,20478.9,330.7,480.8,934.1,2.093,0,0,487,292,-9.0,0.169,1,2017-10-17 19:36:35.280
1765,15.899882,-94.911825,-10.128,2194.8,1567.6,-10929.7,582.3,651.9,1129.2,2.205,0,0,6,5,-9.0,0.11,1,2017-10-17 19:46:17.240
1766,15.282438,-94.635107,-29.402,31875.9,-66756.7,8344.3,318.3,370.9,446.7,2.263,0,0,288,257,-9.0,0.198,1,2017-10-17 20:29:29.220
1767,15.358643,-94.68409,-38.673,26618.3,-58324.2,17615.4,345.0,327.8,1509.7,1.963,0,0,327,345,-9.0,0.185,1,2017-10-17 20:36:55.800
1768,15.612307,-94.7632,-32.693,18123.6,-30254.5,11635.6,353.4,667.9,1115.0,2.112,0,0,419,338,-9.0,0.198,1,2017-10-17 21:05:30.520
1769,15.148526,-93.872445,-27.494,-8942.6,2830.7,-3578.5,1613.8,793.4,1471.3,2.208,0,0,76,135,-9.0,0.251,2,2017-10-17 22:09:43.320
1770,16.382156,-95.131291,-12.476,-21283.4,54934.5,-8581.5,429.7,681.5,566.3,2.212,0,0,569,353,-9.0,0.239,1,2017-10-17 23:46:23.020
1771,16.458486,-95.155168,-4.06,-23832.7,63380.9,-16997.8,320.5,355.5,333.5,1.791,0,0,219,341,-9.0,0.111,1,2017-10-18 00:05:01.620
1772,16.351176,-95.145459,-13.391,-22800.4,51506.4,-7666.5,423.5,755.1,469.8,1.781,0,0,288,288,-9.0,0.206,1,2017-10-18 00:51:17.160
1773,16.315399,-95.250936,-4.666,-34086.8,47547.4,-16391.6,444.3,402.0,990.4,1.686,0,0,277,347,-9.0,0.174,1,2017-10-18 01:40:12.970
1774,16.589906,-94.954492,-3.783,-2370.6,77923.5,-17274.7,566.7,642.0,633.9,1.69,0,0,25,48,-9.0,0.233,1,2017-10-18 02:22:00.010
1775,15.029803,-94.290576,-29.063,68870.1,-94712.6,8005.9,382.3,403.0,770.0,2.393,0,0,237,108,-9.0,0.195,1,2017-10-18 02:55:22.980
1776,16.439684,-95.097347,-1.511,-17649.6,61300.4,-19546.0,444.8,607.0,296.8,2.241,0,0,222,238,-9.0,0.215,1,2017-10-18 03:10:08.360
1777,15.425904,-94.694263,-28.316,25523.2,-50881.2,7258.8,367.8,589.8,758.9,2.306,0,0,455,447,-9.0,0.168,1,2017-10-18 03:18:06.540
1778,15.520383,-94.797673,-33.339,14432.1,-40426.6,12281.4,798.9,1077.5,913.1,1.974,0,0,425,356,-9.0,0.215,1,2017-10-18 03:43:49.650
1779,16.479369,-95.080713,-8.215,-15868.8,65691.8,-12842.8,267.8,402.2,433.6,1.674,0,0,251,221,-9.0,0.161,1,2017-10-18 03:57:56.510
1780,15.617463,-94.881071,-25.14,5491.3,-29684.0,4082.0,505.2,626.4,1120.8,1.471,0,0,113,105,-9.0,0.182,1,2017-10-18 04:22:51.280
1781,16.196863,-95.797729,-6.966,182.7,-842.8,1486.4,571.0,881.6,1102.8,2.147,0,0,27,24,-9.0,0.24,12,2017-10-18 04:32:25.800
1782,16.379707,-95.150513,-13.721,-23339.0,54663.5,-7336.4,445.5,759.8,584.3,1.742,0,0,253,382,-9.0,0.233,1,2017-10-18 04:38:41.560
1783,15.582302,-94.853451,-40.288,8452.0,-33574.8,19230.0,485.7,814.6,1626.2,1.587,0,0,51,41,-9.0,0.249,1,2017-10-18 04:43:51.240
1784,15.43377,-94.696712,-44.585,25260.1,-50010.9,23527.9,382.4,363.2,827.5,1.417,0,0,414,277,-9.0,0.16,1,2017-10-18 04:46:31.970
1785,15.410956,-94.752523,-30.055,19277.5,-52535.4,8997.5,429.5,536.2,757.2,1.836,0,0,460,238,-9.0,0.163,1,2017-10-18 04:52:21.070
1786,15.204939,-93.941984,-32.916,-16415.2,9072.8,1843.7,843.6,878.8,1500.9,2.085,0,0,64,72,-9.0,0.243,2,2017-10-18 05:26:16.620
1787,15.564553,-94.910864,-28.669,2299.3,-35538.9,7611.4,371.7,578.8,845.7,1.705,0,0,140,139,-9.0,0.205,1,2017-10-18 05:36:08.840
1788,15.211458,-94.494857,-16.755,46926.7,-74611.2,-4302.3,436.4,552.2,575.2,2.474,0,0,141,79,-9.0,0.225,1,2017-10-18 05:41:00.590
1789,16.149166,-95.453857,-14.896,-55818.8,29152.5,-6161.6,817.0,1279.1,841.1,1.644,0,0,14,15,-9.0,0.188,1,2017-10-18 06:14:49.900
1790,15.514743,-94.810579,-39.235,13049.5,-41050.7,18177.4,273.6,367.3,832.0,1.551,0,0,423,384,-9.0,0.15,1,2017-10-18 06:40:13.510
1791,15.452442,-94.92793,-17.564,470.4,-47944.7,-3493.4,862.8,877.8,814.9,1.679,0,0,56,27,-9.0,0.233,1,2017-10-18 06:49:42.990
1792,16.53559,-95.234684,-3.483,-32329.9,71913.0,-17574.8,313.9,580.8,476.5,2.023,0,0,278,262,-9.0,0.165,1,2017-10-18 06:53:18.570
1793,15.424162,-94.172909,-36.467,-2437.0,4123.0,3193.9,1399.1,1074.0,5466.6,2.058,0,0,16,18,-9.0,0.288,8,2017-10-18 07:18:13.990
1794,15.110202,-94.280615,-36.637,69925.1,-85815.9,15579.0,440.2,403.9,1360.4,2.439,0,0,222,126,-9.0,0.216,1,2017-10-18 07:18:49.910
1795,16.504842,-95.218864,-5.989,-30641.1,68510.6,-15068.5,452.7,683.5,744.0,1.413,0,0,405,298,-9.0,0.226,1,2017-10-18 07:42:29.200
1796,15.339043,-94.666829,-19.165,28470.2,-60493.0,-1892.4,570.4,366.5,709.9,2.357,0,0,294,194,-9.0,0.211,1,2017-10-18 07:48:16.130
1797,16.45907,-95.157096,-4.01,-24038.6,63445.6,-17047.6,337.9,342.2,540.0,1.739,0,0,405,482,-9.0,0.155,1,2017-10-18 07:49:18.830
1798,16.125373,-95.047957,-5.858,-12377.5,26519.8,-15199.7,422.5,588.8,631.2,1.661,0,0,96,82,-9.0,0.231,1,2017-10-18 07:51:12.140
1799,15.785681,-94.89707,-40.645,3775.9,-11069.5,19587.4,392.2,529.5,882.2,2.102,0,0,81,68,-9.0,0.154,1,2017-10-18 08:23:52.930
1800,15.48961,-94.783895,-28.303,15910.9,-43831.9,7245.1,482.3,444.9,745.5,1.559,0,0,525,247,-9.0,0.162,1,2017-10-18 08:28:04.940
1801,15.032526,-94.309066,-37.407,66885.0,-94411.3,16349.6,454.8,440.7,2277.3,1.766,0,0,132,70,-9.0,0.205,1,2017-10-18 08:41:52.310
1802,15.471322,-94.701318,-29.143,24764.1,-45855.5,8085.3,291.2,443.5,682.4,2.322,0,0,754,526,-9.0,0.193,1,2017-10-18 08:45:05.520
1803,16.421471,-95.124373,-7.915,-20540.8,59285.0,-13143.0,384.8,568.9,453.8,2.015,0,0,507,526,-9.0,0.25,1,2017-10-18 08:57:04.700
1804,15.156348,-94.362736,-16.053,61107.5,-80709.5,-5004.5,515.3,501.7,641.2,2.488,0,0,112,42,-9.0,0.228,1,2017-10-18 09:03:01.250
1805,15.530167,-94.698145,-20.209,25100.1,-39343.9,-848.6,882.0,743.0,949.7,0.908,0,0,26,19,-9.0,0.204,1,2017-10-18 09:17:57.430
1806,16.420905,-95.061629,-13.608,-13830.4,59222.3,-7449.5,424.7,666.0,535.4,2.028,0,0,336,258,-9.0,0.233,1,2017-10-18 09:26:20.960
1807,15.342428,-94.412948,-35.752,55695.6,-60118.5,14694.4,504.6,509.2,2814.8,1.681,0,0,43,60,-9.0,0.178,1,2017-10-18 09:36:20.330
1808,15.498067,-94.741602,-29.8,20443.7,-42896.0,8742.9,442.2,453.8,694.2,1.927,0,0,535,443,-9.0,0.162,1,2017-10-18 09:37:20.430
1809,14.997767,-94.053646,-48.814,94303.5,-98257.6,27756.9,1874.2,1796.6,3915.6,2.142,0,0,4,5,-9.0,0.216,1,2017-10-18 09:43:22.040
1810,15.329182,-94.670256,-39.883,28103.3,-61584.3,18826.0,536.3,514.4,1980.6,1.871,0,0,452,387,-9.0,0.189,1,2017-10-18 10:18:13.790
1811,15.3614,-94.640283,-19.965,31315.1,-58019.1,-1092.1,282.0,484.3,631.9,1.889,0,0,343,156,-9.0,0.202,1,2017-10-18 10:26:27.960
1812,15.795813,-95.016748,-30.766,-9043.9,-9948.4,9708.4,383.3,565.8,629.0,1.704,0,0,43,52,-9.0,0.18,1,2017-10-18 10:28:26.070
1813,16.481648,-95.107699,-11.363,-18755.3,65944.0,-9694.1,449.2,640.9,581.8,1.564,0,0,169,331,-9.0,0.23,1,2017-10-18 10:30:51.820
1814,16.524608,-94.801261,-10.661,14012.8,70697.9,-10396.3,545.9,713.9,1667.9,1.476,0,0,20,23,-9.0,0.119,1,2017-10-18 10:37:31.670
1815,15.478511,-94.736759,-27.722,20963.9,-45060.1,6664.8,302.1,491.7,853.2,1.812,0,0,417,401,-9.0,0.178,1,2017-10-18 10:39:39.940
1816,16.453475,-95.115845,-2.236,-19627.8,62826.4,-18821.2,309.4,411.1,387.4,1.97,0,0,300,401,-9.0,0.187,1,2017-10-18 12:05:24.720
1817,15.557299,-94.8632,-28.74,7408.1,-36341.5,7682.2,352.7,535.5,792.6,2.22,0,0,295,236,-9.0,0.17,1,2017-10-18 12:12:48.090
1818,15.429431,-94.597437,-30.307,35904.0,-50491.0,9249.7,456.6,496.2,725.6,2.68,0,0,363,214,-9.0,0.206,1,2017-10-18 13:09:26.130
1819,15.062809,-93.644336,-27.454,15578.0,-6653.8,-3618.2,851.2,641.3,940.9,3.138,0,0,71,75,-9.0,0.235,2,2017-10-18 13:50:14.990
1820,15.43148,-94.755485,-20.162,18958.9,-50264.3,-895.2,370.9,597.4,653.6,1.758,0,0,118,147,-9.0,0.171,1,2017-10-18 15:03:19.600
1821,15.066236,-94.39908,-28.017,57220.7,-90681.0,6959.4,400.3,503.9,643.3,2.307,0,0,214,116,-9.0,0.249,1,2017-10-18 15:09:09.710
1822,15.16348,-94.426278,-16.597,54289.4,-79920.4,-4460.2,667.0,1031.7,899.4,1.924,0,0,67,30,-9.0,0.244,1,2017-10-18 15:44:33.800
1823,15.393615,-94.664583,-49.404,28707.1,-54454.4,28346.5,468.0,1150.7,901.5,2.334,0,0,294,259,-9.0,0.179,1,2017-10-18 15:47:43.460
1824,15.278563,-94.628101,-17.597,32627.7,-67185.6,-3460.5,299.9,382.1,583.5,2.09,0,0,233,83,-9.0,0.169,1,2017-10-18 16:02:30.480
1825,15.91972,-95.641846,-41.254,2035.0,-382.7,4560.6,584.4,760.8,1030.8,1.902,0,0,43,34,-9.0,0.268,5,2017-10-18 19:17:42.920
1826,15.460218,-94.735409,-32.37,21109.3,-47084.1,11312.4,358.8,578.5,690.9,2.077,0,0,430,368,-9.0,0.169,1,2017-10-18 19:29:22.280
1827,15.530239,-94.802254,-29.144,13940.7,-39335.9,8086.3,628.0,674.8,1271.7,1.901,0,0,438,338,-9.0,0.185,1,2017-10-18 19:42:08.900
1828,16.515701,-95.100374,-6.254,-17970.0,69712.2,-14803.6,271.8,516.3,553.2,2.229,0,0,292,393,-9.0,0.154,1,2017-10-18 19:57:18.840
1829,15.07277,-94.061662,-29.195,93426.9,-89958.0,8137.5,2074.9,2181.7,3718.8,2.645,0,0,4,3,-9.0,0.192,1,2017-10-18 20:14:23.460
1830,16.196046,-95.797835,-6.444,171.5,-933.2,964.1,627.4,811.8,797.4,2.215,0,0,27,24,-9.0,0.226,12,2017-10-18 20:56:08.280
1831,15.48621,-94.753499,-28.524,19169.3,-44208.0,7466.9,319.9,543.1,616.4,2.367,0,0,524,462,-9.0,0.209,1,2017-10-18 21:31:44.200
1832,15.868097,-95.181193,-17.607,-26654.2,-1949.6,-3450.3,507.4,541.1,662.4,2.168,0,0,59,40,-9.0,0.217,1,2017-10-18 22:25:07.160
1833,15.550721,-94.743034,-43.778,20287.7,-37069.5,22720.0,367.2,460.3,810.0,2.924,0,0,380,273,-9.0,0.165,1,2017-10-19 00:15:41.630
1834,14.975911,-94.230526,-31.447,75324.1,-100676.0,10389.1,391.1,393.3,669.7,2.206,0,0,84,80,-9.0,0.194,1,2017-10-19 01:55:03.860
1835,16.476483,-95.236418,-4.317,-32519.9,65372.4,-16740.7,353.1,380.8,475.7,2.267,0,0,211,282,-9.0,0.195,1,2017-10-19 02:22:44.190
1836,16.376816,-95.223901,-13.873,-31189.7,54343.6,-7184.0,441.9,700.9,547.7,2.228,0,0,280,243,-9.0,0.226,1,2017-10-19 03:09:16.460
1837,16.108466,-95.069019,-64.676,-14631.8,24648.8,43618.4,693.0,990.5,804.9,1.894,0,0,23,28,-9.0,0.199,1,2017-10-19 03:35:59.600
1838,15.577776,-94.842961,-28.597,9576.3,-34075.7,7539.4,416.3,524.3,844.4,2.728,0,0,506,368,-9.0,0.211,1,2017-10-19 03:38:38.770
1839,16.485425,-95.228434,-1.765,-31665.6,66361.9,-19292.2,688.1,430.7,528.8,1.178,0,0,241,209,-9.0,0.206,1,2017-10-19 04:12:43.660
1840,16.185986,-95.237394,-6.227,-32648.4,33227.0,-14830.7,283.2,244.5,371.2,1.898,0,0,224,296,-9.0,0.145,1,2017-10-19 04:18:08.520
1841,15.759265,-95.192822,-25.884,-27907.2,-13992.6,4826.7,2015.5,1730.3,2764.8,2.001,0,0,1,1,-9.0,0.009,1,2017-10-19 04:37:03.140
1842,15.106922,-94.370931,-25.52,60234.9,-86178.8,4462.6,709.4,459.7,642.5,2.123,0,0,210,141,-9.0,0.242,1,2017-10-19 04:43:30.780
1843,15.254873,-94.497518,-19.161,46635.8,-69807.1,-1896.1,601.0,798.5,937.4,1.44,0,0,52,37,-9.0,0.199,1,2017-10-19 05:00:17.480
1844,16.511782,-95.042806,-6.594,-11814.9,69278.4,-14463.1,231.9,418.6,449.8,2.278,0,0,261,321,-9.0,0.144,1,2017-10-19 05:40:42.590
1845,16.007858,-95.237459,-7.528,-32669.5,13515.9,-13529.4,269.6,328.7,486.1,1.593,0,0,229,185,-9.0,0.114,1,2017-10-19 05:46:41.240
1846,15.197839,-93.950822,-33.825,-17365.0,8287.3,2753.2,651.1,631.0,3985.6,1.876,0,0,39,59,-9.0,0.215,2,2017-10-19 05:57:18.600
1847,15.319721,-94.545394,-21.346,41494.5,-62631.1,288.2,290.9,346.8,648.3,3.535,0,0,429,214,-9.0,0.191,1,2017-10-19 06:00:18.440
1848,15.169561,-94.279329,-32.727,70052.8,-79247.4,11669.3,560.5,520.6,922.7,1.602,0,0,123,109,-9.0,0.238,1,2017-10-19 06:07:56.750
1849,15.420805,-94.524666,-30.336,43707.0,-51445.6,9278.5,610.3,770.4,789.8,1.963,0,0,113,75,-9.0,0.158,1,2017-10-19 06:09:36.600
1850,15.918861,-95.07347,-13.151,-15115.3,3667.7,-7906.1,646.7,479.8,701.7,1.702,0,0,38,40,-9.0,0.221,1,2017-10-19 06:19:40.720
1851,16.386383,-94.942367,-11.316,-1074.8,55402.3,-9741.2,361.1,547.5,607.3,2.126,0,0,56,56,-9.0,0.176,1,2017-10-19 06:41:26.320
1852,16.509201,-95.042651,-6.705,-11797.7,68992.9,-14352.1,284.2,403.0,414.8,1.682,0,0,302,311,-9.0,0.122,1,2017-10-19 06:44:53.070
1853,15.507962,-94.71141,-29.696,23679.5,-41801.0,8638.6,269.6,421.8,671.2,2.042,0,0,794,554,-9.0,0.175,1,2017-10-19 06:50:09.210
1854,16.5162,-95.132275,-4.213,-21381.0,69767.4,-16844.5,291.7,408.1,633.7,1.679,0,0,427,438,-9.0,0.194,1,2017-10-19 07:00:18.700
1855,16.43207,-95.146159,-9.405,-22870.5,60457.8,-11652.5,379.8,565.5,442.6,1.657,0,0,533,318,-9.0,0.233,1,2017-10-19 07:11:18.100
1856,16.461613,-95.279915,-15.615,-37173.2,63726.9,-5442.7,582.9,732.0,697.0,2.013,0,0,49,70,-9.0,0.256,1,2017-10-19 07:19:14.620
1857,16.483761,-95.129793,-12.837,-21117.7,66177.7,-8220.7,331.9,381.6,367.5,1.596,0,0,234,269,-9.0,0.126,1,2017-10-19 07:21:24.520
1858,15.312385,-94.314282,-32.636,66280.3,-63442.9,11579.0,1014.3,1014.3,1609.7,2.117,0,0,37,30,-9.0,0.23,1,2017-10-19 08:21:49.220
1859,15.246302,-94.583162,-24.474,37450.3,-70755.4,3416.7,325.2,417.3,584.8,2.069,0,0,391,247,-9.0,0.239,1,2017-10-19 08:23:21.180
1860,16.521139,-95.093921,-6.176,-17279.8,70313.9,-14881.9,349.6,383.7,449.0,1.823,0,0,233,234,-9.0,0.109,1,2017-10-19 08:29:56.030
1861,15.466427,-94.716252,-18.473,23163.0,-46397.2,-2584.8,296.1,478.1,708.8,2.096,0,0,470,318,-9.0,0.179,1,2017-10-19 08:44:01.680
1862,16.447281,-95.519482,-4.847,2178.1,-752.9,3051.5,2209.4,3465.9,2415.3,1.133,0,0,18,17,-9.0,0.366,3,2017-10-19 09:21:45.210
1863,15.700681,-94.877059,-23.132,5920.3,-20475.4,2074.4,881.1,833.1,1236.1,1.713,0,0,13,18,-9.0,0.212,1,2017-10-19 09:31:39.380
1864,15.348468,-94.666089,-35.798,28549.3,-59450.1,14740.2,638.0,812.9,2146.9,1.811,0,0,402,367,-9.0,0.18,1,2017-10-19 09:34:46.340
1865,15.58087,-94.805355,-31.092,13607.1,-33733.3,10034.1,264.1,315.4,537.3,2.23,0,0,529,370,-9.0,0.178,1,2017-10-19 09:53:10.770
1866,16.473127,-95.117529,-3.346,-19806.5,65001.1,-17711.9,324.8,375.7,453.8,1.712,0,0,371,294,-9.0,0.129,1,2017-10-19 10:06:23.290
1867,16.4961,-95.259888,-10.837,-35028.3,67543.2,-10220.5,365.2,371.7,406.3,1.738,0,0,209,226,-9.0,0.115,1,2017-10-19 10:21:53.150
1868,15.970795,-95.213005,-8.383,-30053.8,9414.5,-12674.6,301.8,296.1,517.9,1.641,0,0,266,200,-9.0,0.137,1,2017-10-19 10:36:19.510
1869,15.537956,-94.756022,-30.446,18896.1,-38482.0,9388.9,382.2,534.7,802.9,2.172,0,0,587,463,-9.0,0.166,1,2017-10-19 10:43:38.140
1870,15.376135,-94.66766,-21.364,28378.8,-56388.6,306.2,923.9,878.3,1202.1,2.116,0,0,432,215,-9.0,0.249,1,2017-10-19 12:42:50.310
1871,15.335518,-94.775155,-29.41,16853.7,-60883.0,8352.5,399.6,607.0,856.4,2.744,0,0,263,200,-9.0,0.198,1,2017-10-19 14:22:00.180
1872,14.955718,-94.179386,-34.78,80816.5,-102910.6,13722.6,566.3,451.5,1556.9,2.64,0,0,48,47,-9.0,0.17,1,2017-10-19 14:28:44.250
1873,16.507867,-95.016927,-4.059,-9047.6,68845.3,-16998.7,282.5,404.2,503.9,1.96,0,0,259,299,-9.0,0.147,1,2017-10-19 14:51:08.550
1874,15.32461,-94.67146,-29.37,27974.6,-62090.1,8312.3,317.1,511.7,606.5,1.83,0,0,279,300,-9.0,0.179,1,2017-10-19 15:12:17.990
1875,16.408106,-95.081421,-10.027,-15947.9,57806.1,-11030.9,464.9,718.0,707.9,2.345,0,0,386,189,-9.0,0.202,1,2017-10-19 15:15:48.170
1876,16.402676,-95.078833,-10.797,-15671.5,57205.2,-10260.7,412.8,651.5,563.5,2.187,0,0,248,332,-9.0,0.23,1,2017-10-19 15:44:55.430
1877,15.617966,-95.020557,-29.464,-9456.4,-29628.3,8406.1,420.2,723.4,991.2,1.965,0,0,60,53,-9.0,0.186,1,2017-10-19 16:21:58.540
1878,15.391918,-94.734814,-29.058,21177.2,-54642.1,8000.2,347.0,584.7,669.9,2.485,0,0,420,365,-9.0,0.174,1,2017-10-19 16:31:38.930
1879,15.085021,-93.692782,-31.84,10369.2,-4196.1,767.9,1424.1,735.1,1299.3,2.973,0,0,16,32,-9.0,0.358,2,2017-10-19 17:04:33.120
1880,16.108294,-95.267757,-18.14,-35904.1,24629.8,-2917.6,560.4,544.7,441.2,2.43,0,0,39,54,-9.0,0.204,1,2017-10-19 17:07:12.580
1881,16.506036,-95.046224,-6.83,-12180.0,68642.7,-14227.3,259.0,450.4,427.5,2.064,0,0,227,331,-9.0,0.15,1,2017-10-19 17:28:21.720
1882,16.37297,-95.159465,-13.689,-24297.1,53917.9,-7368.3,456.2,741.9,503.1,1.905,0,0,266,377,-9.0,0.203,1,2017-10-19 17:56:14.160
1883,16.101182,-97.274178,-14.367,-596.3,-2619.2,-2808.3,6428.4,4886.8,5759.4,1.186,0,0,4,3,-9.0,0.412,36,2017-10-19 18:04:49.920
1884,15.227144,-94.544808,-30.598,41567.0,-72875.5,9540.6,352.7,533.6,584.3,2.124,0,0,188,148,-9.0,0.177,1,2017-10-19 20:53:03.320
1885,16.580455,-94.92487,-22.389,795.9,76877.6,1331.5,648.4,608.1,916.9,1.607,0,0,2,4,-9.0,0.025,1,2017-10-19 21:01:33.300
1886,15.309356,-94.617399,-27.834,33773.7,-63778.1,6776.1,320.4,608.1,774.6,2.849,0,0,514,401,-9.0,0.228,1,2017-10-19 21:51:10.800
1887,15.581186,-94.824137,-30.308,11593.9,-33698.3,9250.5,695.8,690.9,1293.2,1.808,0,0,330,318,-9.0,0.167,1,2017-10-19 22:48:52.240
1888,15.369732,-94.098722,-32.506,5527.0,-1899.8,-766.4,1537.9,1032.6,2236.7,2.411,0,0,12,15,-9.0,0.363,8,2017-10-20 00:28:03.500
1889,16.511289,-95.047103,-7.886,-12273.7,69224.0,-13171.3,279.1,404.3,474.6,1.986,0,0,325,384,-9.0,0.144,1,2017-10-20 00:42:19.140
1890,16.020321,-95.222827,-8.379,-31101.8,14895.0,-12678.4,255.6,281.4,476.5,2.153,0,0,377,335,-9.0,0.162,1,2017-10-20 01:04:56.370
1891,16.156464,-95.095671,-10.496,-17482.9,29960.1,-10561.6,359.1,783.5,573.2,1.667,0,0,74,108,-9.0,0.187,1,2017-10-20 01:08:49.010
1892,15.648175,-94.875594,-38.227,6078.0,-26285.4,17169.7,425.5,394.3,1123.6,2.49,0,0,143,96,-9.0,0.238,1,2017-10-20 01:25:07.860
1893,16.461044,-95.15188,-3.897,-23480.6,63664.1,-17160.8,310.7,377.2,429.3,2.149,0,0,538,636,-9.0,0.165,1,2017-10-20 01:27:26.870
1894,16.305254,-95.149536,-4.762,-23239.3,46424.8,-16295.5,282.2,264.3,403.0,1.886,0,0,293,401,-9.0,0.195,1,2017-10-20 02:00:28.790
1895,15.940607,-95.641732,-34.534,2047.1,1928.5,-2158.6,665.4,635.9,482.6,1.58,0,0,23,32,-9.0,0.245,5,2017-10-20 02:05:36.770
1896,14.978672,-94.246493,-30.853,73609.9,-100370.5,9795.0,377.4,399.9,654.4,2.67,0,0,143,88,-9.0,0.198,1,2017-10-20 02:27:53.310
1897,16.022298,-95.199251,-9.023,-28577.5,15113.8,-12034.2,312.9,336.1,503.5,2.065,0,0,390,387,-9.0,0.175,1,2017-10-20 02:32:10.340
1898,14.821516,-93.310482,-14.327,3996.3,-9198.1,68.9,912.1,871.2,1084.7,2.761,0,0,35,31,-9.0,0.358,4,2017-10-20 03:13:11.630
1899,15.869504,-95.170833,-17.742,-25544.8,-1794.0,-3315.7,473.3,476.5,527.1,1.959,0,0,83,64,-9.0,0.22,1,2017-10-20 03:17:38.540
1900,16.45625,-95.184326,-5.807,-26951.0,63133.5,-15250.7,241.8,386.4,424.7,1.8,0,0,366,477,-9.0,0.174,1,2017-10-20 03:19:42.720
1901,14.652198,-94.358317,-27.712,5536.6,-3385.9,-378.0,802.7,1436.8,1546.9,2.111,0,0,18,3,-9.0,0.301,11,2017-10-20 03:27:04.710
1902,16.080387,-95.233789,-5.638,-32270.5,21541.7,-15419.4,267.4,236.3,613.4,1.909,0,0,322,246,-9.0,0.15,1,2017-10-20 03:47:15.830
1903,16.324227,-95.053068,-22.718,-12917.9,48524.2,1660.3,622.2,986.4,813.4,2.042,0,0,27,32,-9.0,0.183,1,2017-10-20 04:26:41.310
1904,16.495673,-95.491593,-14.013,-59805.0,67495.9,-7044.8,1248.1,1462.4,989.2,1.067,0,0,3,3,-9.0,0.108,1,2017-10-20 04:35:52.220
1905,16.506218,-95.014966,-14.451,-8838.1,68662.9,-6606.1,413.6,626.0,469.4,2.007,0,0,12,223,-9.0,0.166,1,2017-10-20 04:37:40.320
1906,15.557541,-94.783073,-41.367,15996.0,-36314.8,20309.1,247.4,528.8,978.6,1.934,0,0,325,381,-9.0,0.163,1,2017-10-20 04:46:12.290
1907,16.341853,-95.235547,-2.785,-32438.3,50474.6,-18272.9,317.6,245.7,314.1,1.82,0,0,346,329,-9.0,0.187,1,2017-10-20 05:10:27.250
1908,15.125392,-94.437817,-32.923,53055.6,-84135.1,11865.2,443.9,529.8,642.3,1.97,0,0,204,194,-9.0,0.248,1,2017-10-20 05:12:59.980
1909,16.466173,-95.195728,-5.183,-28169.5,64231.5,-15874.7,296.6,352.6,457.6,1.556,0,0,438,412,-9.0,0.135,1,2017-10-20 05:27:35.350
1910,16.468767,-95.11958,-3.974,-20026.5,64518.6,-17083.2,259.3,353.6,302.6,1.614,0,0,498,498,-9.0,0.139,1,2017-10-20 05:41:15.120
1911,16.456447,-95.115568,-3.998,-19597.5,63155.3,-17059.5,316.6,387.4,344.5,1.551,0,0,398,597,-9.0,0.18,1,2017-10-20 05:50:27.540
1912,16.470506,-95.132853,-3.731,-21445.2,64711.0,-17326.9,320.9,491.0,464.6,2.092,0,0,499,600,-9.0,0.156,1,2017-10-20 05:54:10.790
1913,15.5171,-94.9743,-30.974,-4500.5,-40789.8,9916.3,843.2,710.4,1089.1,1.433,0,0,21,16,-9.0,0.244,1,2017-10-20 06:01:12.440
1914,15.501391,-94.688973,-27.909,26085.6,-42528.1,6851.7,409.1,575.8,729.9,1.972,0,0,614,486,-9.0,0.2,1,2017-10-20 06:05:25.470
1915,15.097758,-94.361792,-24.389,61216.7,-87192.8,3331.6,436.2,445.3,573.1,1.685,0,0,281,181,-9.0,0.214,1,2017-10-20 06:11:52.830
1916,16.64432,-95.012459,-3.344,-8566.5,83944.8,-17713.3,385.3,565.8,413.1,1.587,0,0,47,42,-9.0,0.118,1,2017-10-20 06:22:41.480
1917,15.465185,-94.704622,-38.452,24410.2,-46534.6,17394.5,348.5,539.4,1434.8,2.671,0,0,775,443,-9.0,0.209,1,2017-10-20 06:58:48.660
1918,15.358454,-94.634757,-16.546,31908.4,-58345.1,-4511.3,291.5,349.3,625.5,1.915,0,0,312,175,-9.0,0.19,1,2017-10-20 07:04:10.980
1919,15.229377,-94.302808,-32.793,67524.7,-72628.4,11735.3,1316.9,1122.2,1904.0,2.055,0,0,29,30,-9.0,0.27,1,2017-10-20 07:32:14.820
1920,16.51058,-95.088875,-10.644,-16740.8,69145.5,-10413.1,280.9,395.0,306.9,1.506,0,0,126,355,-9.0,0.106,1,2017-10-20 07:48:27.100
1921,16.394054,-95.158211,-13.83,-24161.7,56251.1,-7227.6,481.0,692.9,494.5,1.645,0,0,328,292,-9.0,0.196,1,2017-10-20 07:58:15.860
1922,16.497154,-95.118563,-3.331,-19916.0,67659.8,-17726.2,274.4,304.1,417.4,1.641,0,0,493,535,-9.0,0.136,1,2017-10-20 08:14:25.340
1923,15.328058,-94.434196,-36.583,53418.6,-61708.7,15525.8,374.5,582.1,1469.0,2.494,0,0,89,67,-9.0,0.188,1,2017-10-20 08:21:43.520
1924,15.108883,-93.795703,-32.333,-694.2,-1555.7,1261.4,701.5,850.4,896.1,1.999,0,0,89,128,-9.0,0.241,2,2017-10-20 08:25:35.940
1925,15.379726,-94.657332,-13.324,29485.6,-55991.2,-7733.8,594.4,836.5,812.2,1.712,0,0,56,38,-9.0,0.193,1,2017-10-20 08:42:43.230
1926,15.912156,-95.16901,-10.414,-25347.3,2925.8,-10643.1,403.1,440.3,602.4,1.908,0,0,190,138,-9.0,0.186,1,2017-10-20 08:44:54.180
1927,15.936135,-95.175464,-8.247,-26037.2,5579.2,-12810.5,324.8,341.1,515.9,1.06,0,0,150,244,-9.0,0.173,1,2017-10-20 08:48:39.300
1928,16.013602,-95.193717,-9.32,-27985.8,14151.4,-11737.6,339.5,358.9,535.6,1.607,0,0,342,246,-9.0,0.185,1,2017-10-20 08:51:05.400
1929,15.516867,-94.783341,-40.677,15968.8,-40815.6,19619.5,334.6,557.7,1029.1,1.714,0,0,346,292,-9.0,0.152,1,2017-10-20 08:58:51.460
1930,15.327263,-94.612223,-25.683,34327.4,-61796.6,4625.8,441.9,335.6,630.1,1.324,0,0,212,199,-9.0,0.216,1,2017-10-20 09:03:12.970
1931,15.157027,-94.447485,-16.806,52014.7,-80634.3,-4252.0,457.5,590.7,723.1,2.313,0,0,134,31,-9.0,0.246,1,2017-10-20 11:32:41.830
1932,16.197116,-95.006201,-10.165,-7907.0,34458.6,-10892.4,457.0,580.7,631.5,1.845,0,0,78,97,-9.0,0.174,1,2017-10-20 11:39:20.010
1933,15.397949,-94.690479,-50.748,25930.1,-53974.7,29690.2,633.8,512.1,889.5,1.677,0,0,215,259,-9.0,0.261,1,2017-10-20 11:56:21.880
1934,15.528175,-94.953768,-7.819,-2299.2,-39564.3,-13238.1,898.7,1375.4,1371.2,1.915,0,0,7,4,-9.0,0.169,1,2017-10-20 12:51:52.730
1935,16.171494,-95.059635,-8.966,-13625.6,31623.2,-12091.4,369.0,773.7,691.8,1.962,0,0,55,99,-9.0,0.223,1,2017-10-20 12:54:30.060
1936,15.198178,-94.244312,-30.922,73804.8,-76080.7,9864.6,528.6,670.9,1053.1,3.633,0,0,78,55,-9.0,0.195,1,2017-10-20 13:01:04.830
1937,15.587567,-93.671069,-89.354,3137.0,-108.9,757.7,5275.3,2396.7,3426.1,3.584,0,0,20,21,-9.0,0.666,9,2017-10-20 13:28:33.390
1938,15.468303,-94.723177,-40.499,22420.3,-46189.5,19441.2,270.7,384.4,823.1,2.792,0,0,600,446,-9.0,0.165,1,2017-10-20 14:08:29.970
1939,16.415678,-95.075081,-9.872,-15269.5,58644.0,-11185.9,466.0,703.4,662.1,1.762,0,0,226,275,-9.0,0.209,1,2017-10-20 14:36:42.690
1940,15.620174,-94.907267,-31.589,2684.2,-29384.0,10531.3,378.1,620.7,779.8,2.009,0,0,193,163,-9.0,0.151,1,2017-10-20 15:50:14.800
1941,15.712229,-94.874935,-62.371,6147.7,-19197.5,41313.7,338.1,826.1,1006.6,2.203,0,0,21,45,-9.0,0.12,1,2017-10-20 16:26:23.690
1942,15.51314,-94.794499,-28.463,14773.3,-41228.1,7405.1,311.3,513.3,960.9,1.891,0,0,344,224,-9.0,0.155,1,2017-10-20 16:43:44.180
1943,15.78979,-94.913859,-31.089,1977.5,-10614.9,10031.3,469.8,514.7,870.7,2.21,0,0,47,61,-9.0,0.156,1,2017-10-20 16:44:51.780
1944,15.493496,-94.76866,-26.084,17543.3,-43401.8,5026.8,326.4,542.7,898.8,1.86,0,0,286,263,-9.0,0.178,1,2017-10-20 17:34:56.360
1945,15.489052,-94.783732,-29.715,15928.3,-43893.5,8657.6,356.3,475.5,674.3,2.007,0,0,328,314,-9.0,0.195,1,2017-10-20 17:40:50.680
1946,15.50232,-94.744214,-50.398,20163.4,-42425.3,29340.7,334.6,400.1,823.1,1.934,0,0,408,335,-9.0,0.14,1,2017-10-20 19:51:28.600
1947,16.536069,-94.789502,-3.768,15270.3,71965.9,-17289.4,658.3,792.8,1052.4,2.38,0,0,24,29,-9.0,0.126,1,2017-10-20 20:03:48.460
1948,15.954402,-95.653573,-32.594,779.1,3455.0,-4099.3,735.8,937.6,739.7,1.357,0,0,27,24,-9.0,0.304,5,2017-10-20 20:37:25.040
1949,16.471459,-95.175203,-2.36,-25974.5,64816.4,-18698.0,324.1,367.4,272.9,1.565,0,0,134,406,-9.0,0.177,1,2017-10-20 20:57:18.800
1950,16.1416,-95.040487,-7.886,-11577.4,28315.3,-13171.5,367.7,538.3,490.7,2.048,0,0,127,179,-9.0,0.187,1,2017-10-20 20:58:53.560
1951,15.379373,-94.558285,-32.898,40106.3,-56030.2,11840.6,560.5,572.9,842.8,2.028,0,0,82,51,-9.0,0.169,1,2017-10-20 20:59:52.920
1952,15.879273,-94.922925,-7.971,1005.7,-712.9,-13086.7,583.2,711.7,1124.4,3.244,0,0,7,7,-9.0,0.179,1,2017-10-20 21:03:14.640
1953,15.505552,-94.819914,-34.111,12049.0,-42067.7,13053.4,353.7,555.6,1453.7,3.006,0,0,460,397,-9.0,0.168,1,2017-10-21 01:18:38.590
1954,15.33902,-94.653125,-31.235,29939.4,-60495.7,10177.7,287.6,683.1,540.5,2.119,0,0,405,306,-9.0,0.196,1,2017-10-21 02:12:25.420
1955,16.945173,-95.049504,-30.004,645.9,2225.3,-1045.8,6437.3,6048.6,12200.9,2.062,0,0,10,4,-9.0,0.779,17,2017-10-21 02:13:30.830
1956,15.495288,-94.43728,-28.546,53066.7,-43203.5,7488.7,704.1,1141.0,1834.7,2.103,0,0,6,6,-9.0,0.123,1,2017-10-21 03:07:36.170
1957,15.501058,-94.751782,-29.228,19352.7,-42565.0,8170.4,241.7,347.9,514.3,1.773,0,0,458,483,-9.0,0.154,1,2017-10-21 03:10:45.210
1958,16.495504,-95.138265,-3.52,-22022.7,67477.2,-17537.6,288.1,357.4,396.4,1.366,0,0,300,434,-9.0,0.162,1,2017-10-21 03:13:10.470
1959,15.489178,-94.803385,-32.537,13821.4,-43879.5,11479.1,290.9,378.6,827.7,2.07,0,0,420,468,-9.0,0.176,1,2017-10-21 03:18:43.780
1960,16.032607,-95.228776,-11.254,-31737.6,16254.5,-9804.0,260.4,313.7,417.3,1.798,0,0,187,259,-9.0,0.125,1,2017-10-21 03:52:01.740
1961,16.139451,-95.221777,-25.795,-30980.3,28077.6,4738.0,1119.7,1288.0,783.5,2.087,0,0,16,15,-9.0,0.246,1,2017-10-21 04:10:28.490
1962,15.258385,-94.598535,-21.317,35800.7,-69418.4,259.6,338.8,537.0,570.2,2.216,0,0,318,213,-9.0,0.225,1,2017-10-21 04:41:27.530
1963,16.116212,-94.992814,-1.313,-6475.1,25505.9,-19744.7,730.2,918.2,692.6,1.457,0,0,14,7,-9.0,0.27,1,2017-10-21 04:44:48.310
1964,14.887292,-93.372542,-16.568,-2682.4,-1920.1,2310.5,833.8,611.2,696.7,2.821,0,0,66,59,-9.0,0.294,4,2017-10-21 05:11:30.800
1965,15.45875,-94.746338,-17.762,19938.4,-47246.7,-3295.8,783.0,994.0,866.0,1.761,0,0,143,84,-9.0,0.236,1,2017-10-21 05:18:01.510
1966,16.481371,-95.131763,-2.937,-21327.9,65913.3,-18120.7,394.2,432.4,565.6,1.228,0,0,458,425,-9.0,0.198,1,2017-10-21 05:24:20.200
1967,16.540556,-95.152734,-11.92,-23567.4,72462.5,-9137.7,335.2,373.4,346.1,1.631,0,0,269,266,-9.0,0.145,1,2017-10-21 05:26:43.750
1968,15.934456,-95.148104,-8.951,-23107.1,5393.5,-12106.8,461.3,317.9,733.0,1.541,0,0,228,212,-9.0,0.204,1,2017-10-21 05:45:41.990
1969,15.064232,-94.388306,-20.979,58377.1,-90902.8,-78.8,496.3,439.7,587.8,2.06,0,0,116,47,-9.0,0.183,1,2017-10-21 05:52:36.630
1970,15.241801,-94.546086,-17.365,41428.2,-71253.6,-3692.9,528.5,752.9,802.1,1.405,0,0,82,69,-9.0,0.189,1,2017-10-21 05:56:01.470
1971,16.186834,-95.296468,-20.611,-38969.7,33320.7,-446.5,449.2,757.0,454.9,1.131,0,0,51,57,-9.0,0.195,1,2017-10-21 05:56:46.540
1972,15.319532,-94.555599,-31.095,40400.1,-62652.0,10037.4,450.2,363.2,771.4,1.885,0,0,247,108,-9.0,0.193,1,2017-10-21 06:09:00.590
1973,15.281062,-94.532837,-21.321,42845.3,-66909.1,263.6,329.7,348.4,556.8,2.984,0,0,307,209,-9.0,0.189,1,2017-10-21 06:48:53.150
1974,15.465633,-94.786084,-22.973,15676.7,-46484.9,1915.0,502.3,363.6,843.1,1.52,0,0,240,178,-9.0,0.188,1,2017-10-21 06:54:34.960
1975,15.095326,-94.423641,-21.453,54581.1,-87462.0,395.2,439.7,518.6,575.2,1.7,0,0,164,71,-9.0,0.214,1,2017-10-21 07:07:51.070
1976,15.225512,-94.540023,-31.181,42079.7,-73056.1,10123.8,352.8,473.9,802.0,1.852,0,0,191,134,-9.0,0.166,1,2017-10-21 07:34:25.340
1977,15.489914,-94.778239,-38.03,16516.7,-43798.1,16972.1,262.4,452.8,1817.7,1.788,0,0,523,383,-9.0,0.171,1,2017-10-21 07:59:10.130
1978,15.627736,-94.967456,-32.39,-3765.7,-28547.2,11332.9,390.1,526.9,736.4,1.737,0,0,149,152,-9.0,0.176,1,2017-10-21 08:14:03.480
1979,16.517949,-95.135295,-11.34,-21704.4,69961.0,-9717.2,335.2,376.6,421.5,1.314,0,0,252,285,-9.0,0.12,1,2017-10-21 08:29:00.500
1980,15.104456,-93.834652,-28.003,-4881.1,-2045.7,-3068.9,962.4,803.0,1292.1,1.717,0,0,86,99,-9.0,0.271,2,2017-10-21 09:17:04.880
1981,14.974009,-94.843294,-38.224,388.1,4327.4,-310.9,643.6,481.1,7695.1,1.732,0,0,3,1,-9.0,0.263,37,2017-10-21 09:21:14.260
1982,16.19203,-95.303377,-31.144,-39708.7,33895.7,10086.2,451.2,643.8,459.4,1.832,0,0,46,50,-9.0,0.147,1,2017-10-21 09:35:29.290
1983,15.313314,-94.635864,-19.574,31792.4,-63340.2,-1484.0,356.4,328.9,607.5,1.905,0,0,296,166,-9.0,0.188,1,2017-10-21 09:40:52.560
1984,15.42287,-94.756315,-33.035,18869.9,-51217.1,11977.6,386.4,656.6,699.7,1.271,0,0,363,228,-9.0,0.174,1,2017-10-21 09:55:43.730
1985,16.435148,-95.799935,-7.176,-4147.7,-686.3,3561.2,68296.9,92591.5,97248.5,1.499,0,0,4,4,-9.0,2.337,31,2017-10-21 09:56:51.560
1986,16.49169,-95.064754,-6.385,-14161.8,67055.2,-14672.0,237.7,417.5,443.6,1.771,0,0,255,212,-9.0,0.18,1,2017-10-21 10:13:47.850
1987,16.455707,-95.15953,-3.631,-24299.0,63073.3,-17427.0,300.3,323.3,370.9,2.146,0,0,536,492,-9.0,0.161,1,2017-10-21 10:26:45.730
1988,16.451001,-95.180249,-6.537,-26515.3,62552.7,-14520.8,248.6,321.4,371.7,1.749,0,0,467,383,-9.0,0.183,1,2017-10-21 10:36:57.630
1989,16.44925,-95.146232,-5.804,-22877.2,62358.9,-15253.9,276.5,351.2,483.0,1.639,0,0,426,462,-9.0,0.158,1,2017-10-21 10:38:48.970
1990,15.413701,-94.208244,-33.113,-6230.8,2965.6,-160.2,1655.8,417.8,6159.4,2.546,0,0,13,15,-9.0,0.253,8,2017-10-21 12:33:28.960
1991,15.149884,-94.448372,-29.727,51920.3,-81424.8,8669.1,352.0,398.3,620.0,2.955,0,0,210,145,-9.0,0.23,1,2017-10-21 12:50:17.350
1992,15.986897,-95.216911,-9.714,-30470.9,11196.3,-11343.6,241.6,286.1,444.4,1.784,0,0,211,341,-9.0,0.146,1,2017-10-21 13:04:17.950
1993,15.532154,-94.862345,-49.499,7500.1,-39124.0,28441.7,414.1,741.3,1669.4,1.536,0,0,100,89,-9.0,0.169,1,2017-10-21 13:47:21.470
1994,15.512565,-94.778621,-54.869,16475.1,-41291.6,33811.9,737.2,657.2,969.9,1.953,0,0,512,370,-9.0,0.218,1,2017-10-21 14:53:23.880
1995,16.264382,-95.233154,-6.455,-32188.1,41902.0,-14602.7,276.4,318.3,526.8,1.984,0,0,250,230,-9.0,0.229,1,2017-10-21 15:09:30.600
1996,16.067158,-95.223617,-8.361,-31182.6,20077.9,-12696.3,397.9,590.5,668.9,1.563,0,0,182,271,-9.0,0.16,1,2017-10-21 15:29:42.250
1997,15.467969,-94.874845,-35.02,6161.5,-46226.6,13962.1,722.9,817.5,1472.5,2.358,0,0,54,38,-9.0,0.195,1,2017-10-21 17:45:45.440
1998,16.275079,-95.292578,-21.15,-38545.1,43085.8,92.0,503.5,606.3,679.8,2.532,0,0,41,60,-9.0,0.143,1,2017-10-21 18:03:09.040
1999,15.520127,-94.785938,-28.34,15690.1,-40454.9,7282.7,921.9,823.8,1768.1,1.485,0,0,300,170,-9.0,0.201,1,2017-10-21 18:29:26.040
2000,16.387251,-95.234774,-15.651,-32351.6,55498.3,-5406.6,559.4,979.9,767.9,2.408,0,0,96,142,-9.0,0.281,1,2017-10-21 18:55:01.980
2001,15.430072,-94.71547,-24.099,23248.5,-50420.1,3041.8,315.2,378.9,668.5,2.195,0,0,530,450,-9.0,0.185,1,2017-10-21 21:24:31.880
2002,16.447464,-95.000098,-4.525,-7249.1,62161.3,-16532.9,289.4,406.4,452.4,1.769,0,0,188,280,-9.0,0.184,1,2017-10-21 21:29:04.360
2003,16.39679,-95.135327,-10.524,-21713.8,56553.9,-10533.4,396.9,609.5,475.4,2.13,0,0,473,402,-9.0,0.25,1,2017-10-21 22:09:03.560
2004,15.897231,-95.240894,-8.294,-33046.1,1274.3,-12763.2,341.7,411.6,716.2,1.586,0,0,149,154,-9.0,0.174,1,2017-10-21 22:39:11.060
2005,15.664887,-94.814421,-15.619,12633.0,-24436.1,-5438.9,717.3,652.5,842.8,1.946,0,0,20,19,-9.0,0.24,1,2017-10-21 22:52:15.880
2006,15.056302,-93.640894,-27.857,15948.0,-7373.8,-3215.1,872.5,703.4,1217.7,2.183,0,0,62,60,-9.0,0.261,2,2017-10-21 23:00:28.400
2007,15.661119,-94.742855,-48.342,20301.7,-24853.3,27284.3,431.5,440.9,811.8,2.017,0,0,144,144,-9.0,0.193,1,2017-10-21 23:03:56.240
2008,15.366058,-94.663306,-17.396,28846.0,-57503.6,-3661.8,375.1,619.7,759.4,1.862,0,0,240,89,-9.0,0.196,1,2017-10-21 23:17:53.580
2009,15.436796,-94.726571,-25.619,22058.2,-49676.0,4561.9,249.9,454.5,613.5,2.563,0,0,617,460,-9.0,0.173,1,2017-10-21 23:26:33.840
2010,16.477419,-95.077393,-9.959,-15514.5,65476.0,-11098.9,276.3,402.7,390.3,1.633,0,0,315,351,-9.0,0.159,1,2017-10-22 00:40:08.870
2011,15.639348,-94.776571,-24.891,16689.7,-27262.3,3833.9,783.7,1096.2,1094.3,1.377,0,0,53,53,-9.0,0.278,1,2017-10-22 00:54:43.230
2012,15.7435,-95.1632,-29.846,-24735.3,-15737.2,8788.1,513.5,646.7,1001.8,1.906,0,0,28,11,-9.0,0.163,1,2017-10-22 01:20:03.450
2013,15.518687,-94.733081,-30.139,21356.2,-40614.2,9081.7,289.0,345.4,485.3,1.731,0,0,560,364,-9.0,0.163,1,2017-10-22 01:45:57.980
2014,15.91582,-94.476302,-63.289,-352.5,-1347.7,-606.5,1038.3,2153.6,1792.8,2.009,0,0,3,3,-9.0,0.167,26,2017-10-22 02:26:41.470
2015,15.76265,-94.476644,-17.588,5398.1,2797.8,-8597.6,882.9,706.9,1160.3,2.206,0,0,6,13,-9.0,0.332,6,2017-10-22 02:27:05.830
2016,15.462225,-94.646273,-34.261,30665.8,-46862.1,13203.9,509.7,602.8,1444.3,1.928,0,0,376,304,-9.0,0.185,1,2017-10-22 02:49:17.420
2017,15.455457,-94.769743,-18.076,17429.0,-47611.1,-2981.2,990.0,740.4,1135.5,2.07,0,0,278,130,-9.0,0.258,1,2017-10-22 03:34:54.060
2018,15.046029,-94.33763,-32.776,63817.6,-92917.1,11718.6,565.8,578.5,1047.0,1.902,0,0,184,140,-9.0,0.212,1,2017-10-22 04:29:27.470
2019,16.482722,-95.101188,-3.922,-18058.3,66062.8,-17135.2,273.7,457.6,798.2,1.199,0,0,249,285,-9.0,0.123,1,2017-10-22 04:54:45.120
2020,15.490011,-94.651286,-22.876,30125.6,-43787.4,1818.7,493.4,651.0,776.9,1.493,0,0,236,112,-9.0,0.209,1,2017-10-22 04:55:29.780
2021,15.533355,-93.789429,-83.379,-9558.6,-6107.6,-5217.8,8264.2,5194.7,5727.0,2.63,0,0,3,6,-9.0,0.656,9,2017-10-22 04:57:08.910
2022,15.302733,-94.629867,-45.209,32436.6,-64510.9,24151.7,343.6,487.1,1105.8,1.658,0,0,187,257,-9.0,0.198,1,2017-10-22 05:01:38.360
2023,16.501685,-95.187752,-15.924,-27314.2,68161.1,-5133.2,472.4,523.0,514.1,1.49,0,0,207,268,-9.0,0.213,1,2017-10-22 05:12:31.900
2024,15.915464,-94.886776,-43.004,4876.5,3291.9,21946.8,661.2,1359.4,1563.9,1.641,0,0,4,8,-9.0,0.08,1,2017-10-22 05:15:38.130
2025,15.154803,-94.315153,-30.879,66211.9,-80880.4,9821.5,404.0,411.2,604.9,2.916,0,0,184,89,-9.0,0.205,1,2017-10-22 05:30:11.100
2026,15.158319,-94.31259,-29.218,66486.8,-80491.4,8160.2,366.2,495.3,681.7,2.509,0,0,181,135,-9.0,0.232,1,2017-10-22 05:44:40.210
2027,16.565607,-94.651481,-18.453,30025.8,75234.6,-2604.8,970.0,1160.3,1376.7,1.475,0,0,6,6,-9.0,0.161,1,2017-10-22 05:56:51.150
2028,15.831217,-95.235563,-16.368,-32480.7,-6030.6,-4689.6,626.2,734.3,929.8,1.986,0,0,58,24,-9.0,0.19,1,2017-10-22 06:01:58.180
2029,15.898712,-95.257324,-7.555,-34806.0,1438.2,-13502.8,481.7,491.1,1034.9,2.538,0,0,139,152,-9.0,0.26,1,2017-10-22 06:08:42.950
2030,16.456823,-95.321875,-22.938,-41660.8,63196.8,1880.4,1024.0,845.5,1189.6,1.226,0,0,7,14,-9.0,0.195,1,2017-10-22 06:16:47.210
2031,15.415477,-94.770199,-27.118,17381.9,-52035.0,6060.6,410.4,549.9,753.9,1.884,0,0,379,249,-9.0,0.217,1,2017-10-22 06:31:25.450
2032,16.206358,-95.79598,-3.783,370.0,207.9,-1696.5,780.1,871.2,846.1,1.518,0,0,23,18,-9.0,0.288,12,2017-10-22 06:38:07.110
2033,15.971805,-95.654647,-31.466,663.7,5380.7,-5226.6,635.6,520.9,663.0,1.453,0,0,24,26,-9.0,0.298,5,2017-10-22 06:41:21.470
2034,15.485141,-94.735197,-35.199,21131.0,-44326.3,14141.8,724.4,833.0,3067.9,1.859,0,0,491,356,-9.0,0.155,1,2017-10-22 06:45:03.840
2035,15.919311,-95.189884,-7.578,-27582.0,3717.5,-13479.1,338.8,273.7,567.9,1.595,0,0,248,193,-9.0,0.182,1,2017-10-22 06:57:56.320
2036,16.075303,-95.328459,-24.422,-42404.8,20979.1,3364.5,607.5,937.0,901.4,1.694,0,0,16,16,-9.0,0.267,1,2017-10-22 07:01:20.420
2037,15.070972,-94.072795,-48.97,92231.9,-90157.0,27912.8,1799.4,1891.2,4227.5,1.548,0,0,8,6,-9.0,0.22,1,2017-10-22 07:07:09.060
2038,15.508551,-94.739852,-37.068,20630.6,-41735.9,16010.1,300.7,423.5,1376.7,1.597,0,0,467,372,-9.0,0.16,1,2017-10-22 07:08:03.260
2039,15.056989,-94.109017,-7.787,88348.4,-91704.3,-13270.7,863.1,842.2,1068.7,1.898,0,0,7,8,-9.0,0.19,1,2017-10-22 07:13:14.980
2040,16.510397,-95.17168,-11.109,-25595.4,69125.3,-9948.1,426.1,618.8,615.5,2.24,0,0,307,344,-9.0,0.212,1,2017-10-22 07:30:17.370
2041,15.543732,-94.801644,-32.552,14005.8,-37842.9,11494.8,350.9,299.4,563.6,2.502,0,0,700,463,-9.0,0.211,1,2017-10-22 07:51:39.050
2042,15.936389,-95.196517,-12.148,-28290.9,5607.3,-8909.7,613.8,935.2,1063.9,1.18,0,0,167,192,-9.0,0.163,1,2017-10-22 07:56:54.800
2043,16.292928,-95.362915,-15.157,-46068.7,45060.8,-5900.3,365.1,470.3,478.4,1.877,0,0,71,60,-9.0,0.171,1,2017-10-22 08:03:29.030
2044,14.905612,-93.407747,-10.246,-6469.8,106.9,-4012.2,1173.0,930.1,959.7,1.852,0,0,17,36,-9.0,0.232,4,2017-10-22 08:18:11.180
2045,15.114541,-94.404525,-29.213,56629.2,-85335.7,8155.0,354.1,493.8,738.0,2.455,0,0,221,123,-9.0,0.226,1,2017-10-22 08:34:25.450
2046,15.44675,-94.696924,-29.042,25236.0,-48574.5,7985.0,1215.4,818.1,6042.9,1.889,0,0,401,70,-9.0,0.183,1,2017-10-22 08:36:48.120
2047,15.799128,-95.235522,-18.835,-32478.7,-9581.5,-2223.0,631.7,784.7,990.2,1.942,0,0,45,24,-9.0,0.173,1,2017-10-22 08:40:46.220
2048,16.459373,-95.096582,-11.53,-17566.9,63479.1,-9527.3,256.4,419.9,301.7,1.757,0,0,170,359,-9.0,0.206,1,2017-10-22 08:47:02.890
2049,16.474928,-95.197689,-5.597,-28378.6,65200.3,-15460.7,319.9,354.4,524.7,1.467,0,0,354,289,-9.0,0.137,1,2017-10-22 08:54:33.290
2050,15.145054,-94.611702,-57.189,34398.1,-81959.2,36131.3,890.5,1368.4,2088.7,1.795,0,0,14,6,-9.0,0.186,1,2017-10-22 13:55:46.460
2051,16.017741,-95.22526,-9.204,-31363.1,14609.4,-11853.4,306.7,365.5,566.4,2.487,0,0,387,340,-9.0,0.183,1,2017-10-22 14:03:02.280
2052,16.019651,-95.224097,-8.119,-31238.1,14820.8,-12938.2,263.3,273.9,482.9,1.836,0,0,321,279,-9.0,0.13,1,2017-10-22 14:11:50.080
2053,15.497934,-94.777246,-35.598,16623.3,-42910.7,14540.7,307.5,606.6,2123.8,2.577,0,0,764,493,-9.0,0.181,1,2017-10-22 14:24:18.710
2054,16.489657,-95.11923,-4.183,-19987.3,66830.2,-16874.8,267.0,365.1,537.4,2.44,0,0,563,512,-9.0,0.152,1,2017-10-22 15:06:56.970
2055,16.493388,-95.123763,-5.484,-20471.8,67243.0,-15573.3,525.1,533.2,2942.9,1.883,0,0,236,366,-9.0,0.17,1,2017-10-22 15:08:29.130
2056,16.133621,-95.059985,-8.994,-13664.5,27432.4,-12063.4,281.8,613.9,496.4,1.878,0,0,166,208,-9.0,0.21,1,2017-10-22 15:27:35.090
2057,15.977848,-95.205656,-10.836,-29266.8,10195.1,-10221.3,560.2,714.5,528.2,1.681,0,0,157,184,-9.0,0.176,1,2017-10-22 15:35:14.790
2058,15.561224,-94.835962,-29.81,10327.0,-35907.2,8752.8,388.7,501.6,749.5,2.381,0,0,231,213,-9.0,0.198,1,2017-10-22 16:26:09.170
2059,16.177802,-94.091195,-101.39,-2480.3,1389.1,-530.3,922.3,962.7,533.0,2.283,0,0,4,6,-9.0,0.14,22,2017-10-22 16:33:15.190
2060,15.060757,-94.374536,-27.712,59854.7,-91287.3,6654.6,427.1,598.9,856.3,2.444,0,0,185,93,-9.0,0.167,1,2017-10-22 17:06:31.900
2061,16.243204,-98.06945,-15.632,-12363.5,-2804.9,9.9,1635.3,862.7,1183.3,1.047,0,0,4,2,-9.0,0.299,13,2017-10-22 17:28:18.520
2062,16.183052,-95.213704,-18.622,-30113.0,32902.2,-2435.1,467.2,560.0,443.5,2.284,0,0,64,79,-9.0,0.238,1,2017-10-22 17:34:21.740
2063,16.43775,-95.166911,-8.232,-25090.0,61086.3,-12825.0,356.0,463.9,347.8,2.958,0,0,641,454,-9.0,0.222,1,2017-10-22 18:39:28.080
2064,15.061813,-93.529663,-20.616,27905.7,-6764.0,-10455.7,955.4,886.3,1262.2,2.341,0,0,27,35,-9.0,0.232,2,2017-10-22 18:48:29.080
2065,15.485816,-94.749943,-43.297,19550.3,-44251.6,22239.1,396.0,570.7,1017.2,2.586,0,0,575,422,-9.0,0.18,1,2017-10-22 18:49:16.580
2066,16.430457,-95.032943,-2.879,-10762.3,60279.3,-18178.6,386.4,475.9,313.4,1.267,0,0,164,276,-9.0,0.2,1,2017-10-22 18:52:07.000
2067,16.462573,-95.179102,-4.499,-26391.6,63833.2,-16558.8,513.2,597.7,1447.3,1.937,0,0,487,464,-9.0,0.16,1,2017-10-22 19:04:30.360
2068,15.534515,-94.754541,-57.173,19055.2,-38862.8,36115.7,302.0,869.3,974.5,1.7,0,0,67,40,-9.0,0.188,1,2017-10-22 19:17:38.740
2069,16.008847,-95.204647,-7.277,-29156.5,13625.3,-13780.1,269.9,252.0,594.8,2.458,0,0,409,345,-9.0,0.169,1,2017-10-22 19:57:21.460
2070,15.21829,-93.948315,-34.166,-17095.2,10550.1,3094.4,757.2,520.8,2493.7,2.405,0,0,40,62,-9.0,0.229,2,2017-10-22 20:10:31.240
2071,15.737404,-94.990763,-56.13,-6262.1,-16411.6,35072.4,552.5,920.8,920.2,2.284,0,0,93,86,-9.0,0.239,1,2017-10-22 21:17:51.040
2072,16.226988,-95.250879,-6.118,-34087.5,37764.0,-14939.0,251.6,234.5,325.8,1.992,0,0,287,442,-9.0,0.19,1,2017-10-22 21:20:35.880
2073,16.486031,-95.195117,-6.646,-28102.9,66428.9,-14411.6,448.6,435.0,841.2,1.755,0,0,346,304,-9.0,0.184,1,2017-10-22 22:00:03.820
2074,16.41928,-95.167977,-10.485,-25204.8,59042.5,-10572.9,465.8,545.7,573.0,1.956,0,0,269,576,-9.0,0.254,1,2017-10-22 22:05:24.780
2075,15.535013,-94.740397,-30.727,20571.2,-38807.6,9669.4,274.5,403.8,665.9,2.117,0,0,423,457,-9.0,0.163,1,2017-10-22 22:47:33.060
2076,16.460727,-95.171387,-5.316,-25567.3,63628.9,-15741.9,379.2,521.7,939.1,2.044,0,0,404,642,-9.0,0.198,1,2017-10-22 23:17:29.280
2077,15.429719,-94.59388,-41.336,36284.8,-50459.1,20278.6,1058.7,967.2,4016.2,1.592,0,0,233,189,-9.0,0.193,1,2017-10-22 23:25:23.080
2078,15.240586,-94.586515,-18.825,37092.0,-71387.9,-2232.1,350.6,385.9,593.8,1.913,0,0,163,171,-9.0,0.197,1,2017-10-22 23:31:26.440
2079,16.381792,-95.208447,-15.501,-29535.8,54894.3,-5556.8,556.6,752.4,554.8,2.173,0,0,302,306,-9.0,0.235,1,2017-10-22 23:47:19.380
2080,15.207593,-95.099211,-32.408,-5019.6,3280.0,-1549.5,2946.6,2716.0,4253.5,1.954,0,0,6,3,-9.0,0.687,14,2017-10-22 23:49:15.800
2081,16.157673,-95.06936,-0.291,-14667.3,30094.0,-20766.7,425.5,590.9,380.8,2.509,0,0,68,43,-9.0,0.188,1,2017-10-23 00:07:52.250
2082,17.010191,-94.872323,-119.699,2601.7,1930.1,938.6,3644.1,3914.6,2701.5,2.509,0,0,3,7,-9.0,0.391,27,2017-10-23 00:10:51.110
2083,15.373193,-94.654704,-32.393,29768.1,-56714.1,11335.2,446.2,546.3,508.0,1.642,0,0,205,286,-9.0,0.197,1,2017-10-23 00:13:10.140
2084,16.453889,-95.190356,-8.953,-27596.0,62872.2,-12104.7,215.0,424.0,423.4,1.778,0,0,330,462,-9.0,0.186,1,2017-10-23 01:19:41.180
2085,16.209233,-95.806925,-5.658,-800.9,526.0,178.0,822.7,940.2,1112.6,2.352,0,0,27,26,-9.0,0.256,12,2017-10-23 01:25:55.270
2086,16.006008,-95.104932,-10.829,-18480.5,13311.1,-10228.2,329.7,408.8,561.6,1.968,0,0,176,197,-9.0,0.165,1,2017-10-23 01:39:55.350
2087,16.265167,-95.213143,-3.097,-30047.3,41988.9,-17960.7,400.5,322.2,414.6,1.314,0,0,306,316,-9.0,0.158,1,2017-10-23 01:41:22.530
2088,15.48774,-94.647192,-31.506,30565.4,-44038.8,10448.0,376.1,988.8,1513.7,2.263,0,0,493,342,-9.0,0.204,1,2017-10-23 02:01:58.410
2089,15.979087,-95.265243,-9.726,-35646.2,10332.2,-11331.4,291.7,551.4,682.0,1.471,0,0,219,234,-9.0,0.186,1,2017-10-23 02:16:12.600
2090,15.483065,-94.769857,-46.496,17415.9,-44556.1,25438.3,265.3,420.9,836.4,1.908,0,0,283,335,-9.0,0.122,1,2017-10-23 02:27:25.320
2091,16.508879,-95.048568,-7.344,-12430.4,68957.2,-13713.7,276.7,401.5,426.1,1.581,0,0,235,381,-9.0,0.125,1,2017-10-23 02:41:53.200
2092,16.457574,-95.124618,-4.009,-20565.2,63280.1,-17048.9,314.9,387.5,529.8,2.202,0,0,562,469,-9.0,0.138,1,2017-10-23 02:50:30.750
2093,16.52773,-95.148299,-6.615,-23094.2,71043.2,-14442.6,312.4,373.1,451.0,1.605,0,0,330,333,-9.0,0.129,1,2017-10-23 02:54:28.640
2094,16.235757,-95.176172,-6.786,-26093.0,38734.5,-14271.1,438.2,389.4,246.4,1.523,0,0,273,288,-9.0,0.2,1,2017-10-23 03:05:57.160
2095,16.458828,-95.154028,-3.71,-23710.3,63418.8,-17347.4,328.8,517.1,478.3,3.099,0,0,478,368,-9.0,0.208,1,2017-10-23 03:11:15.400
2096,16.45519,-95.155648,-3.372,-23883.8,63016.2,-17685.4,324.4,399.3,360.5,2.256,0,0,432,439,-9.0,0.202,1,2017-10-23 03:18:02.420
2097,16.459567,-95.156787,-4.016,-24005.5,63500.6,-17041.4,327.0,478.7,444.9,2.367,0,0,555,630,-9.0,0.163,1,2017-10-23 03:21:01.080
2098,16.055004,-95.035213,-1.176,-11015.2,18732.9,-19881.5,468.1,695.2,526.0,1.68,0,0,26,37,-9.0,0.237,1,2017-10-23 03:51:34.490
2099,15.385926,-94.718669,-41.478,22908.7,-55305.1,20420.7,476.6,611.6,1059.9,1.911,0,0,338,445,-9.0,0.197,1,2017-10-23 03:52:47.670
2100,16.37305,-95.132593,-12.747,-21422.5,53926.9,-8310.2,452.9,761.6,566.1,1.789,0,0,334,362,-9.0,0.235,1,2017-10-23 03:59:43.880
2101,16.394858,-95.146525,-11.669,-22911.9,56340.1,-9388.6,396.6,654.4,563.0,2.353,0,0,585,498,-9.0,0.227,1,2017-10-23 04:05:29.370
2102,16.450706,-95.156657,-4.856,-23992.2,62520.0,-16201.6,310.1,393.5,432.9,2.346,0,0,447,444,-9.0,0.215,1,2017-10-23 04:11:31.840
2103,15.539402,-93.63116,-83.08,7418.0,-5438.4,-5516.4,4489.8,3844.3,3879.7,2.774,0,0,12,10,-9.0,0.677,9,2017-10-23 04:22:32.340
2104,15.938397,-95.176644,-8.404,-26162.7,5829.5,-12653.4,391.1,271.8,498.8,1.609,0,0,272,260,-9.0,0.208,1,2017-10-23 04:26:26.670
2105,15.533788,-94.740332,-51.599,20578.0,-38943.2,30541.7,566.1,777.2,1457.9,1.607,0,0,338,335,-9.0,0.214,1,2017-10-23 04:52:12.480
2106,16.3477,-95.121989,-25.329,-20289.7,51121.8,4271.7,596.0,1047.7,981.6,3.544,0,0,13,21,-9.0,0.169,1,2017-10-23 04:55:07.870
2107,15.408294,-94.710921,-25.112,23737.6,-52830.0,4054.9,314.4,533.6,709.5,2.112,0,0,386,376,-9.0,0.187,1,2017-10-23 05:01:29.910
2108,16.254774,-95.218197,-5.915,-30589.0,40838.8,-15142.6,353.4,223.7,326.9,1.771,0,0,481,269,-9.0,0.157,1,2017-10-23 05:05:39.280
2109,16.460073,-95.158341,-2.958,-24171.9,63556.5,-18099.6,336.0,484.2,388.9,1.928,0,0,352,395,-9.0,0.19,1,2017-10-23 05:16:44.070
2110,16.305654,-95.139982,-1.773,-22216.9,46469.0,-19284.6,367.7,338.9,334.4,1.255,0,0,329,320,-9.0,0.189,1,2017-10-23 05:20:38.660
2111,16.468138,-95.164201,-4.339,-24798.2,64449.0,-16718.0,291.8,334.6,485.0,1.612,0,0,457,390,-9.0,0.136,1,2017-10-23 05:21:36.300
2112,16.128341,-95.179867,-7.21,-26495.8,26848.1,-13847.3,361.6,509.1,852.8,1.035,0,0,177,258,-9.0,0.188,1,2017-10-23 05:31:59.930
2113,16.453246,-95.161686,-3.895,-24530.1,62801.1,-17162.2,272.1,273.2,373.9,1.529,0,0,450,429,-9.0,0.153,1,2017-10-23 05:37:36.470
2114,15.005874,-94.265568,-17.03,71557.6,-97360.5,-4027.9,592.1,635.5,770.8,2.114,0,0,15,17,-9.0,0.206,1,2017-10-23 05:45:00.070
2115,16.469016,-95.163485,-5.065,-24721.3,64546.0,-15993.0,414.5,454.2,1793.5,1.431,0,0,347,492,-9.0,0.128,1,2017-10-23 05:56:01.410
2116,15.558125,-94.556909,-44.831,40236.0,-36250.2,23773.9,694.2,642.2,1042.9,1.57,0,0,12,12,-9.0,0.079,1,2017-10-23 06:08:17.510
2117,16.525269,-95.196012,-1.574,-28195.8,70770.9,-19483.9,372.5,378.0,295.4,1.521,0,0,241,201,-9.0,0.122,1,2017-10-23 06:11:38.110
2118,16.503099,-95.220321,-11.122,-30797.0,68317.6,-9935.7,318.5,395.2,481.4,1.359,0,0,188,329,-9.0,0.123,1,2017-10-23 06:29:01.240
2119,15.556454,-94.756437,-31.374,18850.9,-36435.0,10317.0,229.7,394.9,520.2,2.724,0,0,484,345,-9.0,0.197,1,2017-10-23 09:20:08.890
2120,16.455422,-95.133016,-3.083,-21463.6,63041.9,-17974.1,293.3,293.7,384.8,1.171,0,0,474,375,-9.0,0.14,1,2017-10-23 09:30:34.340
2121,16.692639,-95.026473,-13.981,-10063.5,89291.6,-7076.5,398.8,689.9,657.5,1.315,0,0,10,10,-9.0,0.188,1,2017-10-23 09:48:01.820
2122,16.144429,-95.069499,-11.994,-14682.1,28628.3,-9063.5,353.6,554.8,439.3,1.897,0,0,140,223,-9.0,0.176,1,2017-10-23 10:37:52.240
2123,16.119527,-95.145605,-11.703,-22829.1,25872.8,-9354.2,543.5,641.0,1066.7,1.754,0,0,54,62,-9.0,0.195,1,2017-10-23 12:43:48.360
2124,16.162398,-95.282829,-17.198,-37512.4,30616.8,-3859.7,369.2,504.1,454.9,2.886,0,0,37,70,-9.0,0.19,1,2017-10-23 13:53:46.130
2125,15.004757,-94.339421,-39.233,63631.3,-97484.1,18175.5,437.7,650.3,2500.6,2.992,0,0,213,86,-9.0,0.196,1,2017-10-23 14:19:12.060
2126,16.327616,-95.154565,-31.638,-23775.5,48899.3,10580.3,592.9,959.7,893.8,2.13,0,0,38,38,-9.0,0.276,1,2017-10-23 14:26:25.180
2127,16.456369,-95.179948,-3.208,-26482.3,63146.7,-17849.4,449.5,393.6,397.9,1.859,0,0,315,469,-9.0,0.222,1,2017-10-23 14:48:35.860
2128,16.08598,-95.259399,-23.872,-35011.4,22160.6,2814.6,614.9,1185.1,1059.4,2.201,0,0,16,20,-9.0,0.239,1,2017-10-23 15:36:20.470
2129,15.584467,-94.865682,-45.529,7141.0,-33335.3,24471.5,375.6,609.8,966.0,2.53,0,0,215,197,-9.0,0.194,1,2017-10-23 16:11:52.180
2130,15.555646,-94.803955,-57.627,13757.6,-36524.4,36569.3,264.6,753.5,997.2,2.861,0,0,99,68,-9.0,0.166,1,2017-10-23 16:51:14.150
2131,15.940461,-95.108398,-57.544,-18855.0,6058.0,36486.7,456.6,706.4,667.7,2.787,0,0,24,50,-9.0,0.177,1,2017-10-23 16:54:26.280
2132,16.424978,-95.510303,-0.072,3158.6,-3221.1,-1723.0,2300.4,3582.4,1752.7,1.509,0,0,23,25,-9.0,0.62,3,2017-10-23 17:43:37.920
2133,16.478586,-95.403255,-0.027,14588.8,2711.4,-1767.9,4195.0,5157.3,3918.4,1.714,0,0,4,3,-9.0,0.265,3,2017-10-23 17:52:27.860
2134,15.524711,-94.769792,-50.499,17421.2,-39947.6,29441.9,285.5,606.5,1033.8,1.7,0,0,90,89,-9.0,0.177,1,2017-10-23 18:05:24.680
2135,16.410054,-95.174788,-14.436,-25933.6,58021.5,-6621.5,460.0,657.3,471.4,2.178,0,0,337,389,-9.0,0.232,1,2017-10-23 18:12:01.560
2136,15.908311,-95.310986,-29.998,965.4,-5725.3,-1.8,14600.8,22853.9,17132.8,2.142,0,0,6,2,-9.0,0.836,20,2017-10-23 18:38:20.720
2137,15.861547,-95.08418,-38.85,-16264.5,-2674.5,17792.3,785.6,926.9,2006.3,1.591,0,0,13,7,-9.0,0.221,1,2017-10-23 21:13:16.760
2138,15.85461,-95.031274,-29.646,-10598.4,-3442.0,8588.6,649.8,703.6,953.8,1.856,0,0,12,11,-9.0,0.101,1,2017-10-23 21:54:17.720
2139,16.351792,-95.14279,-14.918,-22514.7,51574.5,-6139.6,491.4,754.0,455.5,2.117,0,0,172,282,-9.0,0.187,1,2017-10-23 23:45:38.740
2140,15.636668,-95.145573,-43.791,-22852.4,-27558.8,22733.4,1173.6,2633.6,6669.2,2.532,0,0,5,3,-9.0,0.167,1,2017-10-23 23:47:08.400
2141,16.465483,-95.156193,-7.25,-23941.8,64155.1,-13807.6,300.1,400.4,523.0,2.532,0,0,441,496,-9.0,0.186,1,2017-10-23 23:47:08.660
2142,16.37224,-95.140356,-12.509,-22253.0,53837.2,-8548.5,640.5,744.7,640.5,1.911,0,0,292,306,-9.0,0.236,1,2017-10-23 23:53:59.880
2143,16.535876,-95.108822,-6.915,-18872.2,71944.8,-14142.9,262.7,413.9,491.7,2.498,0,0,314,444,-9.0,0.148,1,2017-10-24 00:09:48.260
2144,15.302931,-94.627018,-53.394,32742.2,-64489.2,32337.0,372.7,627.8,1117.1,2.205,0,0,309,289,-9.0,0.212,1,2017-10-24 00:22:13.430
2145,15.794704,-94.914844,-30.703,1872.0,-10071.1,9645.3,378.9,614.1,864.6,1.474,0,0,18,38,-9.0,0.083,1,2017-10-24 00:57:47.970
2146,15.513045,-94.762533,-32.952,18199.9,-41238.5,11894.9,314.6,374.4,1200.0,1.958,0,0,414,426,-9.0,0.173,1,2017-10-24 01:43:33.580
2147,15.939798,-95.185596,-9.409,-27121.4,5984.5,-11648.6,399.3,490.5,441.8,1.66,0,0,278,265,-9.0,0.199,1,2017-10-24 01:48:43.320
2148,16.083898,-95.171346,-11.287,-25586.7,21930.2,-9770.5,417.0,574.7,608.4,1.245,0,0,249,259,-9.0,0.131,1,2017-10-24 02:02:34.420
2149,16.111322,-95.068018,-3.054,-14524.7,24964.9,-18003.7,372.4,523.0,503.0,1.528,0,0,80,87,-9.0,0.224,1,2017-10-24 02:12:57.860
2150,15.250728,-94.587858,-23.102,36946.3,-70265.7,2044.9,324.5,799.8,805.9,2.306,0,0,333,264,-9.0,0.239,1,2017-10-24 02:30:08.370
2151,15.289397,-94.628288,-31.696,32607.2,-65986.8,10638.9,261.8,517.1,818.5,1.547,0,0,197,231,-9.0,0.219,1,2017-10-24 02:34:04.650
2152,15.002893,-94.273429,-45.838,70713.9,-97690.3,24780.4,569.2,672.9,1852.7,2.542,0,0,162,104,-9.0,0.195,1,2017-10-24 02:49:02.420
2153,16.262527,-95.223901,-3.69,-31198.5,41696.8,-17367.6,447.7,582.7,719.0,1.938,0,0,395,350,-9.0,0.207,1,2017-10-24 03:00:33.950
2154,15.507382,-94.75577,-25.071,18924.4,-41865.2,4013.8,709.1,784.6,1248.9,1.831,0,0,351,312,-9.0,0.231,1,2017-10-24 03:01:34.920
2155,15.71,-94.509896,-21.264,1835.6,-3028.2,-4921.9,979.7,876.5,1159.9,2.155,0,0,25,27,-9.0,0.339,6,2017-10-24 03:13:28.070
2156,15.427178,-94.732633,-59.745,21409.3,-50740.4,38687.8,573.3,519.8,896.8,2.348,0,0,137,93,-9.0,0.214,1,2017-10-24 03:17:08.210
2157,15.46286,-94.585384,-51.979,37192.8,-46791.9,30921.6,493.2,705.7,1080.7,1.659,0,0,107,100,-9.0,0.244,1,2017-10-24 03:44:07.090
2158,15.839386,-95.181274,-13.834,-26665.4,-5126.7,-7223.8,437.4,364.8,455.4,1.54,0,0,59,43,-9.0,0.194,1,2017-10-24 03:46:24.520
2159,15.508624,-94.78776,-33.442,15495.3,-41727.7,12384.2,340.8,397.3,1418.8,1.823,0,0,458,365,-9.0,0.141,1,2017-10-24 04:18:09.790
2160,15.214897,-94.639347,-21.559,31426.4,-74230.7,501.8,801.3,1063.8,1318.6,1.509,0,0,17,6,-9.0,0.203,1,2017-10-24 04:21:52.190
2161,16.482393,-95.280729,-23.145,-37258.1,66026.4,2088.0,1042.0,714.6,1331.2,1.293,0,0,6,2,-9.0,0.066,1,2017-10-24 04:23:40.710
2162,15.896708,-95.195614,-8.015,-28197.2,1216.4,-13042.7,521.9,588.1,614.9,1.339,0,0,123,115,-9.0,0.242,1,2017-10-24 04:33:38.060
2163,15.286289,-94.589632,-55.597,36753.5,-66330.6,34539.2,376.7,564.1,869.4,2.031,0,0,256,266,-9.0,0.216,1,2017-10-24 04:39:23.720
2164,15.553067,-94.913965,-28.197,1966.9,-36809.8,7139.7,479.9,831.5,1135.1,1.297,0,0,214,114,-9.0,0.232,1,2017-10-24 04:47:52.870
2165,16.452746,-95.15603,-3.922,-23924.8,62745.8,-17135.6,285.0,378.3,371.5,1.705,0,0,537,546,-9.0,0.139,1,2017-10-24 04:50:51.550
2166,15.427736,-94.660986,-25.671,29090.6,-50678.5,4613.7,558.7,834.2,938.4,1.579,0,0,356,225,-9.0,0.195,1,2017-10-24 04:57:00.670
2167,15.528371,-94.675936,-13.345,27480.8,-39542.6,-7712.5,966.1,893.9,888.6,1.29,0,0,10,8,-9.0,0.219,1,2017-10-24 05:14:12.430
2168,15.385618,-94.659058,-19.411,29300.4,-55339.2,-1646.4,484.1,516.3,772.3,2.028,0,0,299,150,-9.0,0.202,1,2017-10-24 05:17:59.290
2169,16.211478,-95.365763,-17.767,-46383.1,36047.7,-3290.7,708.3,1068.8,661.6,1.889,0,0,69,71,-9.0,0.219,1,2017-10-24 05:18:40.170
2170,16.078026,-95.227856,-2.03,-31635.9,21280.5,-19027.1,260.6,262.4,335.9,1.374,0,0,159,174,-9.0,0.168,1,2017-10-24 05:33:01.210
2171,15.744138,-95.03859,-39.496,-11385.6,-15666.6,18438.5,633.9,1259.6,2517.2,1.333,0,0,10,6,-9.0,0.199,1,2017-10-24 05:35:11.780
2172,15.659014,-94.900033,-31.721,3459.0,-25086.1,10663.5,382.7,672.3,920.6,1.598,0,0,144,134,-9.0,0.218,1,2017-10-24 05:58:07.400
2173,16.00147,-95.20542,-7.946,-29239.5,12808.9,-13111.3,292.7,316.6,548.7,1.538,0,0,337,242,-9.0,0.166,1,2017-10-24 06:09:35.560
2174,16.500256,-95.021655,-9.069,-9553.1,68003.0,-11988.4,541.2,527.1,962.8,1.172,0,0,154,321,-9.0,0.187,1,2017-10-24 06:11:31.980
2175,16.297872,-95.179199,-5.021,-26413.4,45607.8,-16036.2,414.4,340.4,1175.0,1.56,0,0,388,362,-9.0,0.201,1,2017-10-24 06:12:41.550
2176,15.470963,-94.560018,-30.142,39911.6,-45895.3,9084.1,452.8,612.0,763.2,2.132,0,0,178,128,-9.0,0.213,1,2017-10-24 06:15:33.420
2177,15.442245,-94.706193,-27.301,24242.5,-49073.0,6243.5,344.0,382.0,647.3,1.43,0,0,422,376,-9.0,0.207,1,2017-10-24 06:17:22.910
2178,15.48342,-94.72334,-31.419,22402.2,-44516.8,10361.6,461.2,683.0,578.5,1.347,0,0,623,343,-9.0,0.196,1,2017-10-24 06:40:12.200
2179,16.296225,-95.188175,-7.022,-27373.2,45425.6,-14035.3,363.5,212.4,457.5,1.054,0,0,221,375,-9.0,0.149,1,2017-10-24 06:43:59.130
2180,16.897967,-95.090959,-33.113,-3770.2,-2999.0,2063.0,7355.4,19296.3,19976.1,1.96,0,0,2,1,-9.0,1.005,17,2017-10-24 07:09:25.740
2181,16.948712,-95.616292,-4.947,-2635.4,2253.4,2456.5,78.5,90.2,94.0,1.96,0,0,1,2,-9.0,0.21,34,2017-10-24 07:09:28.780
2182,15.922506,-94.960099,-44.424,-2975.1,4071.1,23367.0,631.6,848.5,1163.6,1.705,0,0,11,16,-9.0,0.163,1,2017-10-24 07:11:45.860
2183,15.226139,-93.966683,-28.521,-19068.5,11418.6,-2551.1,914.7,828.2,1638.2,1.654,0,0,26,49,-9.0,0.174,2,2017-10-24 07:16:26.630
2184,15.706867,-94.911011,-19.538,2282.6,-19790.8,-1519.4,849.6,727.3,997.2,1.421,0,0,16,15,-9.0,0.266,1,2017-10-24 07:22:51.810
2185,16.477276,-95.213574,-7.011,-30077.1,65460.2,-14046.1,300.5,369.8,456.1,1.285,0,0,265,341,-9.0,0.127,1,2017-10-24 07:26:45.520
2186,15.299685,-94.542244,-8.434,41834.6,-64848.3,-12623.0,675.8,854.6,1105.8,1.215,0,0,33,27,-9.0,0.171,1,2017-10-24 07:31:49.360
2187,16.455539,-95.177629,-6.259,-26234.7,63054.8,-14798.2,221.3,350.4,507.8,1.727,0,0,557,512,-9.0,0.17,1,2017-10-24 07:35:34.560
2188,16.063027,-95.223381,-8.636,-31158.4,19620.7,-12421.2,253.0,267.5,428.5,2.609,0,0,350,370,-9.0,0.154,1,2017-10-24 07:42:16.140
2189,15.506163,-94.547119,-44.863,41291.0,-42000.1,23805.9,433.1,609.4,1111.8,1.836,0,0,118,104,-9.0,0.17,1,2017-10-24 08:17:18.620
2190,16.482887,-95.030379,-5.161,-10486.7,66081.0,-15896.3,290.8,421.2,845.5,1.207,0,0,77,363,-9.0,0.177,1,2017-10-24 08:22:08.440
2191,15.495258,-94.741056,-30.966,20502.7,-43206.8,9908.8,212.4,357.2,576.0,1.661,0,0,570,508,-9.0,0.158,1,2017-10-24 08:33:00.990
2192,16.433363,-95.291838,-23.957,-38450.6,60600.9,2899.5,984.9,837.5,1115.9,0.99,0,0,9,14,-9.0,0.205,1,2017-10-24 08:35:03.120
2193,16.275339,-95.212703,-6.056,-29999.4,43114.5,-15001.2,420.5,583.6,848.1,1.248,0,0,263,247,-9.0,0.219,1,2017-10-24 08:37:49.550
2194,16.514489,-95.073185,-5.229,-15063.1,69578.0,-15827.8,433.7,428.7,702.0,1.608,0,0,126,311,-9.0,0.182,1,2017-10-24 08:53:50.090
2195,15.441034,-94.666821,-32.625,28464.4,-49207.1,11567.0,384.4,422.5,561.0,1.082,0,0,360,237,-9.0,0.192,1,2017-10-24 09:15:20.550
2196,15.436791,-94.705225,-26.477,24346.7,-49676.6,5419.9,288.4,538.3,827.1,1.507,0,0,469,367,-9.0,0.192,1,2017-10-24 09:19:02.200
2197,16.26313,-95.214136,-3.628,-30153.0,41763.4,-17429.7,249.4,242.0,291.1,1.142,0,0,376,412,-9.0,0.159,1,2017-10-24 09:47:38.640
2198,15.527528,-94.760368,-36.778,18431.0,-39635.9,15720.1,343.8,537.8,1285.3,1.56,0,0,425,282,-9.0,0.144,1,2017-10-24 09:48:40.620
2199,15.338671,-94.582764,-15.165,37484.9,-60534.2,-5892.4,610.7,667.9,1022.7,1.939,0,0,124,63,-9.0,0.194,1,2017-10-24 11:49:39.270
2200,15.398793,-94.671273,-32.55,27990.0,-53881.4,11492.4,477.2,781.1,1144.0,2.813,0,0,759,487,-9.0,0.221,1,2017-10-24 11:50:23.710
2201,15.589408,-94.974666,-31.018,-4538.7,-32788.5,9960.3,465.5,657.0,1091.4,1.771,0,0,47,44,-9.0,0.154,1,2017-10-24 12:53:46.020
2202,15.579748,-94.931217,-31.903,117.9,-33857.5,10845.4,411.6,567.1,743.2,2.281,0,0,80,131,-9.0,0.202,1,2017-10-24 14:39:15.060
2203,16.458446,-95.178491,-3.979,-26326.5,63376.5,-17078.4,330.5,349.2,651.6,2.055,0,0,206,350,-9.0,0.117,1,2017-10-24 15:03:20.310
2204,15.761224,-94.974569,-61.606,-4526.4,-13775.8,40548.2,531.1,869.4,854.7,2.165,0,0,28,40,-9.0,0.233,1,2017-10-24 15:35:00.530
2205,15.131782,-94.359871,-13.625,61418.1,-83427.9,-7432.3,515.7,484.4,660.9,3.924,0,0,110,45,-9.0,0.258,1,2017-10-24 16:12:10.850
2206,15.391932,-94.694971,-31.249,25449.2,-54640.5,10191.9,232.3,323.1,489.3,1.941,0,0,569,525,-9.0,0.184,1,2017-10-24 16:52:22.660
2207,15.693683,-94.937451,-22.621,-550.2,-21249.8,1564.0,428.7,506.2,585.3,1.79,0,0,117,122,-9.0,0.22,1,2017-10-24 19:21:08.160
2208,15.116189,-93.855705,-27.213,-7144.0,-747.4,-3858.7,733.1,543.7,944.8,2.384,0,0,61,117,-9.0,0.252,2,2017-10-24 22:02:21.680
2209,15.858345,-95.087769,-52.096,-16648.9,-3028.8,31038.1,382.0,643.1,655.3,3.78,0,0,72,48,-9.0,0.167,1,2017-10-24 23:21:02.040
2210,15.469639,-94.769246,-48.028,17481.4,-46041.7,26970.2,317.7,455.3,653.2,2.16,0,0,491,423,-9.0,0.161,1,2017-10-24 23:41:50.200
2211,15.247509,-94.584774,-31.168,37277.7,-70621.9,10110.0,507.7,698.5,639.3,1.836,0,0,197,138,-9.0,0.211,1,2017-10-25 00:40:37.600
2212,16.371348,-95.057503,-12.268,-13390.4,53738.5,-8789.0,467.7,787.8,584.6,2.422,0,0,256,281,-9.0,0.202,1,2017-10-25 01:25:32.700
2213,16.207232,-95.05874,-12.783,-13528.8,35577.9,-8275.0,378.3,848.2,592.6,1.995,0,0,122,104,-9.0,0.269,1,2017-10-25 01:36:27.380
2214,15.416289,-94.740397,-45.71,20577.2,-51945.2,24652.1,319.0,392.2,695.5,1.994,0,0,337,281,-9.0,0.137,1,2017-10-25 02:13:17.000
2215,16.439212,-95.115438,-7.25,-19584.7,61248.2,-13807.0,367.1,472.1,491.5,2.785,0,0,647,601,-9.0,0.244,1,2017-10-25 02:49:22.040
2216,15.501883,-94.964583,-21.617,-3459.3,-42473.7,559.8,533.9,931.9,1392.6,1.543,0,0,50,36,-9.0,0.267,1,2017-10-25 02:56:16.530
2217,16.397627,-95.256429,-39.303,-34666.8,56646.4,18245.6,823.8,1172.4,909.3,1.823,0,0,4,7,-9.0,0.152,1,2017-10-25 03:39:01.460
2218,16.46734,-95.213363,-32.358,-30055.6,64360.7,11300.3,760.5,741.8,1075.6,1.412,0,0,9,7,-9.0,0.252,1,2017-10-25 03:45:37.470
2219,16.456983,-95.250073,-10.194,-33982.2,63214.6,-10863.8,349.7,491.9,591.4,1.874,0,0,333,213,-9.0,0.229,1,2017-10-25 03:47:53.210
2220,15.162881,-93.963493,-38.873,-18728.0,4419.2,7801.4,1004.8,815.8,2629.7,2.416,0,0,30,57,-9.0,0.248,2,2017-10-25 04:18:04.460
2221,15.60403,-94.886556,-30.939,4903.9,-31170.5,9881.6,319.7,534.3,638.3,1.884,0,0,476,348,-9.0,0.186,1,2017-10-25 04:59:51.350
2222,16.516896,-95.194442,-12.474,-28028.7,69844.3,-8583.0,334.6,402.6,332.1,1.532,0,0,233,325,-9.0,0.151,1,2017-10-25 05:03:21.320
2223,15.318084,-94.628971,-18.428,32531.8,-62812.4,-2629.1,362.6,628.7,668.8,2.282,0,0,345,227,-9.0,0.214,1,2017-10-25 05:10:55.140
2224,15.516983,-94.726204,-27.903,22093.8,-40802.8,6845.7,349.5,451.2,627.0,2.316,0,0,487,487,-9.0,0.194,1,2017-10-25 05:12:41.810
2225,14.749697,-94.262703,-33.428,1668.2,-4138.6,-912.3,5434.7,3538.2,7813.2,2.248,0,0,3,1,-9.0,0.381,23,2017-10-25 05:24:39.950
2226,15.264675,-94.411743,-28.849,55835.3,-68722.4,7791.7,433.8,614.4,974.1,1.963,0,0,93,70,-9.0,0.197,1,2017-10-25 05:59:08.810
2227,15.910795,-95.221729,-3.644,-30992.5,2775.2,-17413.0,440.3,609.5,351.8,1.577,0,0,148,136,-9.0,0.194,1,2017-10-25 06:06:18.730
2228,15.500766,-94.650879,-49.701,30169.0,-42597.3,28643.6,514.7,395.5,698.8,1.545,0,0,295,187,-9.0,0.181,1,2017-10-25 06:10:15.370
2229,16.438573,-95.141007,-5.02,-22319.5,61177.5,-16037.9,291.9,413.5,531.5,1.721,0,0,501,502,-9.0,0.181,1,2017-10-25 06:54:30.900
2230,15.963089,-95.200887,-9.311,-28757.1,8561.9,-11746.7,246.8,300.7,478.7,1.617,0,0,334,322,-9.0,0.152,1,2017-10-25 06:56:02.970
2231,16.414241,-95.094971,-10.396,-17397.0,58484.8,-10661.7,427.2,689.4,633.4,2.344,0,0,338,255,-9.0,0.228,1,2017-10-25 07:16:31.050
2232,15.415048,-94.707096,-25.449,24147.7,-52082.6,4391.6,268.2,345.4,591.7,1.987,0,0,560,258,-9.0,0.171,1,2017-10-25 07:20:36.270
2233,16.529578,-95.101685,-3.999,-18109.7,71247.6,-17058.5,285.0,381.9,335.9,1.519,0,0,175,370,-9.0,0.108,1,2017-10-25 07:32:09.120
2234,16.152698,-94.044808,-102.45,2480.6,-1388.9,530.3,914.9,935.9,535.7,1.798,0,0,4,6,-9.0,0.14,22,2017-10-25 07:39:17.610
2235,15.230744,-94.460824,-24.164,50575.0,-72477.0,3106.8,377.0,462.4,563.3,2.994,0,0,177,84,-9.0,0.204,1,2017-10-25 07:42:04.460
2236,16.287251,-94.965267,-12.515,-3525.2,44432.6,-8542.3,403.3,601.6,779.5,1.574,0,0,17,33,-9.0,0.14,1,2017-10-25 07:49:51.060
2237,16.472209,-95.186963,-5.372,-27232.3,64899.5,-15685.3,625.8,708.6,869.9,2.156,0,0,330,187,-9.0,0.213,1,2017-10-25 07:59:46.650
2238,15.972853,-95.121012,-12.432,-20204.1,9642.3,-8625.5,413.9,374.4,627.7,1.591,0,0,127,217,-9.0,0.222,1,2017-10-25 08:12:35.130
2239,16.536948,-95.147266,-7.196,-22982.8,72063.2,-13861.0,388.2,513.9,881.1,1.979,0,0,332,352,-9.0,0.182,1,2017-10-25 08:52:29.080
2240,15.636042,-94.891423,-31.55,4382.4,-27628.1,10492.1,348.0,487.9,686.3,1.943,0,0,310,279,-9.0,0.216,1,2017-10-25 09:04:02.560
2241,16.178467,-95.423193,-13.733,-52533.0,32394.9,-7324.2,778.9,1106.9,705.1,1.432,0,0,17,23,-9.0,0.117,1,2017-10-25 09:06:44.570
2242,16.460104,-95.173942,-9.991,-25840.1,63560.0,-11067.0,495.2,515.5,762.7,1.399,0,0,299,428,-9.0,0.187,1,2017-10-25 09:13:11.170
2243,15.698073,-94.938859,-29.249,-701.2,-20763.9,8191.3,407.7,488.8,714.4,2.571,0,0,233,167,-9.0,0.234,1,2017-10-25 09:43:56.740
2244,16.157515,-95.354728,-4.148,-45208.3,30076.5,-16909.5,465.6,593.5,1735.6,1.413,0,0,52,49,-9.0,0.208,1,2017-10-25 09:46:35.710
2245,15.370802,-94.595817,-10.963,36082.6,-56978.7,-10094.8,718.5,776.1,879.8,1.877,0,0,51,22,-9.0,0.207,1,2017-10-25 09:50:41.200
2246,16.055776,-95.216968,-7.914,-30472.3,18818.3,-13143.3,311.0,346.0,539.0,2.476,0,0,400,313,-9.0,0.183,1,2017-10-25 10:05:21.400
2247,16.046817,-95.214103,-7.896,-30166.4,17827.0,-13161.8,714.3,683.2,632.2,1.54,0,0,134,221,-9.0,0.202,1,2017-10-25 10:07:29.640
2248,15.610457,-94.931616,-13.715,74.8,-30459.3,-7343.0,699.0,978.3,1167.5,1.347,0,0,15,6,-9.0,0.118,1,2017-10-25 10:20:36.030
2249,16.446422,-95.10516,-1.939,-18484.7,62046.0,-19118.6,363.1,457.1,374.8,2.244,0,0,365,401,-9.0,0.219,1,2017-10-25 10:24:38.340
2250,15.284661,-94.803727,-29.843,13791.6,-66510.9,8785.2,618.2,877.0,818.2,2.216,0,0,55,49,-9.0,0.221,1,2017-10-25 10:37:47.640
2251,14.947111,-94.073454,-35.462,92189.0,-103863.0,14404.7,1406.1,1358.4,8399.0,2.599,0,0,13,20,-9.0,0.27,1,2017-10-25 10:38:02.590
2252,16.47629,-95.129688,-4.148,-21106.7,65351.1,-16909.4,272.0,354.8,415.8,1.627,0,0,522,618,-9.0,0.146,1,2017-10-25 10:40:43.330
2253,16.527621,-95.140739,-4.713,-22285.9,71031.2,-16344.1,308.7,370.6,429.8,1.603,0,0,288,318,-9.0,0.128,1,2017-10-25 10:42:24.200
2254,16.545817,-95.41062,-22.435,-51140.2,73044.7,1377.6,823.7,841.9,1067.7,1.342,0,0,7,7,-9.0,0.045,1,2017-10-25 10:44:35.820
2255,16.071837,-95.228703,-8.513,-31727.0,20595.7,-12543.5,257.7,247.9,413.1,1.59,0,0,234,291,-9.0,0.127,1,2017-10-25 11:24:36.750
2256,15.320551,-94.654305,-16.535,29814.2,-62539.4,-4522.6,331.8,355.3,625.3,2.473,0,0,271,161,-9.0,0.214,1,2017-10-25 11:29:51.310
2257,15.648531,-94.980607,-23.007,-5174.4,-26246.1,1949.1,544.9,753.9,1062.5,1.934,0,0,41,27,-9.0,0.198,1,2017-10-25 11:32:25.230
2258,16.468569,-95.157357,-4.256,-24066.4,64496.7,-16801.4,292.3,367.0,398.6,2.267,0,0,405,519,-9.0,0.17,1,2017-10-25 12:49:42.540
2259,16.549311,-95.14401,-8.597,-22634.3,73431.3,-12460.6,313.8,388.9,465.6,2.141,0,0,218,372,-9.0,0.172,1,2017-10-25 13:00:56.770
2260,15.484607,-94.673145,-47.447,27783.1,-44385.4,26389.5,301.7,456.5,930.1,1.883,0,0,374,235,-9.0,0.146,1,2017-10-25 15:29:33.850
2261,15.218164,-94.538249,-21.944,42270.8,-73869.2,886.5,378.2,423.8,699.6,2.4,0,0,137,123,-9.0,0.214,1,2017-10-25 15:42:14.560
2262,15.272434,-94.603573,-45.669,35259.5,-67863.8,24611.3,303.1,475.2,1050.2,2.329,0,0,302,241,-9.0,0.19,1,2017-10-25 15:50:06.150
2263,16.499188,-95.53929,-17.561,-4969.1,-1345.9,3016.0,9112.4,11323.2,10158.4,2.454,0,0,2,4,-9.0,0.781,28,2017-10-25 16:04:02.940
2264,15.796486,-95.122103,-29.068,-20329.9,-9873.9,8010.4,521.5,633.0,788.7,2.462,0,0,64,34,-9.0,0.185,1,2017-10-25 16:07:06.770
2265,15.802548,-95.039844,-52.74,-11518.1,-9203.1,31682.1,448.2,765.6,487.9,2.383,0,0,29,36,-9.0,0.2,1,2017-10-25 16:39:34.700
2266,16.446737,-95.255103,-11.928,-34520.6,62080.8,-9129.9,420.2,699.8,675.3,2.385,0,0,332,279,-9.0,0.275,1,2017-10-25 17:33:09.760
2267,15.284802,-94.610506,-28.417,34514.4,-66495.1,7359.4,790.8,744.0,1092.8,1.886,0,0,137,134,-9.0,0.236,1,2017-10-25 18:47:03.640
2268,15.17614,-94.463566,-32.933,50287.6,-78519.4,11875.6,827.3,674.6,1164.4,1.923,0,0,58,95,-9.0,0.224,1,2017-10-25 19:32:39.280
2269,15.159995,-94.360783,-51.919,61316.1,-80306.0,30861.2,783.7,1220.9,2021.9,1.663,0,0,104,38,-9.0,0.212,1,2017-10-25 19:54:52.540
2270,16.110347,-97.643172,-8.352,-7085.1,-537.2,-2136.5,309.5,467.0,706.8,2.521,0,0,13,13,-9.0,0.157,7,2017-10-25 20:20:48.880
2271,15.44786,-94.660897,-31.45,29098.3,-48451.7,10393.0,452.7,538.8,563.5,2.202,0,0,410,244,-9.0,0.196,1,2017-10-25 20:45:00.260
2272,16.583942,-95.176579,-4.961,-26113.7,77263.4,-16097.0,330.5,462.5,526.9,2.105,0,0,273,258,-9.0,0.177,1,2017-10-25 21:31:41.960
2273,16.5241,-95.126416,-5.92,-20754.0,70641.5,-15137.9,312.0,383.3,502.5,1.996,0,0,292,385,-9.0,0.162,1,2017-10-25 21:45:42.480
2274,15.761424,-94.839771,-30.386,9914.3,-13753.8,9329.0,454.4,601.4,858.0,1.89,0,0,36,37,-9.0,0.182,1,2017-10-25 22:38:23.060
2275,15.098746,-94.380811,-26.852,59176.4,-87083.6,5794.2,339.6,493.9,463.5,3.569,0,0,407,159,-9.0,0.228,1,2017-10-25 22:41:39.160
2276,15.270092,-93.97666,-39.03,-20138.4,16281.9,7958.3,1488.4,995.0,2684.9,1.727,0,0,28,35,-9.0,0.208,2,2017-10-26 00:00:43.220
2277,15.165983,-93.840112,-19.318,-5467.2,4762.3,-11754.3,1094.9,826.3,1090.8,2.214,0,0,30,46,-9.0,0.249,2,2017-10-26 00:47:11.140
2278,15.669838,-95.004191,-46.328,-7701.1,-23888.2,25270.5,467.5,758.9,980.0,1.974,0,0,63,31,-9.0,0.21,1,2017-10-26 01:37:36.680
2279,15.464413,-94.77076,-28.363,17319.5,-46619.9,7305.7,272.3,318.0,534.3,2.328,0,0,410,452,-9.0,0.159,1,2017-10-26 01:47:00.910
2280,16.470595,-95.185889,-4.377,-27116.9,64720.9,-16680.5,302.2,356.0,513.1,1.787,0,0,430,399,-9.0,0.161,1,2017-10-26 01:53:05.000
2281,15.561206,-94.830493,-13.459,10913.8,-35909.2,-7598.1,755.3,911.7,838.5,1.613,0,0,14,10,-9.0,0.213,1,2017-10-26 01:56:05.890
2282,16.473324,-95.111239,-2.848,-19134.1,65022.9,-18209.5,273.0,390.5,409.9,1.801,0,0,270,294,-9.0,0.167,1,2017-10-26 02:02:37.480
2283,15.445088,-94.725049,-25.129,22221.5,-48758.5,4071.1,352.3,372.2,815.7,2.11,0,0,453,386,-9.0,0.173,1,2017-10-26 03:04:25.650
2284,15.077444,-93.848682,-28.214,-6390.0,-5034.4,-2858.4,985.1,975.1,1534.7,2.305,0,0,76,129,-9.0,0.256,2,2017-10-26 03:10:06.640
2285,15.129112,-93.873503,-32.67,-9057.1,682.5,1598.2,689.8,895.4,826.1,1.558,0,0,116,118,-9.0,0.27,2,2017-10-26 03:18:34.860
2286,16.107779,-95.247729,-7.741,-33760.5,24572.8,-13316.3,343.3,516.6,613.9,2.309,0,0,306,287,-9.0,0.156,1,2017-10-26 03:34:26.340
2287,15.266898,-94.601294,-24.316,35504.2,-68476.4,3258.3,367.4,871.1,862.0,1.767,0,0,257,293,-9.0,0.265,1,2017-10-26 03:57:49.770
2288,15.461252,-94.767562,-23.704,17663.0,-46969.8,2646.0,495.4,607.1,1118.6,1.76,0,0,65,64,-9.0,0.198,1,2017-10-26 03:59:46.190
2289,16.112625,-95.246647,-4.479,-33644.7,25109.0,-16578.4,558.6,448.7,2030.0,1.423,0,0,134,131,-9.0,0.152,1,2017-10-26 04:08:24.510
2290,15.532741,-94.709489,-29.847,23884.0,-39059.1,8789.3,498.9,641.0,1126.4,1.818,0,0,267,437,-9.0,0.192,1,2017-10-26 04:10:58.430
2291,15.05917,-94.271737,-30.176,70886.4,-91463.0,9118.6,385.9,343.7,570.6,3.542,0,0,221,159,-9.0,0.194,1,2017-10-26 04:16:16.030
2292,15.431307,-94.708512,-22.969,23995.1,-50283.4,1911.7,326.6,429.8,621.8,2.046,0,0,371,404,-9.0,0.197,1,2017-10-26 04:22:54.150
2293,16.109654,-95.245947,-4.776,-33570.2,24780.3,-16281.5,323.8,345.5,484.2,1.387,0,0,212,223,-9.0,0.14,1,2017-10-26 04:33:01.830
2294,15.651362,-94.771785,-20.34,17202.0,-25932.8,-717.2,702.1,837.7,1209.1,1.756,0,0,121,196,-9.0,0.278,1,2017-10-26 04:56:46.560
2295,15.338552,-94.550732,-23.366,40920.5,-60547.4,2308.4,306.6,406.2,596.5,1.92,0,0,308,291,-9.0,0.209,1,2017-10-26 05:05:52.760
2296,16.316755,-95.091927,-8.491,-17075.1,47697.4,-12566.1,631.6,791.6,1647.6,1.133,0,0,93,152,-9.0,0.222,1,2017-10-26 05:19:09.130
2297,16.245744,-95.221851,-4.556,-30980.6,39839.6,-16501.0,239.6,229.4,280.1,1.534,0,0,439,495,-9.0,0.194,1,2017-10-26 05:23:50.460
2298,15.367875,-94.659115,-32.029,29295.5,-57302.6,10971.7,307.3,407.7,797.0,2.387,0,0,704,282,-9.0,0.2,1,2017-10-26 05:30:00.930
2299,15.164366,-94.503727,-33.639,45980.4,-79822.4,12581.9,504.5,485.4,1370.3,2.081,0,0,130,116,-9.0,0.25,1,2017-10-26 05:58:41.720
2300,15.543871,-94.746004,-28.694,19970.0,-37827.4,7636.3,322.9,305.2,562.0,2.334,0,0,520,456,-9.0,0.216,1,2017-10-26 06:06:06.670
2301,16.358195,-95.167839,-14.536,-25193.5,52283.1,-6521.8,434.9,697.1,441.1,2.02,0,0,268,359,-9.0,0.223,1,2017-10-26 06:27:06.350
2302,16.507912,-95.072323,-4.975,-14971.2,68850.3,-16081.1,253.3,330.8,451.0,1.923,0,0,170,347,-9.0,0.158,1,2017-10-26 06:31:50.770
2303,14.919358,-93.388656,-16.454,-4415.9,1627.9,2196.2,1041.2,537.4,647.8,2.317,0,0,37,60,-9.0,0.277,4,2017-10-26 07:11:36.790
2304,16.515857,-95.080868,-11.005,-15884.1,69729.5,-10052.6,293.7,396.4,323.4,1.473,0,0,227,344,-9.0,0.147,1,2017-10-26 07:14:34.460
2305,16.458216,-95.181396,-3.537,-26637.6,63351.0,-17520.9,279.3,335.4,365.1,1.504,0,0,368,425,-9.0,0.172,1,2017-10-26 07:28:52.060
2306,15.545188,-94.88269,-61.195,5319.3,-37681.7,40137.3,513.3,992.8,542.6,1.521,0,0,113,13,-9.0,0.115,1,2017-10-26 08:00:09.530
2307,16.456797,-95.169857,-3.55,-25403.3,63194.0,-17507.5,314.3,336.4,391.8,2.099,0,0,466,287,-9.0,0.122,1,2017-10-26 08:28:36.260
2308,16.458721,-95.182723,-4.807,-26779.0,63406.9,-16250.4,286.1,340.7,375.6,1.364,0,0,363,413,-9.0,0.163,1,2017-10-26 08:55:37.740
2309,16.467922,-95.087663,-4.67,-16612.6,64425.0,-16387.1,317.5,396.5,448.7,1.58,0,0,419,519,-9.0,0.153,1,2017-10-26 08:59:20.510
2310,16.43726,-95.165291,-5.439,-24916.7,61032.1,-15618.7,329.9,463.1,456.5,2.116,0,0,468,520,-9.0,0.226,1,2017-10-26 09:09:07.780
2311,15.926372,-95.172257,-8.847,-25694.2,4498.9,-12210.9,294.0,317.2,490.7,2.516,0,0,292,226,-9.0,0.192,1,2017-10-26 09:19:59.720
2312,16.111603,-95.244328,-7.67,-33396.4,24995.9,-13387.6,286.2,313.8,433.4,1.718,0,0,263,255,-9.0,0.154,1,2017-10-26 09:28:04.580
2313,16.115826,-95.247998,-7.307,-33788.8,25463.3,-13750.2,399.8,450.9,681.3,1.321,0,0,199,200,-9.0,0.144,1,2017-10-26 09:29:49.540
2314,16.457228,-95.520638,-4.789,2054.5,347.9,2993.5,1949.9,1994.4,2253.9,2.595,0,0,54,34,-9.0,0.514,3,2017-10-26 09:30:45.990
2315,15.115582,-94.444409,-31.014,52350.0,-85220.5,9956.9,470.1,493.4,774.3,1.855,0,0,221,67,-9.0,0.208,1,2017-10-26 09:44:40.930
2316,15.057492,-94.36355,-36.575,61034.1,-91648.6,15517.2,974.9,774.2,2879.0,2.718,0,0,297,122,-9.0,0.218,1,2017-10-26 09:45:11.460
2317,15.39599,-94.710164,-46.156,23820.0,-54191.5,25098.5,346.9,451.7,908.2,1.858,0,0,416,327,-9.0,0.16,1,2017-10-26 09:50:52.880
2318,16.422708,-95.174414,-12.068,-25893.1,59421.9,-8989.4,512.4,721.7,667.1,1.351,0,0,124,256,-9.0,0.272,1,2017-10-26 09:56:41.870
2319,16.286663,-95.275659,-58.44,-36733.8,44367.5,37382.2,938.0,1189.2,1519.8,1.729,0,0,2,4,-9.0,0.12,1,2017-10-26 11:09:33.380
2320,15.15843,-94.445199,-47.838,52259.7,-80479.1,26780.3,523.9,592.2,1426.2,2.264,0,0,168,52,-9.0,0.227,1,2017-10-26 11:37:21.330
2321,15.37032,-94.722144,-31.651,22536.6,-57032.1,10593.6,437.7,419.8,852.3,2.325,0,0,464,290,-9.0,0.199,1,2017-10-26 11:42:37.310
2322,16.489316,-95.125203,-3.939,-20626.7,66792.5,-17118.7,283.5,378.6,381.1,2.111,0,0,227,473,-9.0,0.135,1,2017-10-26 12:54:52.270
2323,15.690442,-94.993416,-28.016,-6546.9,-21608.4,6958.3,462.3,531.2,657.0,2.371,0,0,149,115,-9.0,0.242,1,2017-10-26 13:00:06.270
2324,15.79957,-95.128963,-29.417,-21064.8,-9532.7,8359.1,890.2,1035.9,1134.6,1.821,0,0,22,14,-9.0,0.219,1,2017-10-26 13:14:57.030
2325,15.277446,-94.60118,-17.833,35515.6,-67309.2,-3224.8,327.9,452.7,564.6,3.035,0,0,274,136,-9.0,0.179,1,2017-10-26 14:08:22.410
2326,16.365315,-95.074544,-24.657,-15213.5,53070.9,3599.9,878.9,1247.1,1071.3,2.139,0,0,6,8,-9.0,0.17,1,2017-10-26 14:44:44.620
2327,15.342769,-94.725358,-28.992,22193.7,-60080.8,7934.2,447.6,698.1,939.6,2.253,0,0,23,32,-9.0,0.156,1,2017-10-26 14:55:09.290
2328,15.603204,-94.955241,-32.842,-2456.5,-31261.9,11784.6,460.3,668.6,857.2,2.043,0,0,107,91,-9.0,0.255,1,2017-10-26 15:33:37.680
2329,15.493605,-94.811637,-23.384,12936.1,-43389.8,2326.1,280.5,366.3,713.5,1.619,0,0,279,215,-9.0,0.205,1,2017-10-26 19:00:48.920
2330,16.457819,-95.158398,-3.413,-24178.5,63307.0,-17644.3,314.7,365.2,357.5,2.377,0,0,565,498,-9.0,0.209,1,2017-10-26 19:09:16.240
2331,16.372457,-95.423299,-15.644,-52518.4,53861.2,-5413.1,658.1,783.4,879.4,1.949,0,0,80,48,-9.0,0.237,1,2017-10-26 19:22:09.640
2332,15.918659,-95.192586,-6.873,-27871.5,3645.4,-14184.9,301.2,353.2,562.4,2.224,0,0,268,238,-9.0,0.201,1,2017-10-26 19:31:09.760
2333,15.886149,-95.192635,-11.011,-27878.5,47.9,-10047.0,485.5,548.0,638.9,1.899,0,0,93,62,-9.0,0.191,1,2017-10-26 19:40:42.340
2334,15.031425,-94.354769,-31.747,61980.4,-94533.1,10689.6,433.8,536.0,665.2,2.285,0,0,122,113,-9.0,0.188,1,2017-10-26 20:06:32.680
2335,16.125054,-95.249927,-8.453,-33994.6,26484.4,-12604.3,709.8,856.7,841.2,1.745,0,0,142,147,-9.0,0.251,1,2017-10-26 23:26:17.480
2336,16.067572,-95.148763,-9.211,-23170.4,20123.6,-11847.0,273.7,314.7,408.9,1.58,0,0,165,290,-9.0,0.16,1,2017-10-27 00:37:38.180
2337,16.470147,-95.150928,-5.811,-23378.1,64671.3,-15246.3,320.9,374.9,527.2,1.565,0,0,285,505,-9.0,0.157,1,2017-10-27 01:07:51.900
2338,16.528661,-95.469027,-29.887,-57387.5,71146.3,8829.7,1117.3,1027.7,1726.4,1.529,0,0,3,2,-9.0,0.052,1,2017-10-27 01:58:37.100
2339,15.284966,-94.570207,-34.31,38837.1,-66477.0,13252.1,277.0,404.5,1099.6,2.438,0,0,351,327,-9.0,0.206,1,2017-10-27 02:19:32.830
2340,15.495684,-94.791715,-25.037,15071.9,-43159.7,3979.8,257.0,461.7,1012.3,2.112,0,0,198,188,-9.0,0.179,1,2017-10-27 02:28:55.840
2341,16.076412,-95.154118,-10.161,-23742.9,21101.8,-10896.6,280.5,301.6,397.3,1.678,0,0,284,324,-9.0,0.16,1,2017-10-27 02:44:19.050
2342,16.128351,-95.188542,-1.856,-27424.1,26849.3,-19201.4,359.0,488.2,346.4,1.483,0,0,96,137,-9.0,0.16,1,2017-10-27 02:55:29.920
2343,15.680439,-94.964339,-32.349,-3431.3,-22715.2,11291.1,422.0,546.1,675.4,2.095,0,0,123,136,-9.0,0.211,1,2017-10-27 02:58:46.780
2344,16.10097,-95.259302,-7.06,-34999.9,23819.4,-13997.1,321.6,445.5,675.5,2.131,0,0,270,286,-9.0,0.157,1,2017-10-27 03:15:20.180
2345,14.887633,-93.406323,-8.875,-6317.4,-1882.4,-5382.3,776.3,753.5,1155.5,2.588,0,0,30,36,-9.0,0.243,4,2017-10-27 03:19:11.220
2346,15.985676,-95.199259,-9.657,-28581.7,11061.3,-11400.9,243.1,263.0,447.7,2.385,0,0,313,347,-9.0,0.136,1,2017-10-27 03:20:09.080
2347,16.100601,-95.2566,-6.982,-34711.0,23778.6,-14076.0,351.7,378.3,638.2,1.992,0,0,317,344,-9.0,0.173,1,2017-10-27 03:36:33.200
2348,16.071036,-95.150326,-9.495,-23337.5,20506.9,-11562.1,254.2,256.4,401.6,1.59,0,0,261,269,-9.0,0.13,1,2017-10-27 03:59:25.040
2349,15.571434,-94.958691,-30.543,-2826.5,-34777.4,9485.7,342.2,479.0,681.8,2.904,0,0,241,186,-9.0,0.192,1,2017-10-27 04:02:30.980
2350,15.146139,-94.358968,-26.454,61513.2,-81839.2,5396.2,334.7,426.8,536.9,2.459,0,0,330,114,-9.0,0.229,1,2017-10-27 04:23:33.340
2351,15.637527,-94.805005,-32.248,13642.6,-27463.7,11190.2,348.3,436.1,617.1,2.342,0,0,346,245,-9.0,0.21,1,2017-10-27 04:25:43.580
2352,15.888744,-95.227026,-11.905,-31562.2,335.1,-9152.9,415.1,444.4,435.7,2.135,0,0,134,112,-9.0,0.203,1,2017-10-27 04:27:23.090
2353,16.093906,-95.176481,-7.791,-26135.2,23037.6,-13266.2,576.6,615.0,1164.1,1.082,0,0,204,210,-9.0,0.252,1,2017-10-27 04:41:08.450
2354,16.504352,-95.112964,-32.18,-19317.0,68456.3,11122.1,930.0,662.7,852.9,1.374,0,0,3,2,-9.0,0.165,1,2017-10-27 04:46:05.120
2355,15.768527,-94.87168,-46.994,6495.8,-12967.7,25936.7,405.2,589.9,868.4,1.946,0,0,83,55,-9.0,0.198,1,2017-10-27 04:54:49.510
2356,15.353269,-94.513875,-8.359,44870.9,-58918.8,-12698.3,1026.9,848.5,997.1,1.972,0,0,18,14,-9.0,0.146,1,2017-10-27 05:26:31.150
2357,16.478967,-95.100098,-3.993,-17942.2,65647.3,-17064.4,267.1,380.4,437.4,1.84,0,0,593,605,-9.0,0.152,1,2017-10-27 05:29:19.380
2358,15.63277,-94.905916,-34.29,2828.9,-27990.2,13232.0,503.7,518.0,1867.2,1.713,0,0,145,119,-9.0,0.221,1,2017-10-27 05:39:57.330
2359,16.067688,-95.147257,-10.266,-23008.9,20136.5,-10791.2,283.6,353.3,449.7,2.436,0,0,302,335,-9.0,0.191,1,2017-10-27 05:46:07.240
2360,16.323649,-95.481307,-12.478,-58731.1,48460.3,-8579.9,560.6,592.5,631.0,1.418,0,0,18,15,-9.0,0.105,1,2017-10-27 05:48:47.210
2361,15.897071,-95.217855,-6.99,-30578.8,1256.5,-14067.1,531.7,643.1,696.6,1.078,0,0,171,159,-9.0,0.22,1,2017-10-27 06:08:19.570
2362,16.349262,-95.633341,-11.458,-9984.1,-11599.9,9662.3,3433.4,4503.9,6557.5,1.075,0,0,2,4,-9.0,0.42,3,2017-10-27 06:09:56.060
2363,15.5337,-94.742643,-29.836,20330.6,-38953.0,8778.6,240.1,230.4,420.2,1.984,0,0,480,377,-9.0,0.171,1,2017-10-27 06:31:11.290
2364,16.462205,-95.197762,-9.182,-28387.5,63792.5,-11875.4,289.4,354.8,399.4,1.658,0,0,351,408,-9.0,0.155,1,2017-10-27 06:53:32.100
2365,16.456409,-95.176782,-5.859,-26144.2,63151.1,-15198.1,273.6,348.2,440.2,2.144,0,0,482,536,-9.0,0.137,1,2017-10-27 06:54:09.220
2366,15.460241,-94.753516,-29.657,19168.4,-47081.7,8599.4,419.5,467.6,738.0,1.896,0,0,565,316,-9.0,0.165,1,2017-10-27 06:56:52.250
2367,15.554873,-94.758805,-48.77,18597.5,-36610.1,27713.0,486.5,451.7,732.1,2.263,0,0,310,293,-9.0,0.191,1,2017-10-27 07:00:46.490
2368,15.369021,-94.710661,-19.973,23768.4,-57175.8,-1084.0,602.1,601.2,743.1,1.828,0,0,289,169,-9.0,0.227,1,2017-10-27 07:04:25.690
2369,16.099502,-94.994694,-48.585,-6677.1,23656.9,27527.5,770.3,1047.8,1007.1,1.855,0,0,5,6,-9.0,0.261,1,2017-10-27 07:06:38.750
2370,16.280381,-95.13505,-19.323,-21690.4,43672.5,-1734.2,446.0,686.0,630.1,1.807,0,0,133,153,-9.0,0.247,1,2017-10-27 07:08:10.480
2371,16.07511,-95.152865,-10.012,-23608.4,20957.8,-11045.8,302.8,332.8,420.2,1.466,0,0,258,329,-9.0,0.165,1,2017-10-27 07:10:48.930
2372,16.792692,-94.451815,-62.62,3591.7,4436.8,89.6,8138.3,9448.5,9959.3,1.548,0,0,4,6,-9.0,0.695,30,2017-10-27 07:15:33.370
2373,16.06571,-97.645003,-11.107,-7282.6,-5476.7,618.6,233.5,312.2,202.3,1.439,0,0,11,12,-9.0,0.124,7,2017-10-27 07:21:55.720
2374,15.438765,-94.714958,-28.342,23303.5,-49458.0,7284.4,423.3,273.3,514.1,1.73,0,0,491,342,-9.0,0.177,1,2017-10-27 07:30:48.150
2375,16.301732,-95.39694,-15.111,-49708.2,46035.1,-5947.0,351.4,491.9,456.0,1.648,0,0,67,75,-9.0,0.164,1,2017-10-27 07:36:20.790
2376,15.684353,-94.948665,-69.639,-1751.5,-22282.2,48581.4,487.8,1067.9,992.1,2.195,0,0,16,18,-9.0,0.224,1,2017-10-27 07:39:48.690
2377,16.29719,-95.181868,-2.396,-26698.9,45532.5,-18661.9,305.4,263.3,329.5,1.956,0,0,405,369,-9.0,0.188,1,2017-10-27 07:49:45.630
2378,16.464988,-95.195923,-5.362,-28190.4,64100.5,-15694.8,234.0,336.3,398.4,1.771,0,0,428,421,-9.0,0.139,1,2017-10-27 08:09:25.610
2379,16.30084,-95.176221,-0.898,-26094.1,45936.4,-20159.8,325.3,271.6,313.4,1.961,0,0,381,358,-9.0,0.176,1,2017-10-27 08:30:27.540
2380,15.466011,-94.725496,-23.888,22171.9,-46443.3,2830.6,474.0,379.8,832.7,1.949,0,0,603,424,-9.0,0.232,1,2017-10-27 08:31:20.930
2381,15.789809,-94.911068,-30.866,2276.3,-10612.8,9808.6,381.4,532.9,870.5,1.563,0,0,49,46,-9.0,0.123,1,2017-10-27 08:56:00.260
2382,15.139612,-94.404159,-20.689,56665.1,-82561.4,-368.1,510.7,660.2,606.4,2.258,0,0,224,76,-9.0,0.256,1,2017-10-27 09:06:41.240
2383,15.332137,-94.77478,-28.715,16893.7,-61257.3,7657.4,509.1,643.5,831.2,1.7,0,0,53,48,-9.0,0.212,1,2017-10-27 09:21:05.930
2384,16.161192,-95.109798,-5.629,-18994.4,30483.3,-15429.0,368.3,450.4,779.8,1.714,0,0,170,212,-9.0,0.235,1,2017-10-27 09:46:46.340
2385,15.195465,-93.929329,-34.26,-15055.2,8024.5,3187.5,644.3,536.0,1736.9,2.553,0,0,91,106,-9.0,0.224,2,2017-10-27 09:47:56.970
2386,16.238779,-95.413241,-15.515,-51459.9,39068.8,-5543.0,699.2,958.1,964.4,0.996,0,0,81,31,-9.0,0.232,1,2017-10-27 10:13:42.600
2387,15.334907,-94.643498,-45.713,30972.8,-60950.8,24655.0,282.4,498.4,805.9,2.608,0,0,492,435,-9.0,0.212,1,2017-10-27 13:14:37.110
2388,15.581982,-94.850602,-24.867,8758.0,-33610.2,3809.8,411.3,460.8,983.3,2.615,0,0,90,90,-9.0,0.242,1,2017-10-27 13:24:01.010
2389,15.668443,-94.980697,-26.706,-5183.8,-24042.8,5648.7,437.0,537.8,618.1,2.041,0,0,118,115,-9.0,0.224,1,2017-10-27 14:13:51.650
2390,15.267557,-94.588981,-28.625,36824.4,-68403.5,7567.4,309.6,675.9,1278.1,3.211,0,0,374,282,-9.0,0.186,1,2017-10-27 14:28:40.820
2391,15.440991,-94.701473,-25.432,24749.2,-49211.8,4374.1,383.9,581.3,861.2,2.261,0,0,596,419,-9.0,0.191,1,2017-10-27 14:42:33.870
2392,16.515901,-95.043709,-7.323,-11910.7,69734.2,-13734.7,277.0,420.4,481.2,1.82,0,0,94,344,-9.0,0.157,1,2017-10-27 15:27:19.330
2393,16.648215,-94.940576,-4.807,-882.7,84375.7,-16250.3,419.9,559.4,660.2,1.543,0,0,17,14,-9.0,0.084,1,2017-10-27 16:13:31.290
2394,16.647899,-94.940348,-4.448,-858.4,84340.8,-16609.2,420.1,621.3,696.6,2.201,0,0,12,13,-9.0,0.068,1,2017-10-27 16:27:17.190
2395,15.562675,-94.853491,-41.549,8448.2,-35746.7,20491.5,302.6,511.2,1263.0,2.119,0,0,250,205,-9.0,0.164,1,2017-10-27 17:14:31.000
2396,16.285961,-95.1889,-3.763,-27451.8,44289.9,-17294.7,539.0,355.9,454.6,1.522,0,0,237,396,-9.0,0.183,1,2017-10-27 18:17:19.980
2397,15.239826,-94.430379,-13.638,53839.6,-71472.0,-7419.3,501.3,781.6,622.7,2.576,0,0,96,38,-9.0,0.254,1,2017-10-27 18:26:24.500
2398,16.052754,-95.130868,-16.728,-21255.2,18483.8,-4329.1,653.1,851.5,922.2,1.63,0,0,14,12,-9.0,0.215,1,2017-10-27 20:38:13.000
2399,16.589809,-94.875456,-12.164,6078.4,77912.8,-8893.8,486.5,921.5,812.4,2.483,0,0,15,27,-9.0,0.212,1,2017-10-27 21:29:02.760
2400,16.591477,-94.882845,-1.554,5288.5,78097.4,-19504.0,1059.6,2316.6,1756.6,2.157,0,0,6,2,-9.0,0.134,1,2017-10-27 21:41:49.520
2401,16.522012,-95.187158,-7.048,-27249.7,70410.6,-14009.5,306.0,584.2,514.6,2.348,0,0,365,374,-9.0,0.172,1,2017-10-27 22:00:48.640
2402,16.507428,-95.048145,-4.934,-12385.6,68796.7,-16123.4,302.9,399.0,559.9,1.596,0,0,116,289,-9.0,0.172,1,2017-10-27 22:13:43.220
2403,15.60689,-94.89113,-24.189,4413.8,-30854.0,3131.8,459.8,603.2,1028.2,1.75,0,0,82,52,-9.0,0.198,1,2017-10-27 22:54:54.280
2404,15.406726,-94.701888,-23.247,24706.5,-53003.5,2189.5,324.7,322.3,612.0,2.234,0,0,555,402,-9.0,0.191,1,2017-10-28 01:29:03.560
2405,16.294729,-95.361621,-14.947,-45930.0,45260.1,-6110.5,377.7,504.1,507.7,1.767,0,0,79,65,-9.0,0.152,1,2017-10-28 01:35:28.110
2406,15.18107,-94.455485,-27.431,51153.9,-77973.8,6373.9,384.3,401.5,561.4,2.526,0,0,244,102,-9.0,0.231,1,2017-10-28 01:42:15.920
2407,15.117807,-94.774032,-26.364,16983.3,-84974.3,5306.2,1375.4,1901.0,2361.0,2.048,0,0,12,5,-9.0,0.171,1,2017-10-28 02:06:42.640
2408,15.892721,-95.225732,-7.977,-31423.3,775.1,-13080.4,394.1,509.8,855.3,1.725,0,0,181,117,-9.0,0.224,1,2017-10-28 02:15:50.380
2409,15.526059,-94.746037,-12.656,19967.0,-39798.5,-8401.3,841.6,836.4,944.9,1.72,0,0,8,12,-9.0,0.212,1,2017-10-28 02:46:43.270
2410,15.504934,-94.778288,-25.029,16511.3,-42136.1,3971.4,620.6,483.8,678.3,1.939,0,0,313,289,-9.0,0.214,1,2017-10-28 03:30:30.710
2411,16.557795,-95.159473,-1.785,-24286.9,74370.1,-19272.8,581.7,544.4,414.1,1.511,0,0,188,287,-9.0,0.207,1,2017-10-28 03:48:14.950
2412,15.95701,-95.20612,-14.947,-29317.9,7889.2,-6111.0,495.2,500.5,447.8,1.519,0,0,245,228,-9.0,0.2,1,2017-10-28 03:55:06.370
2413,16.146421,-95.359115,-5.025,-45678.4,28848.9,-16032.3,388.6,495.1,685.6,1.958,0,0,89,70,-9.0,0.199,1,2017-10-28 04:04:36.850
2414,15.135208,-94.351481,-21.237,62317.6,-83048.7,179.0,374.0,533.8,560.3,2.079,0,0,239,107,-9.0,0.261,1,2017-10-28 04:05:55.050
2415,15.121305,-94.44633,-24.876,52142.8,-84587.2,3818.2,459.0,634.2,627.8,1.803,0,0,121,105,-9.0,0.233,1,2017-10-28 04:21:27.950
2416,16.476498,-94.83151,-12.656,10779.7,65374.1,-8401.1,812.2,1026.8,1117.4,0.759,0,0,2,7,-9.0,0.039,1,2017-10-28 04:41:22.170
2417,16.005604,-95.150618,-11.582,-23371.9,13266.5,-9475.7,405.2,435.0,731.1,1.56,0,0,231,234,-9.0,0.159,1,2017-10-28 04:42:32.060
2418,15.915078,-95.183854,-7.051,-26936.6,3249.1,-14006.1,356.2,402.5,841.9,1.824,0,0,223,184,-9.0,0.183,1,2017-10-28 04:50:30.380
2419,16.424347,-95.545931,-33.493,664.2,-4598.5,2052.6,60393.0,59438.9,234274.2,1.635,0,0,3,2,-9.0,1.944,25,2017-10-28 06:17:23.910
2420,15.469193,-94.789705,-28.067,15288.8,-46091.2,7009.1,461.9,455.8,844.0,1.66,0,0,239,239,-9.0,0.198,1,2017-10-28 06:20:11.150
2421,16.294131,-95.361589,-14.976,-45926.7,45194.0,-6081.3,379.7,540.3,561.5,1.188,0,0,76,76,-9.0,0.168,1,2017-10-28 06:25:16.870
2422,16.098652,-95.258219,-7.258,-34884.4,23562.9,-13799.1,312.4,391.9,431.0,1.636,0,0,323,307,-9.0,0.15,1,2017-10-28 06:35:55.470
2423,16.115521,-95.269621,-9.411,-36103.3,25429.5,-11646.7,452.1,623.6,606.3,1.702,0,0,125,187,-9.0,0.224,1,2017-10-28 06:36:26.950
2424,16.478758,-95.169979,-3.643,-25415.4,65624.1,-17414.3,380.2,373.3,373.6,1.525,0,0,354,424,-9.0,0.174,1,2017-10-28 06:40:26.800
2425,15.481767,-94.692147,-25.834,25746.3,-44699.7,4776.2,386.8,407.3,753.3,2.292,0,0,469,390,-9.0,0.199,1,2017-10-28 06:50:02.330
2426,16.266367,-95.225586,-4.813,-31378.1,42121.6,-16244.7,311.6,256.5,362.2,0.992,0,0,386,385,-9.0,0.162,1,2017-10-28 07:17:18.240
2427,15.619362,-94.882739,-61.413,5313.3,-29473.8,40355.7,311.2,696.5,938.9,1.766,0,0,65,79,-9.0,0.169,1,2017-10-28 07:34:31.640
2428,15.382346,-94.158675,-23.802,-909.8,-504.0,-9471.3,1396.8,1031.9,1589.4,1.699,0,0,11,14,-9.0,0.304,8,2017-10-28 07:37:16.530
2429,15.887441,-95.217407,-7.316,-30531.7,190.9,-13741.6,320.7,364.9,628.8,1.121,0,0,158,106,-9.0,0.194,1,2017-10-28 07:45:53.320
2430,16.137584,-94.989071,-11.683,-6074.6,27871.0,-9374.1,558.9,633.2,898.9,2.743,0,0,52,85,-9.0,0.231,1,2017-10-28 07:49:47.710
2431,16.548544,-95.224438,-2.286,-31233.3,73346.5,-18771.4,328.1,395.3,477.2,1.887,0,0,351,250,-9.0,0.128,1,2017-10-28 08:23:42.540
2432,15.903339,-95.228491,-3.796,-31717.4,1950.1,-17261.0,286.2,347.6,371.5,1.215,0,0,221,187,-9.0,0.181,1,2017-10-28 08:42:47.760
2433,15.241437,-93.969767,-35.667,-19399.4,13111.2,4594.9,1083.1,563.9,1519.3,2.029,0,0,33,58,-9.0,0.257,2,2017-10-28 08:44:03.300
2434,16.511171,-95.273934,-40.759,-36529.0,69210.9,19701.9,801.5,786.0,664.9,2.192,0,0,6,6,-9.0,0.023,1,2017-10-28 08:53:33.910
2435,15.486491,-94.693465,-27.943,25604.6,-44176.9,6885.8,687.3,516.8,1059.4,1.659,0,0,356,272,-9.0,0.238,1,2017-10-28 09:10:05.800
2436,16.263069,-95.230233,-5.848,-31875.6,41756.6,-15209.7,308.0,235.6,409.3,2.393,0,0,478,484,-9.0,0.182,1,2017-10-28 09:13:55.150
2437,15.523642,-94.78724,-34.15,15550.6,-40065.9,13092.9,314.6,407.8,990.4,2.959,0,0,749,536,-9.0,0.179,1,2017-10-28 09:20:54.300
2438,15.867247,-95.222583,-8.656,-31087.8,-2043.7,-12401.5,474.9,518.6,689.5,1.708,0,0,112,71,-9.0,0.22,1,2017-10-28 09:27:10.950
2439,15.501793,-94.813436,-44.666,12743.0,-42483.7,23608.1,278.5,381.7,703.8,3.033,0,0,663,539,-9.0,0.177,1,2017-10-28 09:28:49.420
2440,15.437551,-94.742033,-30.393,20400.8,-49592.5,9335.8,608.6,858.1,991.5,1.266,0,0,355,159,-9.0,0.177,1,2017-10-28 09:31:18.460
2441,16.278097,-95.344076,-29.908,-44054.3,43419.7,8850.6,463.2,666.7,546.9,2.344,0,0,65,71,-9.0,0.144,1,2017-10-28 09:39:05.010
2442,14.998388,-94.265422,-35.639,71574.5,-98188.9,14581.8,404.9,445.6,1061.9,2.012,0,0,84,120,-9.0,0.187,1,2017-10-28 09:39:44.830
2443,16.461393,-95.146126,-7.518,-22865.1,63702.6,-13539.8,424.8,460.5,2842.7,0.855,0,0,351,379,-9.0,0.171,1,2017-10-28 10:01:45.890
2444,16.266827,-95.228776,-4.719,-31719.6,42172.6,-16338.6,271.6,224.7,342.4,1.129,0,0,294,387,-9.0,0.167,1,2017-10-28 10:05:09.780
2445,15.663848,-94.862565,-53.614,7474.1,-24551.2,32556.1,306.0,584.7,856.8,2.687,0,0,96,53,-9.0,0.166,1,2017-10-28 10:14:43.750
2446,16.292862,-95.022078,-9.075,-9603.9,45053.6,-11982.1,476.6,789.5,976.9,1.186,0,0,22,30,-9.0,0.173,1,2017-10-28 11:00:43.400
2447,16.0413,-94.8948,-26.021,936.1,1234.0,1250.9,3543.5,2608.3,2823.5,1.866,0,0,3,5,-9.0,0.418,35,2017-10-28 11:54:31.760
2448,15.036224,-94.277026,-22.907,70322.3,-94002.0,1849.8,301.4,593.7,1038.8,2.385,0,0,175,102,-9.0,0.176,1,2017-10-28 12:03:16.610
2449,16.182296,-97.519784,-13.108,6112.6,7424.5,2619.3,181.2,268.8,434.2,1.537,0,0,17,18,-9.0,0.122,7,2017-10-28 12:50:36.240
2450,16.506605,-95.055916,-4.744,-13216.3,68705.6,-16313.5,270.9,415.5,406.6,1.476,0,0,200,341,-9.0,0.175,1,2017-10-28 12:54:39.880
2451,15.421991,-94.706584,-19.461,24201.8,-51314.3,-1596.8,445.0,422.9,818.6,1.728,0,0,217,118,-9.0,0.147,1,2017-10-28 13:13:30.050
2452,16.38498,-94.26027,-7.033,4322.8,-1806.2,-9718.6,5962.2,14919.1,27688.5,1.759,0,0,3,3,-9.0,0.382,10,2017-10-28 13:58:53.320
2453,16.439791,-95.235946,-10.223,-32472.8,61312.1,-10834.5,349.0,412.1,480.1,2.06,0,0,330,303,-9.0,0.185,1,2017-10-28 14:49:45.050
2454,15.616195,-94.924772,-44.576,808.4,-29824.4,23518.9,469.1,636.7,903.1,2.902,0,0,79,88,-9.0,0.196,1,2017-10-28 14:53:19.800
2455,15.496894,-94.765568,-27.824,17874.5,-43025.7,6766.9,450.1,595.9,803.3,1.842,0,0,399,275,-9.0,0.178,1,2017-10-28 15:45:14.660
2456,15.5355,-94.788973,-41.316,15364.7,-38753.7,20258.0,316.6,405.1,865.7,3.3,0,0,730,455,-9.0,0.217,1,2017-10-28 15:58:22.720
2457,15.430407,-94.676595,-22.093,27416.5,-50383.0,1035.9,443.9,374.6,771.7,1.921,0,0,264,90,-9.0,0.196,1,2017-10-28 16:28:09.850
2458,15.162659,-94.180583,-46.158,80647.9,-80011.2,25100.6,492.7,564.0,1288.3,2.219,0,0,64,52,-9.0,0.225,1,2017-10-28 16:33:49.270
2459,16.139967,-94.991455,-12.517,-6329.5,28134.7,-8540.5,550.2,568.5,761.3,3.0,0,0,71,92,-9.0,0.254,1,2017-10-28 17:13:23.080
2460,15.448316,-94.764876,-51.293,17951.3,-48401.2,30235.3,320.4,460.4,647.0,2.135,0,0,412,321,-9.0,0.174,1,2017-10-28 18:19:07.280
2461,16.400091,-95.140894,-11.659,-22309.2,56919.1,-9398.2,480.2,783.9,611.9,1.835,0,0,298,299,-9.0,0.207,1,2017-10-28 18:23:20.280
2462,16.510159,-95.051383,-6.463,-12731.8,69098.9,-14594.1,263.4,410.6,430.3,2.351,0,0,285,242,-9.0,0.145,1,2017-10-28 18:30:04.840
2463,16.233561,-95.279517,-17.742,-37151.5,38491.4,-3315.8,493.7,637.3,429.5,1.764,0,0,29,58,-9.0,0.24,1,2017-10-28 19:29:47.760
2464,15.678736,-94.955688,-28.491,-2504.7,-22903.7,7433.5,503.1,559.3,859.1,2.205,0,0,135,88,-9.0,0.171,1,2017-10-28 20:44:18.360
2465,16.515676,-95.156999,-11.61,-24025.1,69709.4,-9447.7,512.5,596.4,812.9,1.811,0,0,213,352,-9.0,0.165,1,2017-10-28 22:20:09.080
2466,15.500902,-94.737907,-47.393,20839.5,-42582.2,26335.4,589.4,481.8,745.4,2.197,0,0,377,356,-9.0,0.212,1,2017-10-28 22:42:23.880
2467,16.293146,-95.365894,-15.134,-46387.1,45084.9,-5923.8,367.6,511.0,486.3,1.556,0,0,80,79,-9.0,0.161,1,2017-10-28 23:44:29.140
2468,15.331695,-94.672396,-30.992,27873.4,-61306.3,9934.6,352.0,451.4,514.2,1.919,0,0,374,339,-9.0,0.191,1,2017-10-28 23:48:32.800
2469,16.51071,-95.046997,-6.684,-12262.6,69159.8,-14373.5,239.7,426.3,458.4,2.297,0,0,312,405,-9.0,0.164,1,2017-10-28 23:50:05.140
2470,16.010254,-95.218083,-6.757,-30595.0,13780.9,-14300.1,398.2,419.6,592.0,1.65,0,0,170,119,-9.0,0.144,1,2017-10-29 00:27:38.330
2471,16.291731,-95.366252,-15.139,-46425.9,44928.3,-5918.4,420.4,525.6,495.3,1.712,0,0,44,90,-9.0,0.204,1,2017-10-29 01:38:42.080
2472,16.290985,-95.365535,-15.211,-46349.5,44845.8,-5846.5,344.0,492.4,480.8,1.346,0,0,77,82,-9.0,0.172,1,2017-10-29 01:40:44.540
2473,16.525878,-95.231022,-4.106,-31939.2,70838.3,-16951.2,300.5,299.3,434.0,2.913,0,0,321,261,-9.0,0.174,1,2017-10-29 01:56:45.390
2474,15.755267,-94.866431,-26.64,7058.3,-14435.0,5582.0,482.2,670.2,972.2,1.858,0,0,31,45,-9.0,0.152,1,2017-10-29 02:55:06.530
2475,15.974446,-95.648494,-33.071,1323.0,5673.0,-3621.7,357.2,1341.3,849.3,1.248,0,0,24,21,-9.0,0.24,5,2017-10-29 04:13:49.280
2476,16.512236,-95.046395,-5.874,-12198.6,69328.6,-15183.6,409.4,443.8,672.7,1.441,0,0,215,360,-9.0,0.174,1,2017-10-29 04:21:16.680
2477,16.475624,-95.117358,-6.807,-19788.6,65277.3,-14250.9,288.4,388.7,489.0,1.771,0,0,409,370,-9.0,0.158,1,2017-10-29 04:34:29.710
2478,15.437849,-94.658976,-24.492,29305.2,-49559.5,3434.2,330.9,593.4,528.0,1.67,0,0,346,308,-9.0,0.168,1,2017-10-29 04:37:56.680
2479,15.607495,-94.75494,-23.16,19008.8,-30787.0,2102.7,723.4,596.1,644.2,1.497,0,0,19,29,-9.0,0.192,1,2017-10-29 04:51:11.060
2480,14.992556,-94.272412,-29.222,70825.4,-98834.2,8164.5,607.8,581.1,1125.8,1.554,0,0,53,69,-9.0,0.191,1,2017-10-29 04:56:48.020
2481,16.455227,-95.227791,-6.65,-31599.6,63020.2,-14407.7,497.0,446.2,728.7,1.49,0,0,325,330,-9.0,0.189,1,2017-10-29 05:01:10.160
2482,16.26852,-95.144702,-7.575,-22724.2,42359.9,-13482.0,368.1,412.6,456.0,3.066,0,0,400,416,-9.0,0.241,1,2017-10-29 05:11:51.370
2483,16.472372,-95.232007,-6.771,-32048.5,64917.5,-14286.5,299.5,419.5,553.2,1.283,0,0,241,247,-9.0,0.159,1,2017-10-29 05:38:34.580
2484,15.56598,-94.88234,-38.968,5356.5,-35380.9,17910.8,442.2,801.3,2458.3,1.68,0,0,124,112,-9.0,0.257,1,2017-10-29 05:42:00.660
2485,15.496717,-94.777091,-24.559,16639.6,-43045.3,3501.9,363.9,503.5,721.0,1.915,0,0,271,418,-9.0,0.19,1,2017-10-29 05:46:31.860
2486,15.368027,-94.653719,-19.019,29874.2,-57285.8,-2038.4,267.7,554.2,647.7,1.619,0,0,213,184,-9.0,0.2,1,2017-10-29 06:19:49.490
2487,16.012019,-95.358268,-10.605,-45603.1,13976.3,-10452.9,598.6,955.6,1314.8,1.133,0,0,11,10,-9.0,0.159,1,2017-10-29 06:21:51.350
2488,15.468558,-94.764803,-21.308,17958.5,-46161.4,250.2,602.3,509.7,763.6,1.375,0,0,249,235,-9.0,0.26,1,2017-10-29 06:23:22.610
2489,15.472489,-94.770443,-28.128,17353.4,-45726.3,7070.9,464.9,477.8,863.8,1.38,0,0,284,423,-9.0,0.211,1,2017-10-29 06:41:43.630
2490,15.793547,-94.826628,-47.881,11321.2,-10199.2,26823.9,533.6,684.8,959.8,2.331,0,0,27,21,-9.0,0.181,1,2017-10-29 07:00:29.810
2491,16.020586,-95.197754,-9.012,-28418.0,14924.4,-12045.3,251.3,280.2,467.5,1.57,0,0,383,366,-9.0,0.146,1,2017-10-29 07:16:28.030
2492,15.589458,-94.668636,-49.042,28258.9,-32782.9,27984.7,407.2,495.8,951.5,1.953,0,0,203,247,-9.0,0.228,1,2017-10-29 07:19:43.670
2493,15.442114,-94.65258,-24.58,29990.8,-49087.5,3522.4,322.0,471.1,573.9,1.482,0,0,237,220,-9.0,0.202,1,2017-10-29 07:21:57.260
2494,16.440944,-95.08667,-0.289,-16507.7,61439.9,-20768.7,294.0,382.5,356.1,1.321,0,0,288,366,-9.0,0.141,1,2017-10-29 07:36:12.480
2495,16.40846,-95.202474,-6.026,-28895.2,57845.3,-15031.3,350.3,465.9,865.6,1.091,0,0,222,349,-9.0,0.174,1,2017-10-29 07:46:48.570
2496,16.390432,-94.943384,-12.242,-1183.7,55850.3,-8815.7,429.6,662.6,778.0,1.128,0,0,19,22,-9.0,0.165,1,2017-10-29 08:03:28.930
2497,16.471906,-95.139014,-4.658,-22104.2,64865.9,-16399.6,282.0,340.4,483.2,1.258,0,0,574,550,-9.0,0.158,1,2017-10-29 08:14:00.880
2498,16.510129,-95.052311,-10.508,-12831.4,69095.5,-10549.4,292.9,400.3,364.3,1.377,0,0,170,332,-9.0,0.107,1,2017-10-29 08:32:49.440
2499,15.612789,-94.889339,-32.62,4606.1,-30201.2,11562.7,300.7,447.1,623.8,2.127,0,0,402,306,-9.0,0.172,1,2017-10-29 08:36:48.670
2500,15.113504,-93.861068,-29.437,-7721.0,-1044.5,-1635.4,995.9,850.5,1141.2,2.021,0,0,105,72,-9.0,0.256,2,2017-10-29 08:40:13.650
2501,15.420326,-94.753402,-30.112,19182.7,-51498.5,9054.9,382.2,531.8,750.5,1.81,0,0,378,344,-9.0,0.159,1,2017-10-29 08:43:57.840
2502,16.484194,-95.19786,-6.869,-28396.3,66225.7,-14188.2,292.5,371.2,491.8,2.092,0,0,433,413,-9.0,0.138,1,2017-10-29 08:45:11.700
2503,16.444627,-95.168278,-6.923,-25235.3,61847.4,-14134.4,495.6,686.6,835.3,1.377,0,0,268,441,-9.0,0.24,1,2017-10-29 08:53:26.460
2504,16.309634,-95.417912,-16.114,-51950.2,46909.5,-4944.0,712.2,844.8,915.5,1.275,0,0,87,52,-9.0,0.254,1,2017-10-29 09:17:40.300
2505,15.50739,-94.795272,-28.873,14690.1,-41864.3,7815.4,267.0,454.3,709.9,2.012,0,0,505,433,-9.0,0.178,1,2017-10-29 09:27:30.880
2506,16.517921,-95.106592,-7.103,-18635.1,69957.8,-13954.5,296.0,397.4,567.4,1.408,0,0,245,399,-9.0,0.13,1,2017-10-29 09:31:29.070
2507,15.461031,-94.768262,-27.957,17587.5,-46994.3,6899.1,594.0,668.0,1092.6,1.5,0,0,305,157,-9.0,0.19,1,2017-10-29 09:36:05.730
2508,15.186078,-94.343042,-3.289,63215.4,-77419.7,-17768.1,945.8,1028.1,879.9,1.372,0,0,7,4,-9.0,0.176,1,2017-10-29 09:47:11.670
2509,16.272429,-95.224447,-4.04,-31256.3,42792.5,-17017.3,474.6,665.8,545.3,1.496,0,0,339,375,-9.0,0.237,1,2017-10-29 10:03:23.220
2510,15.274293,-94.486613,-23.7,47804.0,-67658.1,2642.8,611.0,672.5,934.1,1.485,0,0,39,35,-9.0,0.176,1,2017-10-29 12:36:35.650
2511,16.262908,-95.058455,-11.78,-13496.2,41738.9,-9277.1,437.8,584.9,601.8,1.198,0,0,43,58,-9.0,0.246,1,2017-10-29 13:09:05.270
2512,15.526961,-94.776481,-34.172,16703.5,-39698.6,13114.6,320.9,704.7,2487.9,1.617,0,0,348,232,-9.0,0.131,1,2017-10-29 13:17:38.220
2513,15.051606,-94.394808,-30.158,57681.1,-92299.9,9100.8,403.0,580.0,780.1,2.339,0,0,291,62,-9.0,0.242,1,2017-10-29 13:23:03.760
2514,16.584519,-95.142074,-24.519,-22425.2,77327.4,3462.0,562.6,715.2,771.3,1.595,0,0,10,8,-9.0,0.229,1,2017-10-29 14:08:29.980
2515,15.447308,-94.690129,-27.459,25965.0,-48512.8,6401.1,290.5,500.6,700.4,2.341,0,0,545,204,-9.0,0.176,1,2017-10-29 15:57:54.080
2516,16.468347,-95.127743,-2.647,-20899.5,64472.1,-18410.4,291.7,394.5,421.3,2.016,0,0,475,441,-9.0,0.188,1,2017-10-29 18:50:48.720
2517,16.500661,-95.100114,-4.548,-17943.0,68047.9,-16509.6,275.7,379.4,437.0,1.996,0,0,396,370,-9.0,0.121,1,2017-10-29 19:10:48.160
2518,16.471314,-95.083748,-5.469,-16194.3,64800.4,-15588.1,242.9,388.8,458.3,1.546,0,0,312,382,-9.0,0.165,1,2017-10-29 19:40:22.240
2519,15.701149,-94.928442,-27.662,414.8,-20423.5,6604.5,393.0,599.2,746.2,1.483,0,0,58,79,-9.0,0.144,1,2017-10-29 20:56:16.680
2520,15.390681,-94.714624,-30.862,23341.7,-54779.0,9804.4,297.6,451.1,587.7,2.224,0,0,532,425,-9.0,0.16,1,2017-10-29 21:01:56.840
2521,15.831272,-94.919417,-47.547,1382.0,-6024.6,26489.6,512.0,581.8,859.6,2.242,0,0,64,64,-9.0,0.214,1,2017-10-29 21:10:25.000
2522,15.336204,-94.647135,-25.841,30582.0,-60807.2,4783.8,887.0,650.1,1090.8,1.892,0,0,195,213,-9.0,0.195,1,2017-10-29 22:55:38.440
2523,15.234798,-94.633683,-29.448,32032.5,-72028.5,8390.1,291.8,518.9,794.6,1.506,0,0,143,122,-9.0,0.163,1,2017-10-29 23:00:38.680
2524,15.510126,-94.756657,-32.442,18829.7,-41561.6,11384.8,507.0,527.2,661.0,1.768,0,0,457,373,-9.0,0.188,1,2017-10-29 23:40:49.320
2525,15.468309,-94.685295,-28.926,26481.6,-46188.9,7868.5,440.5,440.6,808.3,2.148,0,0,416,460,-9.0,0.168,1,2017-10-29 23:42:19.800
2526,16.154634,-95.199227,-0.617,-28566.3,29757.6,-20440.1,365.3,635.4,370.5,3.058,0,0,87,100,-9.0,0.221,1,2017-10-29 23:46:42.980
2527,16.242002,-95.227962,-6.683,-31634.1,39425.5,-14374.8,321.9,365.4,388.9,1.752,0,0,347,390,-9.0,0.187,1,2017-10-29 23:49:11.660
2528,16.260968,-95.223136,-3.909,-31116.9,41524.2,-17148.1,311.3,242.3,258.9,1.01,0,0,291,408,-9.0,0.163,1,2017-10-29 23:55:43.560
2529,16.089706,-95.14471,-8.869,-22734.8,22573.0,-12188.7,280.7,299.2,435.9,1.286,0,0,146,215,-9.0,0.19,1,2017-10-30 00:09:34.800
2530,16.263014,-95.22675,-5.971,-31502.9,41750.6,-15086.0,259.1,298.5,596.8,1.765,0,0,326,399,-9.0,0.197,1,2017-10-30 00:18:07.550
2531,16.261794,-95.219076,-3.317,-30682.3,41615.6,-17740.6,645.4,523.2,610.4,2.051,0,0,306,209,-9.0,0.243,1,2017-10-30 00:30:45.090
2532,16.262663,-95.227433,-3.872,-31576.5,41711.7,-17185.3,295.2,220.6,277.3,1.102,0,0,292,396,-9.0,0.168,1,2017-10-30 00:57:24.970
2533,16.210482,-95.287728,-22.708,-38032.5,35937.6,1650.8,421.2,548.9,390.6,0.889,0,0,62,64,-9.0,0.143,1,2017-10-30 01:23:15.400
2534,16.252339,-95.237646,-3.255,-32670.0,40569.3,-17802.0,235.4,228.7,272.7,1.241,0,0,235,450,-9.0,0.177,1,2017-10-30 01:42:59.870
2535,16.263687,-95.224447,-5.42,-31256.5,41825.1,-15637.8,333.4,360.2,1054.5,1.858,0,0,303,324,-9.0,0.167,1,2017-10-30 01:48:41.750
2536,16.268115,-95.224829,-4.075,-31297.0,42315.1,-16982.0,352.5,326.8,406.9,0.53,0,0,223,384,-9.0,0.193,1,2017-10-30 02:16:51.480
2537,16.257663,-95.223071,-2.783,-31109.9,41158.5,-18274.3,290.8,243.8,281.8,0.912,0,0,317,334,-9.0,0.159,1,2017-10-30 02:18:13.720
2538,14.895791,-94.850513,-38.762,-388.5,-4327.4,226.6,656.5,480.1,4872.5,1.358,0,0,3,1,-9.0,0.263,37,2017-10-30 02:18:53.620
2539,15.488686,-94.907731,-11.605,2635.2,-43934.0,-9452.7,880.4,1128.4,1234.7,1.744,0,0,14,9,-9.0,0.17,1,2017-10-30 02:25:26.510
2540,16.250596,-95.238045,-3.297,-32712.8,40376.5,-17760.9,308.4,370.3,365.1,1.099,0,0,185,382,-9.0,0.182,1,2017-10-30 02:30:47.690
2541,15.450982,-94.714396,-30.327,23362.5,-48106.3,9269.6,393.0,489.1,716.6,1.747,0,0,658,492,-9.0,0.184,1,2017-10-30 02:39:13.400
2542,16.258928,-95.223983,-3.923,-31207.5,41298.5,-17134.6,297.8,326.2,427.7,1.874,0,0,356,394,-9.0,0.183,1,2017-10-30 02:41:47.740
2543,16.238182,-95.23842,-8.335,-32753.3,39002.7,-12722.9,324.1,378.1,524.8,2.182,0,0,259,295,-9.0,0.202,1,2017-10-30 02:42:24.300
2544,16.157028,-95.196867,-12.26,-28313.4,30022.6,-8797.3,328.8,444.5,431.2,2.168,0,0,70,185,-9.0,0.201,1,2017-10-30 02:43:30.190
2545,15.336869,-94.656055,-44.904,29626.1,-60733.6,23846.6,332.1,490.6,1092.7,1.9,0,0,502,458,-9.0,0.213,1,2017-10-30 02:46:08.790
2546,16.159973,-95.052075,-8.646,-12817.1,30348.5,-12411.2,494.4,627.0,741.7,1.725,0,0,32,114,-9.0,0.159,1,2017-10-30 02:48:38.100
2547,16.246689,-95.221851,-3.503,-30980.2,39944.2,-17554.2,400.6,359.7,381.1,1.58,0,0,395,406,-9.0,0.177,1,2017-10-30 02:52:06.560
2548,16.267306,-95.223275,-4.646,-31130.7,42225.5,-16411.3,333.0,296.4,426.8,1.433,0,0,376,480,-9.0,0.179,1,2017-10-30 02:54:13.790
2549,16.252285,-95.238826,-3.807,-32795.9,40563.3,-17250.8,434.1,648.4,611.4,1.887,0,0,405,413,-9.0,0.238,1,2017-10-30 02:57:26.780
2550,16.25237,-95.231169,-7.438,-31976.6,40572.8,-13619.2,551.1,606.5,1152.3,3.047,0,0,364,298,-9.0,0.247,1,2017-10-30 03:20:48.790
2551,16.25312,-95.229191,-5.079,-31764.8,40655.7,-15978.1,230.1,223.6,347.2,1.453,0,0,347,489,-9.0,0.157,1,2017-10-30 03:35:16.410
2552,16.25887,-95.222249,-4.906,-31021.5,41292.1,-16150.9,235.0,203.6,284.8,1.634,0,0,419,497,-9.0,0.165,1,2017-10-30 03:47:11.600
2553,16.247482,-95.232178,-4.568,-32085.1,40032.0,-16489.2,232.0,222.6,289.0,1.545,0,0,384,483,-9.0,0.172,1,2017-10-30 04:15:40.520
2554,16.25167,-95.239901,-4.035,-32911.1,40495.4,-17022.7,222.2,184.2,309.8,1.258,0,0,331,397,-9.0,0.179,1,2017-10-30 04:24:38.120
2555,16.261615,-95.220068,-4.911,-30788.3,41595.8,-16146.4,270.9,234.8,328.3,1.499,0,0,404,489,-9.0,0.161,1,2017-10-30 04:28:28.130
2556,15.044219,-93.552759,-26.948,25423.6,-8710.7,-4124.0,794.2,838.5,1536.0,3.134,0,0,72,60,-9.0,0.313,2,2017-10-30 04:34:08.560
2557,16.256297,-97.97522,-14.23,-2290.3,-1356.0,-1392.6,1006.8,814.2,1196.5,1.094,0,0,13,6,-9.0,0.22,13,2017-10-30 04:35:41.800
2558,16.468582,-95.11591,-3.035,-19633.9,64498.2,-18022.6,303.5,368.6,411.1,1.706,0,0,339,360,-9.0,0.199,1,2017-10-30 04:36:36.560
2559,16.25427,-95.235832,-5.708,-32475.8,40783.0,-15349.9,360.5,240.6,458.5,1.326,0,0,402,471,-9.0,0.201,1,2017-10-30 04:45:37.190
2560,16.266622,-95.21582,-3.354,-30333.2,42149.8,-17703.1,305.8,309.2,326.0,1.502,0,0,369,490,-9.0,0.171,1,2017-10-30 04:48:27.620
2561,15.377492,-94.561401,-40.242,39771.9,-56238.3,19184.6,484.8,540.0,1631.9,2.568,0,0,230,141,-9.0,0.19,1,2017-10-30 04:50:19.830
2562,16.26708,-95.217676,-3.248,-30531.7,42200.6,-17809.7,262.3,214.6,312.4,1.193,0,0,378,409,-9.0,0.177,1,2017-10-30 04:52:52.350
2563,16.502267,-95.099504,-3.98,-17877.7,68225.6,-17077.6,274.5,379.3,316.2,1.986,0,0,511,463,-9.0,0.13,1,2017-10-30 05:00:44.400
2564,15.293636,-94.625187,-14.699,32939.3,-65517.7,-6358.1,355.5,421.9,705.9,3.856,0,0,295,123,-9.0,0.175,1,2017-10-30 05:13:54.010
2565,15.311292,-94.636963,-32.721,31675.3,-63563.9,11663.9,289.7,451.9,560.5,1.904,0,0,459,276,-9.0,0.186,1,2017-10-30 05:24:35.980
2566,15.320297,-94.641292,-19.043,31210.0,-62567.4,-2014.1,299.7,469.7,711.9,2.33,0,0,448,214,-9.0,0.187,1,2017-10-30 05:26:18.560
2567,16.26288,-95.226172,-6.323,-31441.6,41735.9,-14734.6,294.9,212.2,423.9,2.839,0,0,454,490,-9.0,0.169,1,2017-10-30 05:27:15.070
2568,16.484871,-95.197957,-8.406,-28406.6,66300.6,-12651.3,327.6,420.3,548.1,2.042,0,0,380,364,-9.0,0.191,1,2017-10-30 05:35:59.310
2569,15.321853,-94.619157,-25.474,33583.9,-62395.3,4416.7,347.0,632.3,787.7,1.891,0,0,323,215,-9.0,0.225,1,2017-10-30 05:41:41.770
2570,15.064178,-94.360522,-31.416,61357.9,-90908.7,10358.4,372.3,588.7,860.6,2.685,0,0,320,141,-9.0,0.206,1,2017-10-30 05:46:17.760
2571,16.134462,-95.206991,-0.685,-29398.4,27525.6,-20372.8,592.3,737.0,544.7,2.932,0,0,14,8,-9.0,0.211,1,2017-10-30 05:48:12.730
2572,16.231686,-95.245638,-6.59,-33526.7,38284.1,-14467.8,394.1,550.7,546.1,2.932,0,0,333,211,-9.0,0.2,1,2017-10-30 05:48:12.910
2573,16.03836,-95.211475,-9.027,-29885.3,16891.1,-12030.4,251.7,258.0,480.7,1.791,0,0,296,286,-9.0,0.151,1,2017-10-30 05:52:18.150
2574,16.266356,-95.222575,-4.76,-31056.3,42120.5,-16297.6,614.8,597.8,1029.9,1.074,0,0,382,393,-9.0,0.186,1,2017-10-30 06:00:37.370
2575,16.433545,-95.141772,-4.259,-22401.5,60621.0,-16798.7,343.1,423.5,405.3,1.909,0,0,457,444,-9.0,0.208,1,2017-10-30 06:10:33.830
2576,15.289986,-94.621802,-17.785,33302.6,-65921.5,-3272.8,354.4,374.8,626.5,2.148,0,0,226,194,-9.0,0.197,1,2017-10-30 06:28:15.940
2577,16.269919,-95.205835,-7.448,-29265.0,42514.7,-13609.4,277.9,289.8,947.6,1.318,0,0,312,329,-9.0,0.194,1,2017-10-30 06:35:27.470
2578,16.248419,-95.240389,-4.107,-32963.4,40135.6,-16950.6,397.3,482.6,562.4,0.869,0,0,283,384,-9.0,0.163,1,2017-10-30 06:42:00.170
2579,15.708715,-94.557715,-30.847,-3290.5,-3170.4,4661.9,764.2,843.1,2076.8,2.239,0,0,27,22,-9.0,0.258,6,2017-10-30 06:47:41.390
2580,15.381426,-94.716943,-27.507,23093.3,-55803.1,6450.0,297.5,363.2,648.3,2.176,0,0,544,503,-9.0,0.173,1,2017-10-30 06:50:17.590
2581,16.418435,-95.290861,-16.115,-38347.4,58949.0,-4942.7,601.6,792.8,808.1,1.466,0,0,30,53,-9.0,0.322,1,2017-10-30 06:55:41.390
2582,16.260549,-95.169246,-6.961,-25350.5,41477.8,-14096.3,313.1,424.5,599.3,1.431,0,0,128,435,-9.0,0.184,1,2017-10-30 06:56:27.500
2583,15.536394,-94.860059,-29.758,7745.0,-38654.8,8700.1,463.7,375.0,650.1,2.068,0,0,451,320,-9.0,0.236,1,2017-10-30 07:01:44.650
2584,16.263735,-95.221411,-3.198,-30931.9,41830.4,-17859.9,277.3,306.6,325.3,2.189,0,0,309,389,-9.0,0.194,1,2017-10-30 07:04:19.260
2585,16.477884,-95.206974,-9.726,-29371.2,65527.5,-11331.5,420.1,536.0,597.8,1.886,0,0,367,475,-9.0,0.245,1,2017-10-30 07:15:35.300
2586,15.488836,-94.652108,-30.18,30038.2,-43917.5,9122.0,318.1,367.6,617.6,2.307,0,0,492,361,-9.0,0.183,1,2017-10-30 07:28:22.610
2587,16.235649,-95.241764,-7.198,-33112.2,38722.5,-13859.4,473.3,475.5,456.3,2.139,0,0,242,347,-9.0,0.203,1,2017-10-30 07:39:11.470
2588,16.444362,-95.154289,-5.541,-23739.2,61818.0,-15516.1,224.7,322.1,417.2,1.584,0,0,467,428,-9.0,0.162,1,2017-10-30 07:41:57.560
2589,15.401289,-94.723405,-41.957,22399.6,-53605.1,20899.0,354.0,467.9,1095.0,1.743,0,0,228,341,-9.0,0.159,1,2017-10-30 07:45:00.280
2590,15.088783,-94.440112,-28.062,52814.1,-88186.1,7004.9,646.1,580.0,993.3,1.632,0,0,163,76,-9.0,0.253,1,2017-10-30 07:56:39.890
2591,16.261298,-95.220231,-4.901,-30805.9,41560.7,-16156.5,286.1,254.3,351.5,1.417,0,0,408,501,-9.0,0.176,1,2017-10-30 08:10:53.970
2592,16.266863,-95.212907,-3.678,-30022.1,42176.5,-17379.2,439.7,359.5,455.1,1.072,0,0,286,306,-9.0,0.184,1,2017-10-30 08:11:53.070
2593,16.261603,-95.217619,-5.023,-30525.9,41594.4,-16035.0,295.8,215.3,461.5,1.4,0,0,456,476,-9.0,0.182,1,2017-10-30 08:21:46.710
2594,16.260731,-95.217651,-5.025,-30530.0,41498.0,-16032.2,368.8,316.9,462.3,1.126,0,0,379,482,-9.0,0.208,1,2017-10-30 08:24:00.800
2595,15.092117,-94.268376,-9.688,71241.1,-87817.1,-11369.4,697.5,742.3,888.9,1.537,0,0,8,12,-9.0,0.12,1,2017-10-30 08:24:46.570
2596,16.268971,-95.218262,-10.193,-30594.3,42409.8,-10864.9,422.2,404.0,560.5,1.394,0,0,229,294,-9.0,0.207,1,2017-10-30 08:37:38.570
2597,16.262738,-95.228215,-3.84,-31659.7,41720.1,-17217.8,359.5,261.8,321.8,1.173,0,0,364,254,-9.0,0.15,1,2017-10-30 08:42:16.940
2598,15.480407,-94.736027,-27.935,21042.2,-44850.2,6877.4,312.9,432.7,649.7,1.921,0,0,729,459,-9.0,0.213,1,2017-10-30 08:44:04.320
2599,15.458313,-94.758993,-43.253,18581.3,-47295.0,22195.0,262.5,421.2,829.1,1.504,0,0,605,332,-9.0,0.16,1,2017-10-30 08:56:24.400
2600,15.281852,-94.562769,-23.735,39634.7,-66821.6,2677.9,441.9,527.7,911.2,1.699,0,0,178,143,-9.0,0.216,1,2017-10-30 09:02:08.030
2601,16.520993,-95.07443,-6.424,-15196.2,70297.7,-14633.6,284.1,393.6,393.2,2.149,0,0,398,475,-9.0,0.131,1,2017-10-30 09:09:19.330
2602,16.260322,-95.219157,-4.376,-30690.5,41452.7,-16682.0,269.3,278.3,933.9,1.733,0,0,352,408,-9.0,0.188,1,2017-10-30 09:19:33.250
2603,15.043548,-94.322949,-25.214,65393.4,-93191.7,4156.7,378.4,483.0,563.7,2.59,0,0,269,125,-9.0,0.201,1,2017-10-30 09:23:05.910
2604,15.501523,-94.769873,-42.558,17413.3,-42513.6,21500.2,240.5,289.5,657.1,1.469,0,0,553,503,-9.0,0.202,1,2017-10-30 09:29:06.740
2605,16.260564,-95.217269,-5.502,-30488.7,41479.6,-15555.9,455.9,413.0,633.8,1.364,0,0,376,480,-9.0,0.227,1,2017-10-30 09:40:08.970
2606,16.249887,-95.224618,-3.378,-31276.2,40298.1,-17679.2,286.8,306.7,499.7,1.701,0,0,310,408,-9.0,0.188,1,2017-10-30 09:41:13.120
2607,15.389862,-94.637004,-32.677,31664.5,-54869.6,11619.8,360.4,546.6,605.9,1.812,0,0,510,471,-9.0,0.204,1,2017-10-30 09:46:21.080
2608,16.247928,-95.242676,-4.568,-33208.2,40081.2,-16489.3,284.2,371.5,428.1,1.033,0,0,212,347,-9.0,0.164,1,2017-10-30 09:47:08.710
2609,16.520042,-95.074276,-3.858,-15179.7,70192.5,-17199.9,342.8,405.4,407.7,1.688,0,0,334,282,-9.0,0.121,1,2017-10-30 09:49:14.720
2610,16.378539,-95.025708,-15.68,-9989.6,54534.3,-5378.0,697.6,658.1,762.3,1.319,0,0,40,58,-9.0,0.316,1,2017-10-30 09:52:17.490
2611,16.262022,-95.228133,-5.875,-31650.8,41640.9,-15182.4,405.8,346.8,624.3,1.37,0,0,429,485,-9.0,0.172,1,2017-10-30 09:57:34.800
2612,16.570684,-95.536792,-38.55,-1386.6,2360.7,2065.3,6480.8,8113.7,8237.9,2.519,0,0,2,3,-9.0,0.491,43,2017-10-30 09:57:53.040
2613,16.251766,-95.229313,-6.286,-31778.7,40505.9,-14771.4,294.3,242.4,345.3,1.682,0,0,294,482,-9.0,0.173,1,2017-10-30 10:14:55.250
2614,16.509171,-95.093286,-9.371,-17212.8,68989.6,-11686.8,290.0,402.1,1062.0,1.828,0,0,226,365,-9.0,0.141,1,2017-10-30 10:28:36.350
2615,16.049261,-95.142684,-25.546,-22520.4,18097.5,4488.9,697.4,715.6,754.7,1.723,0,0,21,21,-9.0,0.223,1,2017-10-30 10:30:40.180
2616,15.528681,-94.864404,-32.498,7278.9,-39508.3,11441.0,348.5,413.9,584.3,2.56,0,0,478,387,-9.0,0.194,1,2017-10-30 10:35:32.410
2617,16.262406,-95.223844,-9.226,-31192.0,41683.4,-11831.9,383.7,593.3,887.8,2.599,0,0,386,340,-9.0,0.254,1,2017-10-30 10:39:49.340
2618,16.261846,-95.228874,-6.275,-31730.6,41621.3,-14782.7,305.4,226.4,442.0,1.451,0,0,411,497,-9.0,0.167,1,2017-10-30 10:47:14.890
2619,15.734426,-94.983651,-44.181,-5499.7,-16741.3,23123.6,417.9,701.6,923.9,1.638,0,0,15,30,-9.0,0.122,1,2017-10-30 10:49:16.380
2620,16.518871,-95.079565,-5.018,-15745.3,70063.0,-16039.3,321.0,405.0,726.2,2.069,0,0,422,430,-9.0,0.145,1,2017-10-30 11:06:06.120
2621,16.261168,-95.223006,-7.244,-31103.0,41546.4,-13813.8,491.1,408.2,576.4,2.245,0,0,466,440,-9.0,0.208,1,2017-10-30 11:14:12.800
2622,16.26646,-95.22347,-8.892,-31152.1,42131.9,-12165.4,407.2,502.2,559.5,2.373,0,0,201,296,-9.0,0.189,1,2017-10-30 11:15:18.140
2623,16.264811,-95.213704,-5.25,-30107.4,41949.5,-15807.7,443.4,514.3,1098.7,1.093,0,0,315,319,-9.0,0.284,1,2017-10-30 11:18:23.120
2624,15.353479,-94.666178,-30.944,28538.8,-58895.6,9886.7,338.9,389.8,668.2,2.152,0,0,506,209,-9.0,0.201,1,2017-10-30 11:29:47.670
2625,16.158168,-95.190462,-2.273,-27627.9,30148.6,-18784.2,521.6,885.5,534.7,1.93,0,0,40,20,-9.0,0.215,1,2017-10-30 11:54:39.960
2626,16.264595,-95.216268,-4.636,-30381.5,41925.5,-16421.9,699.3,581.2,943.7,1.134,0,0,281,291,-9.0,0.171,1,2017-10-30 11:57:09.790
2627,15.448828,-94.70188,-30.031,24704.6,-48344.6,8973.5,421.5,1157.2,919.0,1.742,0,0,355,249,-9.0,0.147,1,2017-10-30 12:01:56.750
2628,15.471317,-94.757056,-26.971,18788.4,-45856.1,5914.0,562.9,651.0,1101.8,1.772,0,0,364,315,-9.0,0.194,1,2017-10-30 12:10:24.930
2629,16.252463,-95.237533,-3.512,-32657.8,40583.0,-17545.3,254.5,233.8,260.2,1.457,0,0,244,406,-9.0,0.158,1,2017-10-30 12:19:47.740
2630,16.242903,-95.233879,-4.437,-32267.2,39525.1,-16620.1,336.7,357.4,429.6,1.97,0,0,139,349,-9.0,0.195,1,2017-10-30 12:36:01.740
2631,16.330304,-97.644995,-46.449,27.0,33.7,-720.9,185.5,148.8,237.8,2.265,0,0,6,6,-9.0,0.103,42,2017-10-30 12:52:28.800
2632,16.329696,-97.6455,-47.891,-27.2,-33.7,720.9,187.3,149.2,231.0,2.316,0,0,6,6,-9.0,0.103,42,2017-10-30 12:53:18.750
2633,15.277043,-94.60957,-24.891,34615.8,-67353.8,3833.8,322.5,396.2,482.3,2.597,0,0,451,354,-9.0,0.205,1,2017-10-30 13:40:08.880
2634,16.021695,-95.180851,-10.096,-26607.8,15047.0,-10961.8,477.0,591.2,731.3,1.731,0,0,261,263,-9.0,0.214,1,2017-10-30 14:07:47.290
2635,16.417615,-95.219108,-13.745,-30673.8,58858.3,-7313.0,407.2,689.7,626.9,2.364,0,0,246,325,-9.0,0.241,1,2017-10-30 14:38:50.010
2636,16.271879,-95.214738,-2.993,-30217.2,42731.6,-18064.2,700.9,525.7,694.2,1.81,0,0,236,282,-9.0,0.184,1,2017-10-30 16:15:18.930
2637,15.666465,-95.197087,-27.934,-28370.5,-24261.6,6876.7,649.4,835.0,1341.5,2.138,0,0,17,4,-9.0,0.171,1,2017-10-30 17:54:35.800
2638,15.906694,-94.96486,-7.81,-3485.1,2321.4,-13247.2,647.1,815.9,1044.7,1.702,0,0,12,7,-9.0,0.165,1,2017-10-30 18:04:37.120
2639,15.096473,-93.712573,-37.681,8241.6,-2928.8,6608.9,948.3,643.5,2919.3,2.738,0,0,24,24,-9.0,0.257,2,2017-10-30 20:20:01.560
2640,15.563381,-94.950928,-29.162,-1995.1,-35668.6,8104.9,547.4,877.5,1399.6,2.195,0,0,152,146,-9.0,0.201,1,2017-10-30 20:40:18.320
2641,16.53993,-95.193384,-7.207,-27913.9,72393.3,-13850.1,378.1,411.4,577.1,1.84,0,0,270,295,-9.0,0.171,1,2017-10-30 22:58:15.880
2642,16.487953,-95.195329,-6.098,-28125.3,66641.7,-14960.0,304.4,367.0,458.7,1.761,0,0,287,382,-9.0,0.135,1,2017-10-30 23:13:01.200
2643,15.279539,-94.527734,-22.522,43392.3,-67077.6,1464.1,319.3,369.3,658.4,3.6,0,0,355,228,-9.0,0.199,1,2017-10-31 00:02:31.000
2644,15.401626,-94.654777,-17.387,29758.4,-53567.8,-3670.8,281.1,371.8,815.0,2.811,0,0,312,157,-9.0,0.2,1,2017-10-31 00:58:18.390
2645,16.498116,-95.079175,-8.992,-15704.4,67766.3,-12065.5,335.9,410.7,395.2,1.49,0,0,255,358,-9.0,0.204,1,2017-10-31 01:02:11.370
2646,15.50718,-94.65634,-32.08,29583.2,-41887.5,11022.2,335.9,496.5,552.2,2.251,0,0,408,381,-9.0,0.21,1,2017-10-31 01:37:21.000
2647,16.186831,-95.072965,-18.779,-15051.5,33320.4,-2278.7,471.3,811.6,581.3,1.528,0,0,40,71,-9.0,0.22,1,2017-10-31 01:47:20.250
2648,16.52067,-95.143783,-6.123,-22611.8,70262.0,-14934.1,326.1,371.6,596.7,1.405,0,0,188,337,-9.0,0.109,1,2017-10-31 02:41:39.530
2649,15.527499,-94.830021,-31.873,10965.0,-39639.1,10815.6,371.9,356.4,512.4,1.797,0,0,273,368,-9.0,0.159,1,2017-10-31 02:42:17.620
2650,16.975309,-94.921183,-117.821,-2601.7,-1930.1,-938.6,3568.9,3918.5,2716.7,2.069,0,0,3,7,-9.0,0.391,27,2017-10-31 03:20:32.030
2651,16.511568,-95.061719,-3.182,-13836.9,69254.9,-17875.6,268.1,416.4,524.1,1.418,0,0,152,311,-9.0,0.139,1,2017-10-31 03:47:01.380
2652,16.614493,-94.858545,-3.288,7886.6,80644.1,-17769.8,419.3,646.2,555.2,2.348,0,0,50,40,-9.0,0.209,1,2017-10-31 04:00:13.370
2653,16.50219,-95.070809,-8.489,-14809.0,68217.1,-12568.1,278.8,401.5,442.9,1.447,0,0,260,444,-9.0,0.137,1,2017-10-31 04:04:02.150
2654,16.254288,-95.230176,-6.103,-31870.4,40784.9,-14954.2,244.0,273.3,358.4,1.22,0,0,306,490,-9.0,0.166,1,2017-10-31 04:05:18.560
2655,15.263264,-94.605615,-17.522,35040.8,-68878.5,-3535.2,305.2,418.3,551.5,1.974,0,0,208,115,-9.0,0.194,1,2017-10-31 04:08:40.080
2656,16.15525,-95.190454,-3.917,-27627.2,29825.8,-17140.5,278.9,385.6,283.1,1.897,0,0,160,263,-9.0,0.202,1,2017-10-31 05:09:17.990
2657,16.265135,-95.225594,-4.692,-31379.3,41985.3,-16365.0,298.1,264.0,371.9,1.264,0,0,320,488,-9.0,0.203,1,2017-10-31 05:14:54.750
2658,15.428732,-94.721305,-31.218,22623.4,-50568.3,10160.7,328.6,367.7,808.3,1.916,0,0,611,418,-9.0,0.18,1,2017-10-31 05:26:44.970
2659,15.816962,-95.199552,-16.503,-28624.5,-7608.2,-4554.3,641.3,755.6,857.3,1.782,0,0,38,21,-9.0,0.178,1,2017-10-31 05:35:17.260
2660,15.444383,-94.766805,-30.101,17744.3,-48836.5,9043.6,315.7,478.8,474.6,1.61,0,0,340,380,-9.0,0.166,1,2017-10-31 05:42:59.910
2661,15.442083,-94.722453,-27.013,22499.9,-49091.0,5955.1,301.0,359.9,487.1,2.524,0,0,840,599,-9.0,0.182,1,2017-10-31 05:53:50.860
2662,16.3207,-95.054639,-9.0,-13086.1,48134.0,-12057.3,432.7,509.4,723.1,1.168,0,0,61,238,-9.0,0.259,1,2017-10-31 05:56:39.160
2663,15.794375,-94.922217,-30.169,1081.8,-10107.6,9111.9,353.8,496.3,722.9,1.685,0,0,67,66,-9.0,0.129,1,2017-10-31 06:02:14.360
2664,16.461506,-95.192521,-5.008,-27826.8,63715.2,-16049.5,288.5,360.7,380.4,1.9,0,0,299,217,-9.0,0.144,1,2017-10-31 06:07:56.940
2665,15.402244,-94.611255,-54.049,34424.9,-53499.5,32991.1,396.3,642.3,948.8,2.372,0,0,615,348,-9.0,0.216,1,2017-10-31 06:16:40.070
2666,16.266727,-95.210872,-3.571,-29804.0,42161.4,-17486.1,423.3,394.4,516.9,1.473,0,0,439,460,-9.0,0.215,1,2017-10-31 06:24:30.440
2667,16.25623,-95.223006,-5.627,-31103.4,40999.9,-15430.2,283.4,307.7,452.5,0.91,0,0,234,422,-9.0,0.188,1,2017-10-31 06:28:00.790
2668,16.085801,-95.048535,-13.916,-12440.4,22140.8,-7141.2,521.9,721.3,782.0,2.018,0,0,57,75,-9.0,0.24,1,2017-10-31 06:35:40.490
2669,16.517232,-95.091797,-8.313,-17053.0,69881.6,-12744.4,275.5,388.5,378.8,2.022,0,0,385,467,-9.0,0.125,1,2017-10-31 06:39:18.380
2670,15.613328,-94.884749,-30.65,5098.0,-30141.5,9592.2,279.1,533.6,718.2,2.186,0,0,406,233,-9.0,0.179,1,2017-10-31 06:40:14.580
2671,16.503558,-95.08759,-3.27,-16603.7,68368.5,-17787.5,296.5,392.9,364.8,1.426,0,0,328,430,-9.0,0.148,1,2017-10-31 07:00:42.270
2672,16.50803,-95.080452,-7.816,-15840.1,68863.3,-13241.6,276.2,391.5,354.5,2.299,0,0,471,490,-9.0,0.132,1,2017-10-31 07:01:26.190
2673,15.399678,-94.71604,-28.537,23189.4,-53783.5,7479.0,496.7,756.6,1412.1,1.595,0,0,272,231,-9.0,0.162,1,2017-10-31 07:04:23.120
2674,16.211025,-95.212044,-4.853,-29933.8,35997.6,-16204.6,329.6,401.6,254.5,0.995,0,0,216,287,-9.0,0.131,1,2017-10-31 07:15:58.130
2675,14.881796,-94.740299,-30.63,-2759.4,-3413.8,-1410.1,12969.0,4244.6,20338.4,2.057,0,0,3,3,-9.0,1.83,29,2017-10-31 07:17:28.000
2676,15.683741,-94.845833,-45.269,9266.7,-22349.8,24211.9,472.7,767.1,955.9,3.07,0,0,137,61,-9.0,0.194,1,2017-10-31 07:24:00.810
2677,16.253024,-95.239046,-6.327,-32819.8,40645.2,-14731.0,251.7,262.8,357.3,1.493,0,0,230,368,-9.0,0.191,1,2017-10-31 07:38:51.380
2678,15.482284,-94.751815,-28.377,19349.6,-44642.6,7319.6,536.4,837.2,809.3,1.698,0,0,493,366,-9.0,0.182,1,2017-10-31 07:42:09.550
2679,15.294553,-94.625895,-24.467,32863.2,-65416.3,3409.1,234.7,446.1,873.7,1.954,0,0,476,473,-9.0,0.204,1,2017-10-31 07:42:54.090
2680,15.468778,-94.665706,-68.453,764.3,-2204.4,1859.5,473.2,1445.8,1751.4,2.059,0,0,13,8,-9.0,0.386,16,2017-10-31 07:53:29.760
2681,16.045471,-95.204354,-11.019,-29122.2,17678.0,-10038.8,369.5,336.9,456.0,1.097,0,0,267,351,-9.0,0.21,1,2017-10-31 08:02:50.350
2682,16.505961,-94.32417,-20.226,-2501.7,11581.8,3474.3,5920.7,12749.5,17737.4,0.64,0,0,3,3,-9.0,0.314,10,2017-10-31 08:07:09.550
2683,15.418206,-94.736637,-20.039,20979.9,-51733.2,-1018.4,302.0,432.2,741.8,1.673,0,0,228,126,-9.0,0.181,1,2017-10-31 08:16:50.200
2684,16.260108,-95.230046,-4.833,-31856.0,41429.1,-16224.0,255.3,263.1,335.1,1.495,0,0,298,399,-9.0,0.171,1,2017-10-31 08:25:20.420
2685,15.559554,-94.661833,-31.054,28990.3,-36092.0,9997.0,389.7,597.2,924.7,1.672,0,0,372,460,-9.0,0.237,1,2017-10-31 08:35:39.380
2686,15.362232,-94.669173,-32.089,28217.0,-57926.9,11031.0,582.0,832.9,1100.8,1.539,0,0,362,242,-9.0,0.203,1,2017-10-31 08:36:17.260
2687,15.235149,-94.377799,-1.795,59480.0,-71989.6,-19262.1,1051.4,626.3,656.6,1.586,0,0,10,5,-9.0,0.172,1,2017-10-31 08:38:02.680
2688,16.252418,-95.224235,-5.955,-31234.7,40578.1,-15102.2,556.7,666.1,822.0,1.249,0,0,454,364,-9.0,0.218,1,2017-10-31 08:42:02.270
2689,16.155455,-95.190218,-2.766,-27602.0,29848.5,-18291.8,258.8,294.4,299.1,1.981,0,0,101,141,-9.0,0.174,1,2017-10-31 08:42:50.150
2690,15.704877,-94.856283,-32.242,8146.7,-20011.1,11184.3,482.6,640.0,2128.0,1.884,0,0,119,115,-9.0,0.225,1,2017-10-31 08:48:15.280
2691,16.265724,-95.205933,-2.787,-29275.5,42050.4,-18270.3,354.7,292.5,345.9,1.218,0,0,261,318,-9.0,0.198,1,2017-10-31 08:49:01.790
2692,16.475167,-95.23488,-3.538,-32355.9,65226.8,-17519.3,310.3,355.3,308.7,1.407,0,0,332,247,-9.0,0.135,1,2017-10-31 09:33:14.860
2693,15.482284,-94.771777,-28.225,17210.2,-44642.5,7167.5,1216.2,1314.6,2305.6,1.894,0,0,396,252,-9.0,0.167,1,2017-10-31 09:43:07.610
2694,16.217397,-95.340202,-17.531,-43647.2,36702.8,-3526.3,708.5,1078.8,519.6,1.837,0,0,76,85,-9.0,0.216,1,2017-10-31 09:43:52.720
2695,16.523512,-95.4462,-11.531,4969.2,1345.8,-3013.8,7804.6,10938.7,18629.5,1.272,0,0,2,4,-9.0,0.781,28,2017-10-31 09:55:13.880
2696,15.396322,-94.727743,-31.577,21934.8,-54154.8,10520.0,307.4,397.7,706.5,1.669,0,0,614,391,-9.0,0.216,1,2017-10-31 09:56:57.420
2697,16.516818,-95.19362,-28.594,-27940.6,69835.8,7536.6,668.1,706.6,1133.5,1.679,0,0,10,7,-9.0,0.163,1,2017-10-31 12:20:18.680
2698,15.543413,-94.761076,-30.159,18354.7,-37878.1,9101.3,228.3,288.2,451.1,1.61,0,0,348,321,-9.0,0.158,1,2017-10-31 12:28:49.050
2699,15.650297,-95.086043,-18.295,-16473.1,-26050.7,-2762.3,629.2,844.2,849.2,1.802,0,0,14,7,-9.0,0.181,1,2017-10-31 13:09:04.860
2700,16.264604,-95.206396,-2.333,-29325.1,41926.6,-18724.1,281.6,280.3,365.8,1.539,0,0,176,370,-9.0,0.212,1,2017-10-31 13:21:47.240
2701,16.200584,-95.134538,-3.392,-21640.0,34842.3,-17665.9,313.3,287.4,324.8,1.526,0,0,252,258,-9.0,0.21,1,2017-10-31 13:24:15.110
2702,15.508115,-94.693953,-35.3,25550.7,-41784.1,14242.6,655.6,631.9,1963.7,2.11,0,0,399,327,-9.0,0.169,1,2017-10-31 13:42:51.820
2703,16.374136,-95.608341,-2.049,-7312.4,-8847.3,254.2,2712.2,3582.1,2257.8,1.997,0,0,16,20,-9.0,0.587,3,2017-10-31 13:54:56.700
2704,16.25767,-95.233244,-4.795,-32198.3,41159.2,-16263.0,254.3,196.9,299.4,1.297,0,0,282,393,-9.0,0.176,1,2017-10-31 14:31:56.020
2705,15.188253,-94.72841,-30.27,21873.9,-77179.0,9212.9,1149.3,1796.9,2293.2,1.588,0,0,13,4,-9.0,0.139,1,2017-10-31 18:25:07.320
2706,16.191053,-95.207951,-18.025,-29497.0,33787.7,-3032.3,550.4,776.3,373.2,1.955,0,0,102,98,-9.0,0.224,1,2017-10-31 18:47:22.900
2707,16.531916,-94.720272,-3.246,22672.6,71506.5,-17811.5,904.5,990.9,978.8,1.69,0,0,26,24,-9.0,0.161,1,2017-10-31 19:37:30.360
2708,15.358964,-94.416431,-30.717,55320.0,-58288.7,9659.9,382.5,563.8,731.8,2.361,0,0,37,39,-9.0,0.188,1,2017-10-31 20:28:10.400
2709,15.22122,-94.498218,-50.974,46564.8,-73531.0,29916.4,398.9,464.4,876.9,2.631,0,0,130,134,-9.0,0.211,1,2017-10-31 20:38:09.480
2710,15.457972,-94.674072,-29.908,27685.8,-47332.8,8850.8,549.4,383.5,729.7,1.946,0,0,535,380,-9.0,0.199,1,2017-10-31 20:52:57.200
2711,15.283702,-94.240747,-18.841,-2426.8,1156.4,1105.6,12314.3,6313.2,7377.3,2.616,0,0,4,3,-9.0,0.467,40,2017-10-31 20:56:50.500
2712,16.012542,-95.219613,-6.484,-30758.1,14034.2,-14573.6,386.0,529.7,800.3,1.777,0,0,316,346,-9.0,0.193,1,2017-10-31 23:39:27.720
2713,15.89361,-95.17557,-7.084,-25976.7,2733.8,-11064.7,544.4,774.9,1021.2,2.215,0,0,129,71,-9.0,0.243,1,2017-11-01 00:55:19.020
2714,15.665381,-94.877865,-17.963,5909.9,-22521.3,-185.7,954.2,684.3,967.0,1.647,0,0,34,35,-9.0,0.238,1,2017-11-01 02:01:08.020
2715,16.339924,-95.120353,-15.861,-20041.6,52121.4,-2287.3,610.6,937.2,695.5,1.67,0,0,65,85,-9.0,0.266,1,2017-11-01 02:08:31.280
2716,15.653639,-94.897168,-23.17,3841.2,-23820.6,5021.5,719.4,581.9,771.9,1.573,0,0,73,100,-9.0,0.235,1,2017-11-01 02:21:00.450
2717,16.642668,-94.85896,-10.353,7916.7,85622.0,-7795.7,211.5,196.6,718.0,1.155,0,0,38,37,-9.0,0.097,1,2017-11-01 03:02:49.110
2718,16.506463,-95.1288,-4.942,-20936.5,70550.0,-13206.2,283.4,490.1,378.4,2.429,0,0,318,397,-9.0,0.177,1,2017-11-01 03:49:39.330
2719,16.479181,-95.195142,-3.547,-28032.0,67531.1,-14601.2,230.7,275.6,335.9,1.329,0,0,139,340,-9.0,0.168,1,2017-11-01 04:00:47.920
2720,15.353296,-94.58042,-13.753,37811.9,-57055.5,-4395.3,608.4,724.2,775.3,1.556,0,0,81,85,-9.0,0.214,1,2017-11-01 04:31:16.480
2721,15.790864,-95.074186,-56.383,-15123.0,-8635.7,38234.4,1109.5,1085.1,1755.0,2.27,0,0,13,7,-9.0,0.203,1,2017-11-01 04:36:31.040
2722,15.038126,-94.387964,-26.326,58494.3,-91931.2,8178.0,698.8,784.2,1179.2,2.103,0,0,39,23,-9.0,0.243,1,2017-11-01 04:44:06.000
2723,16.212795,-95.80769,-4.04,2930.7,1609.5,-2859.8,7057.4,4949.2,6899.5,1.231,0,0,2,3,-9.0,0.492,29,2017-11-01 05:04:44.910
2724,15.986609,-95.195703,-9.691,-28126.4,13024.8,-8457.2,270.3,316.9,370.4,2.872,0,0,290,240,-9.0,0.17,1,2017-11-01 05:19:03.550
2725,15.526776,-94.689917,-24.362,26058.3,-37858.8,6213.7,1190.9,661.7,784.4,1.253,0,0,113,186,-9.0,0.276,1,2017-11-01 05:41:27.780
2726,15.283989,-94.480225,-15.112,48564.4,-64724.7,-3036.0,742.5,939.6,1008.6,0.99,0,0,32,27,-9.0,0.211,1,2017-11-01 06:03:23.170
2727,15.316844,-94.561125,-13.849,39884.2,-61089.2,-4299.8,559.8,532.8,623.5,2.212,0,0,167,127,-9.0,0.24,1,2017-11-01 06:20:15.980
2728,15.827172,-95.107853,-18.9,-18727.8,-4618.1,752.0,762.8,1084.5,967.2,1.221,0,0,8,8,-9.0,0.173,1,2017-11-01 06:25:39.360
2729,15.516268,-94.698031,-10.141,25189.1,-39021.6,-8007.1,748.8,545.7,769.2,1.436,0,0,62,76,-9.0,0.259,1,2017-11-01 06:28:04.910
2730,15.459448,-94.587362,-28.524,37058.2,-45309.0,10375.8,730.8,856.7,1351.4,0.708,0,0,31,30,-9.0,0.174,1,2017-11-01 06:39:38.710
2731,15.030807,-93.53619,-20.527,18343.1,-6538.1,-8706.4,785.1,796.9,1609.3,1.924,0,0,19,16,-9.0,0.395,2,2017-11-01 06:40:56.100
2732,16.525916,-95.195874,-7.432,-28107.0,72702.7,-10716.2,506.7,451.5,1177.5,1.35,0,0,327,350,-9.0,0.161,1,2017-11-01 06:48:28.570
2733,15.378353,-94.532373,-12.143,42961.6,-54282.8,-6005.5,845.6,718.7,686.4,1.841,0,0,42,48,-9.0,0.229,1,2017-11-01 06:50:29.750
2734,16.77798,-95.50931,-0.031,2646.9,5191.8,-25.9,3407.1,4235.4,2466.5,1.225,0,0,3,2,-9.0,0.209,9,2017-11-01 06:54:55.380
2735,16.467489,-95.524935,-41.524,-63302.9,66237.3,23375.7,701.3,1058.5,1658.7,2.8,0,0,2,4,-9.0,0.09,1,2017-11-01 07:00:45.140
2736,15.865506,-95.144588,-16.314,-22660.3,-376.1,-1834.2,805.2,692.9,753.8,1.65,0,0,6,10,-9.0,0.158,1,2017-11-01 07:00:49.180
2737,15.378278,-94.697266,-31.853,25279.5,-54291.2,13704.5,493.9,747.5,680.8,1.828,0,0,140,132,-9.0,0.25,1,2017-11-01 07:24:36.500
2738,15.646692,-94.83186,-33.386,10840.2,-24589.3,15237.5,1092.2,967.2,1733.2,0.806,0,0,55,44,-9.0,0.381,1,2017-11-01 07:31:44.240
2739,15.46323,-94.747428,-30.755,19897.0,-44890.5,12606.2,339.0,419.7,578.0,2.358,0,0,535,386,-9.0,0.199,1,2017-11-01 07:37:41.000
2740,15.920225,-95.195044,-6.099,-28061.0,5679.0,-12048.9,380.1,485.0,433.4,1.389,0,0,222,138,-9.0,0.173,1,2017-11-01 08:05:58.570
2741,15.515201,-94.75778,-33.218,18784.9,-39139.7,15069.4,437.7,512.6,1179.8,2.216,0,0,478,376,-9.0,0.222,1,2017-11-01 08:57:59.410
2742,16.279897,-95.375464,-15.477,-47340.3,45479.1,-2671.1,683.3,769.3,853.6,1.468,0,0,34,31,-9.0,0.188,1,2017-11-01 09:03:47.350
2743,16.266238,-95.221834,-5.828,-30903.3,43967.6,-12320.7,655.9,606.3,804.8,1.65,0,0,136,162,-9.0,0.198,1,2017-11-01 09:25:01.920
2744,16.526458,-95.076359,-3.546,-15327.2,72762.6,-14602.4,271.3,228.6,543.2,1.513,0,0,219,316,-9.0,0.123,1,2017-11-01 09:27:43.550
2745,15.445893,-94.732837,-56.993,21461.8,-46809.0,38844.5,2679.2,1860.8,5600.7,1.292,0,0,5,1,-9.0,0.164,1,2017-11-01 09:28:12.850
2746,15.454247,-94.775667,-24.463,16869.7,-45884.6,6314.6,801.8,427.4,674.7,1.292,0,0,261,277,-9.0,0.277,1,2017-11-01 09:28:12.960
2747,15.54536,-94.714014,-12.574,23474.3,-35802.3,-5574.6,759.1,791.9,905.6,2.148,0,0,85,68,-9.0,0.192,1,2017-11-01 09:44:04.090
2748,15.670537,-94.906966,-60.995,-2255.4,1280.4,-438.8,728.4,954.5,1095.1,2.934,0,0,35,31,-9.0,0.301,6,2017-11-01 09:45:07.040
2749,16.321943,-95.410099,-27.83,-51040.2,50131.7,9681.8,906.2,946.0,1250.6,1.732,0,0,6,6,-9.0,0.1,1,2017-11-01 09:52:20.050
2750,15.595584,-94.962126,-17.364,-3120.0,-30244.7,-784.0,679.2,637.9,715.7,2.397,0,0,97,44,-9.0,0.261,1,2017-11-01 10:10:10.350
2751,15.388254,-94.6587,-23.978,29415.2,-53187.2,5829.4,570.1,402.8,586.6,1.731,0,0,283,247,-9.0,0.253,1,2017-11-01 10:25:37.170
2752,15.491071,-94.703141,-24.922,24642.8,-41809.9,6773.4,560.0,829.0,840.9,1.802,0,0,138,116,-9.0,0.2,1,2017-11-01 13:28:23.610
2753,15.430677,-94.493148,-32.458,47162.2,-48492.8,14309.4,790.4,801.3,1107.1,3.154,0,0,17,25,-9.0,0.192,1,2017-11-01 14:04:31.580
2754,15.797737,-95.063867,-54.727,-14017.5,-7875.2,36578.2,1008.4,1046.0,1624.3,1.469,0,0,24,9,-9.0,0.284,1,2017-11-01 19:57:12.760
2755,15.946385,-95.269857,-14.552,-36070.2,8573.7,-3596.0,929.7,973.0,1268.7,1.879,0,0,6,6,-9.0,0.136,1,2017-11-01 19:58:29.100
2756,15.351935,-94.539958,-30.519,42151.3,-57206.1,12370.2,849.3,1069.1,1604.9,1.935,0,0,39,48,-9.0,0.19,1,2017-11-02 00:06:42.710
2757,15.548905,-94.735327,-30.866,21189.9,-35410.0,12717.2,418.5,590.3,1124.0,2.048,0,0,141,180,-9.0,0.24,1,2017-11-02 00:45:23.230
2758,15.415047,-94.686117,-32.748,26473.5,-50222.3,14599.9,328.7,555.0,687.6,1.937,0,0,249,263,-9.0,0.224,1,2017-11-02 01:08:49.310
2759,15.882154,-94.977555,-19.434,-4770.0,1466.2,1285.7,736.9,1054.7,1188.6,1.441,0,0,14,13,-9.0,0.311,1,2017-11-02 01:41:53.070
2760,15.900538,-95.231169,-6.896,-31930.5,3500.5,-11252.3,308.9,361.7,726.7,3.256,0,0,218,141,-9.0,0.171,1,2017-11-02 01:51:07.560
2761,15.900806,-95.152254,-8.296,-23479.4,3530.0,-9852.6,904.8,703.0,740.6,3.256,0,0,3,4,-9.0,0.32,1,2017-11-02 01:51:08.740
2762,15.537152,-94.613867,-31.353,34209.4,-36710.7,13205.1,639.6,463.0,655.9,2.295,0,0,162,119,-9.0,0.221,1,2017-11-02 02:11:58.260
2763,15.206453,-94.572209,-35.348,38705.6,-73304.6,17199.9,572.9,616.6,1158.8,3.117,0,0,169,143,-9.0,0.252,1,2017-11-02 02:20:32.520
2764,16.479796,-95.13396,-3.966,-21489.4,67599.2,-14182.4,337.2,336.4,693.8,1.347,0,0,368,399,-9.0,0.164,1,2017-11-02 04:04:41.970
2765,15.47901,-94.737508,-60.768,-1466.1,2380.1,4927.8,869.7,1019.5,1645.8,1.562,0,0,3,2,-9.0,0.171,32,2017-11-02 04:08:35.770
2766,15.217458,-94.533577,-32.125,42849.1,-72086.9,13976.1,603.5,605.3,855.7,2.482,0,0,124,126,-9.0,0.224,1,2017-11-02 04:14:14.510
2767,15.173087,-94.306877,-7.868,67175.3,-76996.9,-10280.4,1375.9,1284.4,1461.6,2.528,0,0,29,18,-9.0,0.207,1,2017-11-02 04:37:04.830
2768,15.53737,-94.820915,-32.248,12016.1,-36686.6,14099.7,630.7,572.1,1522.7,2.023,0,0,301,388,-9.0,0.219,1,2017-11-02 04:42:17.710
2769,15.347248,-94.533081,-8.232,42889.3,-57724.7,-9916.6,771.5,661.6,554.0,1.189,0,0,39,27,-9.0,0.172,1,2017-11-02 04:56:40.480
2770,15.503839,-94.644157,-31.62,30965.7,-40396.9,13471.6,573.5,566.7,870.2,1.674,0,0,88,89,-9.0,0.196,1,2017-11-02 05:19:10.660
2771,15.588066,-94.838265,-23.018,10154.8,-31076.7,4869.3,784.8,714.2,837.6,2.432,0,0,222,148,-9.0,0.247,1,2017-11-02 05:26:24.470
2772,15.587975,-94.689966,-12.298,26049.1,-31086.8,-5850.8,713.8,610.1,726.0,1.571,0,0,38,79,-9.0,0.198,1,2017-11-02 05:43:54.980
2773,16.538152,-95.089689,-6.91,-16752.1,74056.6,-11238.0,274.2,299.7,846.2,0.973,0,0,173,270,-9.0,0.148,1,2017-11-02 06:01:39.610
2774,15.464539,-94.759334,-29.479,18620.1,-44745.8,11330.3,547.1,574.9,781.5,1.686,0,0,216,337,-9.0,0.225,1,2017-11-02 06:12:42.850
2775,15.917923,-94.951538,-13.395,-1983.3,5424.2,-4753.8,584.1,636.1,701.8,2.431,0,0,14,16,-9.0,0.213,1,2017-11-02 06:18:06.750
2776,16.532796,-95.12841,-17.229,-20893.2,73464.1,-918.6,915.9,863.0,625.4,1.17,0,0,66,86,-9.0,0.104,1,2017-11-02 06:21:35.950
2777,16.250696,-95.239779,-6.236,-32824.4,42247.8,-11912.4,688.9,478.7,577.4,1.469,0,0,118,124,-9.0,0.202,1,2017-11-02 06:26:32.320
2778,16.522233,-95.107869,-20.289,-18696.9,72295.1,2140.9,732.3,626.2,1648.2,1.415,0,0,69,75,-9.0,0.148,1,2017-11-02 06:31:26.770
2779,15.534954,-94.718457,-12.55,22998.7,-36953.9,-5597.9,707.0,826.4,937.4,1.333,0,0,69,69,-9.0,0.19,1,2017-11-02 06:58:38.050
2780,16.108207,-95.248519,-6.144,-33771.4,26480.4,-12004.4,424.7,467.0,740.0,1.531,0,0,182,165,-9.0,0.17,1,2017-11-02 07:36:05.540
2781,15.568388,-94.779012,-37.431,16506.3,-33254.2,19282.4,347.2,694.5,1964.5,2.451,0,0,215,214,-9.0,0.208,1,2017-11-02 07:38:22.210
2782,15.158311,-94.440234,-21.174,52869.5,-78631.9,3025.5,886.5,821.4,1027.8,1.707,0,0,32,24,-9.0,0.248,1,2017-11-02 07:41:36.240
2783,16.480592,-95.14515,-3.974,-22686.4,67687.3,-14174.3,255.8,261.0,469.1,1.393,0,0,429,538,-9.0,0.169,1,2017-11-02 08:17:34.410
2784,15.266047,-94.574089,-15.182,38498.7,-66710.2,-2965.4,575.3,538.7,500.5,2.032,0,0,141,101,-9.0,0.246,1,2017-11-02 08:35:45.630
2785,15.468863,-94.639095,-3.676,31510.4,-44267.3,-14472.4,709.1,943.5,921.9,2.012,0,0,63,47,-9.0,0.251,1,2017-11-02 08:37:38.440
2786,16.640399,-94.861995,-4.088,7591.9,85371.0,-14060.5,319.2,246.9,584.3,1.864,0,0,37,19,-9.0,0.108,1,2017-11-02 08:39:45.330
2787,15.628309,-94.830868,-65.5,5903.7,-3392.3,4066.9,1028.7,1269.5,1087.4,2.327,0,0,27,21,-9.0,0.185,6,2017-11-02 08:42:31.280
2788,15.648442,-94.862516,-63.617,2510.0,-1164.6,2184.1,416.6,877.6,1023.1,3.017,0,0,31,29,-9.0,0.271,6,2017-11-02 08:45:12.480
2789,15.471917,-94.88763,-26.128,4865.6,-43929.3,7980.1,445.9,717.2,1149.0,1.814,0,0,117,120,-9.0,0.247,1,2017-11-02 08:49:12.610
2790,16.822593,-95.814958,-0.026,-8265.0,-7219.9,-20.3,25990.2,58088.4,23190.2,1.083,0,0,1,4,-9.0,0.918,10,2017-11-02 08:52:55.650
2791,16.166757,-95.387882,-14.328,-48682.1,32959.4,-3820.4,676.0,1024.6,1042.6,1.408,0,0,16,16,-9.0,0.198,1,2017-11-02 09:05:39.570
2792,16.241453,-95.219344,-5.057,-30639.1,41225.0,-13090.9,261.3,344.3,342.9,1.361,0,0,142,161,-9.0,0.145,1,2017-11-02 09:11:55.970
2793,15.050525,-93.562793,-29.332,15482.7,-4356.3,98.6,1384.2,1297.5,2813.2,1.808,0,0,29,39,-9.0,0.348,2,2017-11-02 09:25:23.440
2794,16.523559,-95.109131,-3.867,-18832.4,72441.8,-14281.6,233.8,222.3,665.5,1.053,0,0,334,384,-9.0,0.153,1,2017-11-02 09:32:52.860
2795,14.805953,-94.255265,-27.677,72776.2,-117622.7,9528.2,1490.4,1350.6,2081.8,1.938,0,0,12,6,-9.0,0.235,1,2017-11-02 09:48:03.570
2796,15.611583,-94.795223,-15.096,14767.0,-28474.3,-3051.9,683.6,577.3,690.0,1.727,0,0,38,52,-9.0,0.187,1,2017-11-02 10:20:16.580
2797,15.557505,-94.75376,-17.31,19213.9,-34458.4,-838.2,569.9,522.4,718.8,1.736,0,0,166,133,-9.0,0.235,1,2017-11-02 10:23:11.890
2798,15.875172,-95.207381,-5.422,-29385.0,693.5,-12726.8,459.4,621.3,765.7,2.767,0,0,115,91,-9.0,0.236,1,2017-11-02 11:59:42.610
2799,14.898867,-93.302816,-18.059,-2368.7,1875.2,2661.0,647.9,854.2,1080.2,2.644,0,0,24,17,-9.0,0.321,8,2017-11-02 12:15:04.450
2800,15.256272,-94.279435,-13.646,70105.2,-67791.8,-4502.5,894.9,757.2,823.8,2.248,0,0,10,11,-9.0,0.196,1,2017-11-02 13:13:57.450
2801,15.607425,-94.732576,-13.777,21481.4,-28934.4,-4371.8,743.5,785.2,758.5,2.454,0,0,63,57,-9.0,0.178,1,2017-11-02 14:07:58.230
2802,15.907212,-94.950716,-11.783,-1895.2,4239.0,-6365.0,515.3,568.2,798.0,1.996,0,0,17,20,-9.0,0.227,1,2017-11-02 14:32:14.690
2803,15.279472,-94.636336,-33.158,31821.1,-65224.7,15010.0,408.8,642.3,693.9,2.438,0,0,199,217,-9.0,0.221,1,2017-11-02 15:14:08.770
2804,16.100445,-95.247746,-7.953,-33689.5,25621.4,-10195.2,554.9,587.3,568.4,3.442,0,0,77,73,-9.0,0.242,1,2017-11-02 15:49:06.000
2805,16.127694,-95.254329,-5.038,-34391.8,28636.7,-13110.4,602.5,509.2,846.1,1.718,0,0,135,140,-9.0,0.217,1,2017-11-02 16:01:44.690
2806,15.44238,-94.727702,-20.232,22012.6,-47197.8,2083.5,550.8,345.0,811.9,1.762,0,0,130,198,-9.0,0.233,1,2017-11-02 22:31:47.400
2807,15.099937,-94.305469,-14.608,67338.4,-85091.3,-3540.4,1144.9,1067.2,1155.2,2.249,0,0,30,14,-9.0,0.281,1,2017-11-02 22:53:26.780
2808,15.027593,-93.522697,-37.451,19794.7,-6893.7,8217.5,1881.8,1354.2,6789.8,2.239,0,0,10,14,-9.0,0.455,2,2017-11-03 01:03:03.970
2809,15.572305,-94.766626,-34.032,17833.8,-32820.7,15883.5,538.7,771.2,1321.0,2.17,0,0,352,260,-9.0,0.199,1,2017-11-03 01:26:03.070
2810,16.09313,-95.25861,-4.815,-34853.0,24812.0,-13333.8,521.6,623.8,608.5,1.765,0,0,174,148,-9.0,0.241,1,2017-11-03 02:01:32.260
2811,15.5112,-94.762036,-31.734,18328.4,-39582.4,13586.0,898.1,951.2,1825.3,1.881,0,0,239,262,-9.0,0.209,1,2017-11-03 02:16:38.400
2812,16.482564,-95.071126,-6.623,-14769.8,67905.5,-11525.6,306.0,379.5,762.8,1.784,0,0,261,338,-9.0,0.149,1,2017-11-03 02:35:14.300
2813,16.282173,-95.193481,-2.576,-27868.7,45730.9,-15572.5,439.0,364.2,483.3,1.563,0,0,134,167,-9.0,0.165,1,2017-11-03 02:44:09.820
2814,15.129481,-94.392464,-3.905,57999.3,-81822.2,-14243.8,2205.6,1984.2,2013.2,2.573,0,0,3,1,-9.0,0.057,1,2017-11-03 03:02:22.950
2815,16.115489,-95.247192,-4.901,-33629.1,27286.1,-13247.2,317.4,348.6,473.8,1.499,0,0,176,144,-9.0,0.2,1,2017-11-03 03:15:04.330
2816,16.400536,-95.175936,-10.391,-25983.3,58828.6,-7757.1,565.6,1000.9,846.0,1.803,0,0,60,137,-9.0,0.25,1,2017-11-03 03:22:21.970
2817,14.769644,-93.965299,-39.563,-7210.0,-11209.1,2191.1,5058.5,1621.3,8840.1,2.535,0,0,12,5,-9.0,0.569,5,2017-11-03 03:25:43.300
2818,16.112043,-95.250741,-3.576,-34008.9,26904.9,-14572.1,282.9,302.3,426.2,1.305,0,0,131,138,-9.0,0.164,1,2017-11-03 03:35:51.140
2819,16.656232,-94.891691,-1.048,4417.8,87122.9,-17100.4,514.4,778.0,871.9,1.86,0,0,42,29,-9.0,0.223,1,2017-11-03 03:39:34.460
2820,16.309617,-95.057072,-15.179,-13272.3,48767.8,-2968.9,568.8,1019.0,537.0,2.132,0,0,46,71,-9.0,0.227,1,2017-11-03 04:24:25.310
2821,15.103662,-94.294735,-12.799,68488.8,-84679.2,-5349.2,1061.1,1085.7,1076.0,2.387,0,0,36,18,-9.0,0.273,1,2017-11-03 04:32:53.650
2822,16.116398,-95.247217,-4.169,-33631.4,27386.8,-13979.6,498.9,524.7,815.5,1.487,0,0,217,205,-9.0,0.213,1,2017-11-03 04:37:23.810
2823,16.519151,-95.061678,-10.598,-13757.7,71954.1,-7550.8,244.9,317.0,315.4,1.37,0,0,199,291,-9.0,0.138,1,2017-11-03 04:56:36.430
2824,15.46744,-94.691463,-24.45,25896.1,-44424.7,6301.4,444.4,328.8,336.3,1.619,0,0,226,285,-9.0,0.242,1,2017-11-03 04:58:57.770
2825,16.57626,-95.102417,-4.657,-18111.9,78273.7,-13490.6,265.7,258.4,361.8,1.393,0,0,221,248,-9.0,0.113,1,2017-11-03 05:02:18.770
2826,15.263228,-94.615788,-32.578,34026.8,-67022.0,14429.9,517.3,496.8,796.2,2.041,0,0,67,79,-9.0,0.254,1,2017-11-03 05:03:04.550
2827,16.135373,-95.255005,-10.189,-34464.1,29486.5,-7959.5,424.1,552.5,806.4,2.166,0,0,143,158,-9.0,0.224,1,2017-11-03 05:09:48.990
2828,16.470002,-95.164453,-3.294,-24751.1,66515.4,-14854.7,218.2,227.7,436.7,1.676,0,0,390,410,-9.0,0.155,1,2017-11-03 05:44:42.550
2829,16.410817,-94.962272,-11.855,-3129.5,59966.3,-6293.7,408.7,550.6,740.4,1.929,0,0,67,62,-9.0,0.158,1,2017-11-03 05:46:44.960
2830,16.298995,-95.403084,-14.911,-50292.4,47592.3,-3237.6,475.0,565.6,783.5,1.581,0,0,23,25,-9.0,0.16,1,2017-11-03 05:53:58.020
2831,16.524873,-95.082837,-4.731,-16020.4,72587.3,-13417.1,253.8,298.3,513.9,1.616,0,0,119,300,-9.0,0.137,1,2017-11-03 06:14:39.280
2832,16.477778,-95.220125,-9.095,-30704.5,67375.9,-9053.4,248.5,301.6,388.4,1.39,0,0,306,325,-9.0,0.131,1,2017-11-03 06:19:10.470
2833,16.164329,-95.253215,-2.789,-34269.7,32690.7,-15358.9,367.6,386.4,423.5,1.082,0,0,177,204,-9.0,0.172,1,2017-11-03 06:38:07.970
2834,15.784603,-94.801196,-41.708,14121.0,-9328.6,23559.2,718.4,581.7,1006.5,2.486,0,0,37,37,-9.0,0.154,1,2017-11-03 06:43:42.830
2835,15.385015,-94.693278,-34.411,25707.2,-53545.6,16262.3,621.2,812.5,1417.0,1.817,0,0,133,194,-9.0,0.244,1,2017-11-03 06:49:04.270
2836,15.931106,-95.213892,-13.978,-30077.9,6882.9,-4170.0,619.1,858.9,706.5,2.058,0,0,57,78,-9.0,0.181,1,2017-11-03 07:08:29.640
2837,15.633156,-94.911507,-30.11,2304.7,-26087.1,11962.1,570.6,645.2,1088.5,1.703,0,0,33,136,-9.0,0.269,1,2017-11-03 07:23:10.310
2838,15.523615,-94.690698,-13.118,25974.9,-38208.7,-5030.1,1187.0,979.3,905.2,3.125,0,0,2,1,-9.0,0.014,1,2017-11-03 07:38:52.850
2839,15.366409,-94.672339,-25.997,27954.1,-55604.5,7848.2,526.9,569.9,746.3,1.769,0,0,161,167,-9.0,0.25,1,2017-11-03 07:46:48.000
2840,15.525717,-94.735872,-11.757,21132.4,-37976.0,-6391.0,603.5,485.6,485.5,1.348,0,0,64,84,-9.0,0.182,1,2017-11-03 07:53:55.910
2841,16.453512,-95.118221,-0.208,-19807.9,64690.6,-17940.2,394.8,619.7,372.8,1.422,0,0,265,262,-9.0,0.207,1,2017-11-03 07:56:16.600
2842,16.144568,-95.19939,-21.039,-28510.1,30504.0,2890.7,661.1,849.2,647.1,1.267,0,0,25,30,-9.0,0.244,1,2017-11-03 08:04:19.110
2843,16.208148,-95.36582,-17.58,-46316.3,37539.5,-568.7,597.7,965.4,1001.0,1.621,0,0,29,30,-9.0,0.256,1,2017-11-03 08:08:37.000
2844,15.476463,-94.730933,-25.291,21665.1,-43426.3,7142.6,539.7,768.5,1193.0,2.134,0,0,551,412,-9.0,0.286,1,2017-11-03 08:18:01.980
2845,16.284943,-95.205786,-2.437,-29184.8,46037.4,-15711.3,390.9,340.8,422.1,1.004,0,0,96,149,-9.0,0.163,1,2017-11-03 08:24:44.320
2846,16.489584,-95.134025,-4.701,-21496.2,68682.3,-13447.6,277.1,304.8,425.8,1.621,0,0,441,368,-9.0,0.145,1,2017-11-03 08:38:00.010
2847,15.336167,-94.657357,-19.509,29562.4,-58950.9,1360.4,470.8,730.1,621.7,1.876,0,0,236,86,-9.0,0.238,1,2017-11-03 09:04:17.390
2848,15.518151,-94.675553,-31.637,27599.0,-38813.2,13488.7,505.3,528.4,982.3,1.156,0,0,169,95,-9.0,0.219,1,2017-11-03 09:13:37.960
2849,16.571144,-95.104346,-6.104,-18318.3,77707.4,-12044.6,313.2,482.5,492.1,1.776,0,0,103,266,-9.0,0.18,1,2017-11-03 09:20:53.780
2850,15.600749,-93.997445,-62.205,-2290.8,6545.0,-4645.4,3500.6,1792.5,2186.0,2.168,0,0,11,15,-9.0,0.599,7,2017-11-03 09:25:58.690
2851,16.282652,-95.199569,-2.86,-28520.2,45783.9,-15287.9,452.5,420.6,474.3,1.528,0,0,144,180,-9.0,0.195,1,2017-11-03 09:43:57.960
2852,16.464994,-95.176587,-5.38,-26048.8,65961.3,-12768.5,277.4,481.9,763.6,1.914,0,0,319,359,-9.0,0.187,1,2017-11-03 09:53:52.020
2853,15.925342,-95.230485,-4.453,-31855.4,6245.1,-13694.9,350.8,510.4,485.1,1.497,0,0,216,198,-9.0,0.186,1,2017-11-03 10:06:28.570
2854,15.514553,-94.790283,-25.641,15300.3,-39211.3,7493.0,403.5,448.0,816.2,2.496,0,0,443,244,-9.0,0.197,1,2017-11-03 10:39:19.620
2855,16.435309,-95.151685,-5.208,-23387.7,62676.4,-12939.9,505.6,774.1,963.4,2.363,0,0,227,333,-9.0,0.242,1,2017-11-03 10:46:28.310
2856,15.208144,-94.249634,-32.475,73310.2,-73117.5,14326.2,842.9,880.9,1474.2,2.262,0,0,21,17,-9.0,0.246,1,2017-11-03 14:52:35.490
2857,15.675799,-94.794417,-37.422,14851.1,-21368.5,19273.8,681.4,710.5,2315.7,1.606,0,0,26,38,-9.0,0.226,1,2017-11-03 16:17:01.400
2858,16.213429,-95.293799,-22.468,-38608.9,38123.9,4319.5,803.3,1047.8,802.8,1.312,0,0,19,17,-9.0,0.218,1,2017-11-03 16:42:05.740
2859,15.341888,-94.623771,-19.868,33163.4,-58317.9,1719.7,391.5,462.4,568.8,2.305,0,0,186,162,-9.0,0.229,1,2017-11-03 19:29:47.340
2860,15.162892,-93.791935,-31.507,-9151.6,8076.9,2274.1,1265.5,1204.1,1786.8,2.499,0,0,23,32,-9.0,0.404,2,2017-11-03 22:18:03.200
2861,15.275162,-94.822306,-47.537,11874.6,-65701.6,29388.7,1167.3,1115.9,2397.4,1.849,0,0,16,12,-9.0,0.271,1,2017-11-03 22:37:20.620
2862,15.413442,-94.682129,-21.099,26900.4,-50399.9,2950.7,480.0,371.3,765.7,2.361,0,0,439,372,-9.0,0.239,1,2017-11-03 22:48:02.160
2863,15.066534,-93.566024,-29.913,15134.6,-2584.9,679.9,1759.1,1099.6,2215.3,2.091,0,0,27,36,-9.0,0.474,2,2017-11-03 23:11:37.440
2864,16.245498,-95.217896,-4.376,-30483.2,41672.5,-13772.6,443.8,481.7,472.4,2.285,0,0,152,190,-9.0,0.194,1,2017-11-03 23:24:02.740
2865,15.374125,-94.705233,-29.886,24425.7,-54750.7,11737.2,416.7,532.6,741.7,2.366,0,0,350,365,-9.0,0.264,1,2017-11-03 23:29:42.360
2866,15.492801,-94.685718,-22.762,26510.6,-41618.4,4613.9,707.7,484.4,1049.9,1.995,0,0,130,69,-9.0,0.239,1,2017-11-04 00:01:26.210
2867,15.385326,-94.717773,-2.879,23080.7,-53511.2,-15269.1,839.9,724.2,804.6,1.728,0,0,28,12,-9.0,0.233,1,2017-11-04 00:07:52.510
2868,16.255075,-95.165137,-7.4,-24837.0,42732.3,-10747.9,365.4,405.5,457.9,1.648,0,0,115,147,-9.0,0.161,1,2017-11-04 01:34:50.950
2869,16.601496,-94.627507,-5.504,-1039.3,494.0,-219.1,312.8,221.0,666.5,2.574,0,0,9,9,-9.0,0.115,13,2017-11-04 01:51:09.680
2870,16.238466,-95.243856,-4.013,-33262.0,40894.5,-14135.8,562.8,657.2,786.4,1.321,0,0,110,153,-9.0,0.131,1,2017-11-04 02:43:50.370
2871,16.098091,-95.067985,-11.999,-14447.5,25361.0,-6149.4,399.4,708.2,791.5,1.866,0,0,18,27,-9.0,0.253,1,2017-11-04 03:19:24.400
2872,16.342371,-95.064876,-15.241,-14106.1,52392.2,-2907.6,704.0,990.3,606.8,1.863,0,0,45,61,-9.0,0.254,1,2017-11-04 03:34:12.660
2873,15.117069,-93.786971,-29.705,-8618.4,3006.7,471.8,1199.0,762.6,915.5,2.201,0,0,29,32,-9.0,0.205,2,2017-11-04 04:39:30.400
2874,15.944804,-95.147518,-33.857,-22969.8,8398.8,15708.6,1455.6,1253.8,4193.7,1.735,0,0,2,2,-9.0,0.173,1,2017-11-04 04:46:50.890
2875,15.475154,-94.753206,-28.283,19276.5,-43571.2,10134.4,510.3,615.5,648.1,1.715,0,0,239,167,-9.0,0.204,1,2017-11-04 04:51:44.190
2876,15.480676,-94.702311,-25.594,24732.4,-42960.0,7445.8,508.4,551.6,770.1,2.139,0,0,325,329,-9.0,0.257,1,2017-11-04 05:02:29.030
2877,15.506849,-94.73964,-34.87,20729.7,-40063.9,16721.5,707.0,496.0,2122.7,2.164,0,0,387,290,-9.0,0.205,1,2017-11-04 05:07:06.000
2878,15.431389,-94.654582,-21.825,29852.9,-48414.0,3676.3,455.7,416.3,697.4,1.351,0,0,222,173,-9.0,0.213,1,2017-11-04 05:45:52.580
2879,16.523612,-95.045231,-4.036,-11999.4,72447.7,-14112.0,270.5,265.0,552.8,0.833,0,0,172,188,-9.0,0.141,1,2017-11-04 06:21:27.780
2880,16.435755,-95.135604,-1.254,-21667.3,62725.8,-16894.2,401.9,658.8,380.4,2.312,0,0,185,246,-9.0,0.173,1,2017-11-04 06:48:34.470
2881,14.842202,-93.680998,-22.751,2599.9,2268.4,-3529.4,4743.2,3967.5,6141.0,1.663,0,0,2,3,-9.0,0.359,25,2017-11-04 07:33:48.580
2882,14.90134,-94.179159,-26.211,80930.1,-107067.5,8062.3,751.4,871.7,1142.7,2.588,0,0,31,19,-9.0,0.213,1,2017-11-04 07:36:10.230
2883,15.425159,-94.556738,-32.469,40344.1,-49103.5,14321.0,513.7,616.7,893.0,2.223,0,0,96,79,-9.0,0.179,1,2017-11-04 07:58:05.300
2884,15.493974,-94.743669,-30.452,20298.1,-41488.5,12303.5,444.7,478.8,945.4,1.679,0,0,260,301,-9.0,0.216,1,2017-11-04 08:09:11.510
2885,15.159419,-94.340422,-27.902,63578.7,-78509.3,9753.9,957.5,854.4,1192.7,2.217,0,0,51,26,-9.0,0.234,1,2017-11-04 08:17:56.410
2886,16.026325,-95.27784,-12.441,-36917.5,17419.7,-5707.6,447.3,511.1,865.8,2.309,0,0,87,87,-9.0,0.168,1,2017-11-04 08:32:39.070
2887,15.431754,-94.657935,-19.357,29493.5,-48373.6,1208.2,468.5,465.4,547.2,1.777,0,0,240,223,-9.0,0.221,1,2017-11-04 08:37:33.880
2888,15.492968,-94.714714,-13.237,23402.6,-41599.9,-4911.2,555.1,439.3,511.6,2.097,0,0,93,91,-9.0,0.256,1,2017-11-04 08:50:52.510
2889,16.342163,-95.103239,-13.879,-18210.2,52369.2,-4269.8,648.3,994.1,738.4,1.587,0,0,59,75,-9.0,0.224,1,2017-11-04 09:29:31.140
2890,15.602402,-94.8205,-30.154,12058.4,-29490.3,12006.0,551.3,716.1,1170.3,1.723,0,0,106,64,-9.0,0.233,1,2017-11-04 09:39:45.260
2891,15.482607,-94.672062,-15.093,27975.9,-42746.4,-3055.1,504.0,531.2,575.5,1.91,0,0,107,139,-9.0,0.215,1,2017-11-04 09:41:20.350
2892,16.478253,-95.166414,-5.074,-24959.9,67428.5,-13074.6,248.0,263.6,935.4,1.879,0,0,382,440,-9.0,0.143,1,2017-11-04 09:42:19.830
2893,15.477138,-94.661214,-28.347,29138.8,-43351.5,10199.0,557.7,555.2,951.9,1.44,0,0,201,167,-9.0,0.228,1,2017-11-04 11:06:43.490
2894,15.636539,-94.800618,-32.438,14188.2,-25712.9,14289.8,520.8,596.4,1027.5,2.711,0,0,195,169,-9.0,0.236,1,2017-11-04 12:47:34.000
2895,16.445133,-95.446484,-1.159,-54916.3,63763.6,-16989.1,750.3,1077.5,643.8,1.777,0,0,1,1,-9.0,0.004,1,2017-11-04 15:02:16.640
2896,16.370633,-95.192236,-17.298,-27729.3,55519.6,-850.0,594.2,907.9,667.5,2.883,0,0,61,84,-9.0,0.221,1,2017-11-04 15:11:29.300
2897,15.506906,-94.628255,-9.833,32670.0,-40057.6,-8315.1,611.1,666.1,499.4,2.141,0,0,66,79,-9.0,0.228,1,2017-11-04 16:11:17.180
2898,16.092174,-93.538005,-111.49,-1899.9,-1994.6,-4684.9,5988.5,7412.6,3368.4,2.988,0,0,3,4,-9.0,0.419,20,2017-11-04 16:43:40.500
2899,16.079498,-95.007715,-70.289,1361.8,1532.3,2228.9,4657.3,4593.1,4522.5,2.116,0,0,4,4,-9.0,0.313,19,2017-11-04 16:45:33.810
2900,16.113636,-95.247363,-6.036,-33648.0,27081.2,-12112.7,522.2,581.7,967.3,2.875,0,0,185,192,-9.0,0.213,1,2017-11-04 17:53:52.960
2901,16.281199,-97.833805,-14.34,962.5,437.0,-1860.1,36.9,58.1,68.8,1.084,0,0,3,2,-9.0,0.044,18,2017-11-04 18:04:12.920
2902,15.532004,-93.972257,-68.887,411.5,-1061.9,2037.4,1295.5,966.7,912.5,2.827,0,0,11,25,-9.0,0.418,7,2017-11-04 18:08:00.280
2903,15.092685,-94.409098,-27.85,56218.8,-85893.8,9701.4,621.6,675.2,731.9,2.428,0,0,78,38,-9.0,0.236,1,2017-11-04 20:38:43.640
2904,16.454193,-95.22876,-10.302,-31629.7,64766.0,-7846.2,549.5,483.5,960.0,2.007,0,0,106,232,-9.0,0.231,1,2017-11-04 20:50:47.080
2905,15.027502,-93.52535,-26.543,19509.2,-6903.7,-2689.8,629.7,627.4,1734.3,2.822,0,0,26,31,-9.0,0.389,2,2017-11-04 21:38:27.620
2906,16.107508,-97.580216,-10.236,-694.6,-1367.2,335.2,307.9,365.4,613.4,2.891,0,0,28,27,-9.0,0.167,3,2017-11-04 21:50:27.380
2907,15.230055,-94.58881,-19.909,36922.8,-70693.0,1760.6,552.9,698.7,843.1,2.566,0,0,108,56,-9.0,0.249,1,2017-11-05 01:19:06.620
2908,16.554208,-95.134814,-11.613,-21576.8,75833.4,-6535.6,304.9,254.9,273.5,2.514,0,0,276,329,-9.0,0.141,1,2017-11-05 03:12:12.770
2909,16.023766,-95.181136,-9.779,-26564.2,17136.4,-8369.1,358.9,368.1,519.9,2.972,0,0,221,209,-9.0,0.154,1,2017-11-05 04:09:45.010
2910,16.518595,-95.061483,-10.95,-13737.5,71892.6,-7198.4,269.0,289.2,283.1,1.435,0,0,150,282,-9.0,0.123,1,2017-11-05 04:12:31.110
2911,15.026274,-93.537996,-20.1,18149.4,-7039.7,-9133.2,1761.0,1034.0,2258.8,2.014,0,0,14,20,-9.0,0.302,2,2017-11-05 04:18:23.020
2912,15.276766,-94.469678,-10.955,49696.7,-65524.1,-7193.7,738.7,846.9,945.0,2.513,0,0,64,61,-9.0,0.234,1,2017-11-05 04:25:11.520
2913,16.249058,-95.235148,-6.378,-32329.2,42066.4,-11770.2,667.3,626.0,859.6,1.408,0,0,141,151,-9.0,0.216,1,2017-11-05 04:38:17.940
2914,16.287104,-95.37714,-30.348,-47518.2,46276.5,12199.2,407.9,591.5,1128.6,1.467,0,0,13,14,-9.0,0.176,1,2017-11-05 04:50:08.510
2915,16.129099,-95.032357,-0.433,-10633.4,28792.2,-17715.5,1009.1,1509.0,797.0,2.289,0,0,10,6,-9.0,0.243,1,2017-11-05 04:53:18.410
2916,16.181557,-95.026383,-15.285,-9992.6,34597.1,-2863.3,631.3,1057.0,852.9,1.494,0,0,4,11,-9.0,0.193,1,2017-11-05 05:01:50.850
2917,15.572119,-94.906925,-27.851,2796.6,-32841.3,9702.7,576.1,792.9,1232.5,1.648,0,0,98,121,-9.0,0.221,1,2017-11-05 05:46:48.920
2918,16.480362,-95.238534,-8.821,-32672.7,67661.8,-9327.6,266.1,312.8,453.6,1.792,0,0,218,313,-9.0,0.143,1,2017-11-05 05:56:50.980
2919,16.299816,-95.179321,-3.553,-26352.3,47683.2,-14595.2,434.5,357.7,525.0,0.96,0,0,95,151,-9.0,0.129,1,2017-11-05 07:04:33.430
2920,15.090782,-93.813086,-28.906,-11426.5,98.1,-326.9,1679.8,1025.7,2052.4,2.589,0,0,33,32,-9.0,0.281,2,2017-11-05 07:53:44.630
2921,16.477619,-95.578809,-3.268,-69063.0,67358.4,-14880.2,568.3,539.0,540.7,1.669,0,0,13,9,-9.0,0.121,1,2017-11-05 08:00:03.480
2922,16.535951,-95.110653,-11.682,-18993.8,73813.0,-6466.7,273.9,268.4,259.3,1.346,0,0,249,346,-9.0,0.126,1,2017-11-05 08:21:33.870
2923,16.474733,-95.22356,-3.103,-31071.4,67038.9,-15045.3,420.1,586.7,493.1,1.569,0,0,168,248,-9.0,0.178,1,2017-11-05 08:25:10.680
2924,15.573897,-94.579647,-31.46,37874.4,-32644.5,13311.5,636.7,686.6,1182.1,2.173,0,0,59,58,-9.0,0.221,1,2017-11-05 08:31:58.810
2925,15.601391,-94.788102,-10.548,15531.0,-29602.2,-7599.9,633.5,590.5,556.6,1.542,0,0,35,40,-9.0,0.212,1,2017-11-05 08:38:24.950
2926,15.497609,-94.705208,-11.845,24420.9,-41086.3,-6303.5,647.7,609.5,707.9,1.483,0,0,106,114,-9.0,0.221,1,2017-11-05 09:09:25.060
2927,15.025389,-94.323918,-24.22,65369.9,-93340.6,6071.6,669.6,620.0,749.9,2.188,0,0,73,43,-9.0,0.231,1,2017-11-05 09:24:37.280
2928,15.691871,-94.937931,-25.194,-527.1,-19590.0,7045.9,515.4,564.4,784.8,1.903,0,0,107,90,-9.0,0.212,1,2017-11-05 09:52:31.210
2929,15.108967,-93.869002,-28.139,-17437.6,2110.3,-1094.4,1570.4,965.9,1716.2,2.238,0,0,27,28,-9.0,0.34,2,2017-11-05 09:56:58.790
2930,15.024067,-94.303369,-49.722,67575.7,-93486.9,31573.9,679.5,611.6,1392.7,2.647,0,0,83,66,-9.0,0.244,1,2017-11-05 10:21:11.630
2931,16.461196,-95.156657,-2.05,-23918.1,65540.9,-16098.6,269.7,280.4,334.2,1.084,0,0,244,343,-9.0,0.159,1,2017-11-05 10:31:38.510
2932,16.672636,-95.02417,-10.596,-9743.5,88938.2,-7552.6,278.2,203.9,770.4,1.441,0,0,33,34,-9.0,0.101,1,2017-11-05 10:40:57.130
2933,15.2421,-94.624349,-30.972,33109.5,-69360.1,12823.7,505.8,580.7,741.1,1.616,0,0,67,54,-9.0,0.228,1,2017-11-05 11:53:45.560
2934,15.363005,-94.42596,-30.556,54374.8,-55981.2,12407.9,1347.5,1471.7,2396.3,2.063,0,0,18,15,-9.0,0.248,1,2017-11-05 12:29:17.930
2935,15.122478,-94.487492,-28.481,47803.9,-82597.0,10332.4,1178.1,1066.0,1059.8,1.815,0,0,26,2,-9.0,0.211,1,2017-11-05 12:33:19.630
2936,16.245694,-95.328198,-44.391,-625.3,214.8,1226.3,2171.9,2359.3,4623.7,1.44,0,0,6,4,-9.0,0.235,36,2017-11-05 13:02:13.750
2937,15.55722,-94.838395,-44.117,10142.1,-34489.9,25968.3,533.5,415.1,1146.0,2.53,0,0,343,246,-9.0,0.238,1,2017-11-05 14:22:38.950
2938,16.452868,-95.160433,-1.643,-24321.7,64619.4,-16505.8,416.9,619.8,381.4,2.904,0,0,141,240,-9.0,0.171,1,2017-11-05 14:46:30.430
2939,15.363942,-94.583162,-9.623,37516.8,-55877.4,-8525.4,752.3,628.7,795.3,2.734,0,0,94,55,-9.0,0.212,1,2017-11-05 16:37:27.560
2940,16.115802,-97.575993,-8.081,-242.8,-449.5,-1820.7,276.9,634.7,820.7,2.928,0,0,28,26,-9.0,0.173,3,2017-11-05 16:53:48.040
2941,16.409589,-95.23702,-45.491,-32516.1,59830.2,27342.4,638.3,550.3,646.7,2.359,0,0,12,6,-9.0,0.243,1,2017-11-05 18:01:23.920
2942,15.749618,-94.904679,-21.098,3035.5,-13199.9,2949.3,1079.2,831.9,1712.2,3.548,0,0,7,5,-9.0,0.186,1,2017-11-05 19:24:07.840
2943,15.05933,-94.355819,-32.378,61941.4,-89584.8,14229.3,637.4,648.6,813.2,2.391,0,0,121,71,-9.0,0.215,1,2017-11-05 19:50:22.560
2944,15.718889,-95.090495,-27.851,-16872.6,-16600.2,9702.3,1224.7,1239.0,2467.1,1.704,0,0,19,15,-9.0,0.195,1,2017-11-05 20:39:58.540
2945,15.582485,-95.06875,-21.026,-14548.1,-31694.2,2877.7,2572.9,3661.6,3726.2,2.074,0,0,0,2,-9.0,0.136,1,2017-11-05 20:56:27.140
2946,16.481396,-95.10568,-3.542,-18465.1,67776.3,-14606.8,400.8,403.7,332.3,2.064,0,0,277,407,-9.0,0.166,1,2017-11-05 21:00:20.120
2947,15.259931,-94.314209,-31.094,66374.9,-67386.9,12945.5,869.8,1104.2,1752.6,2.196,0,0,24,24,-9.0,0.237,1,2017-11-05 23:04:15.880
2948,15.966196,-94.905192,-56.131,-679.0,-3602.3,2141.0,1464.6,2766.5,3116.0,1.807,0,0,4,4,-9.0,0.223,31,2017-11-05 23:48:38.140
2949,15.551344,-94.849341,-30.157,8968.6,-35140.2,12008.9,470.4,601.8,855.9,1.869,0,0,96,286,-9.0,0.255,1,2017-11-06 01:40:04.240
2950,15.481252,-94.662378,-15.693,29013.8,-42896.3,-2455.4,585.3,593.5,718.8,2.45,0,0,283,201,-9.0,0.251,1,2017-11-06 01:56:56.510
2951,16.425315,-95.14751,-10.541,-22941.9,61570.6,-7607.3,328.2,470.7,841.1,1.609,0,0,240,342,-9.0,0.144,1,2017-11-06 02:53:44.820
2952,15.096786,-93.736654,-38.766,-3210.2,762.5,9532.4,1398.6,482.3,1763.3,2.565,0,0,26,23,-9.0,0.338,2,2017-11-06 03:22:48.510
2953,16.474268,-95.165999,-5.203,-24916.3,66987.4,-12945.6,256.6,234.1,833.6,1.899,0,0,350,410,-9.0,0.123,1,2017-11-06 03:38:49.900
2954,15.062359,-94.264535,-20.244,71736.6,-89249.6,2095.8,846.7,816.8,1053.9,2.035,0,0,39,15,-9.0,0.28,1,2017-11-06 03:42:47.820
2955,16.514213,-95.248006,-0.488,-33682.8,71407.6,-17660.4,470.1,683.3,368.6,1.539,0,0,130,182,-9.0,0.177,1,2017-11-06 04:14:19.070
2956,15.557303,-94.843368,-24.921,9609.2,-34480.8,6772.7,572.2,590.8,765.2,1.721,0,0,252,238,-9.0,0.238,1,2017-11-06 04:34:53.650
2957,16.388297,-95.168457,-18.312,-25184.1,57474.2,163.2,1010.1,984.6,868.9,1.73,0,0,23,21,-9.0,0.181,1,2017-11-06 04:58:02.570
2958,16.253937,-95.232332,-3.612,-32027.6,42606.4,-14536.7,320.6,332.0,392.9,1.559,0,0,136,125,-9.0,0.147,1,2017-11-06 05:00:31.290
2959,15.643491,-94.928866,-16.265,444.8,-24943.6,-1883.9,788.6,584.3,577.3,1.739,0,0,38,55,-9.0,0.213,1,2017-11-06 05:26:58.780
2960,15.382435,-94.688656,-28.581,26203.0,-53831.1,10432.7,375.7,684.5,1131.7,1.929,0,0,219,258,-9.0,0.23,1,2017-11-06 06:01:27.910
2961,16.425155,-95.151855,-11.092,-23406.3,61552.8,-7055.9,233.9,239.2,395.1,1.575,0,0,239,343,-9.0,0.149,1,2017-11-06 07:05:27.790
2962,16.127589,-95.245809,-5.662,-33480.5,28625.1,-12486.0,409.6,488.8,1029.8,0.814,0,0,138,144,-9.0,0.187,1,2017-11-06 07:07:53.330
2963,15.349001,-94.531429,-0.449,43066.1,-57530.8,-17699.3,807.0,1024.0,1022.7,1.326,0,0,15,14,-9.0,0.264,1,2017-11-06 07:12:39.640
2964,15.15658,-94.471558,-28.642,49509.4,-78823.5,10493.9,506.3,543.2,799.2,2.229,0,0,74,49,-9.0,0.191,1,2017-11-06 07:18:43.790
2965,15.841912,-95.130965,-16.215,-21202.7,-2986.9,-1933.7,877.5,789.7,987.9,1.894,0,0,12,13,-9.0,0.232,1,2017-11-06 07:32:20.890
2966,15.204109,-93.984465,-34.576,-29843.2,12637.5,5343.1,2992.2,848.2,4774.4,2.793,0,0,8,12,-9.0,0.451,2,2017-11-06 07:33:18.060
2967,15.388741,-94.639535,-12.427,31469.9,-53133.3,-5721.5,1269.4,776.5,871.7,1.993,0,0,188,128,-9.0,0.311,1,2017-11-06 07:38:34.770
2968,16.193734,-95.230526,-10.875,-31839.2,35944.5,-7273.4,1087.1,1532.2,892.0,0.81,0,0,92,137,-9.0,0.35,1,2017-11-06 07:43:31.850
2969,15.488659,-94.799357,-21.349,14328.7,-42076.8,3200.4,404.7,465.3,946.3,1.609,0,0,224,129,-9.0,0.229,1,2017-11-06 08:09:29.040
2970,14.873958,-94.213794,-31.392,77216.6,-110097.4,13244.0,794.1,962.3,1355.8,2.413,0,0,29,22,-9.0,0.221,1,2017-11-06 08:30:45.380
2971,16.267962,-95.362923,-10.141,-45999.8,44158.4,-8007.5,553.4,626.0,772.2,0.771,0,0,36,35,-9.0,0.163,1,2017-11-06 08:34:14.530
2972,15.629413,-94.876676,-55.062,6037.6,-26501.4,36913.8,558.8,705.7,1088.3,2.618,0,0,95,106,-9.0,0.199,1,2017-11-06 08:36:41.420
2973,15.451302,-94.764591,-17.184,18057.1,-46210.5,-964.8,519.1,665.9,754.9,2.536,0,0,213,99,-9.0,0.232,1,2017-11-06 08:38:08.510
2974,15.173305,-94.602279,-22.11,35483.0,-76972.7,3962.1,752.2,867.5,767.2,2.079,0,0,30,29,-9.0,0.229,1,2017-11-06 08:48:44.270
2975,16.531858,-95.148356,-12.215,-23025.8,73360.2,-5933.1,296.0,281.0,322.3,1.791,0,0,259,359,-9.0,0.117,1,2017-11-06 09:17:36.430
2976,15.890848,-95.071354,-14.065,-14815.7,2428.1,-4083.2,654.1,852.2,746.3,1.593,0,0,84,37,-9.0,0.141,1,2017-11-06 09:34:21.490
2977,16.085504,-95.149422,-7.943,-23165.7,23968.2,-10205.6,361.4,468.3,671.5,1.655,0,0,135,149,-9.0,0.175,1,2017-11-06 10:22:20.770
2978,16.522025,-95.397689,-0.212,-49687.5,72272.0,-17936.9,955.3,966.6,824.7,2.445,0,0,7,2,-9.0,0.223,1,2017-11-06 10:34:42.010
2979,16.412002,-95.086296,-63.421,2761.2,-3081.7,2885.5,2813.9,3871.3,4022.9,1.781,0,0,3,5,-9.0,0.248,16,2017-11-06 10:37:39.760
2980,16.4287,-98.462996,-12.64,-1014.4,-3779.1,3990.0,513.2,354.0,471.4,1.275,0,0,3,3,-9.0,0.101,34,2017-11-06 13:10:40.760
2981,15.256883,-94.615047,-15.481,34105.9,-67724.3,-2667.6,779.3,723.4,861.2,2.005,0,0,57,31,-9.0,0.207,1,2017-11-06 16:30:26.530
2982,16.367143,-95.078776,-14.574,-15592.2,55133.4,-3574.2,656.7,1036.1,733.4,2.56,0,0,66,105,-9.0,0.272,1,2017-11-06 17:21:17.560
2983,15.549696,-94.834465,-23.04,10563.2,-35322.5,4891.5,572.5,563.9,886.0,2.719,0,0,219,87,-9.0,0.226,1,2017-11-06 19:47:01.060
2984,15.57817,-94.957576,-25.804,-2632.6,-32171.7,7655.6,703.6,821.2,1100.0,2.084,0,0,59,39,-9.0,0.28,1,2017-11-06 21:20:00.720
2985,15.103723,-94.373112,-24.464,60079.1,-84672.4,6315.2,808.2,599.8,996.7,3.009,0,0,57,25,-9.0,0.294,1,2017-11-06 23:33:39.360
2986,15.258945,-94.49939,-31.234,46512.0,-67496.1,13086.1,881.2,977.9,1132.2,1.911,0,0,68,64,-9.0,0.208,1,2017-11-07 02:37:17.080
2987,16.887086,-95.730518,-0.024,733.3,-82.6,-23.1,24064.5,47849.2,23432.7,1.335,0,0,4,7,-9.0,1.191,10,2017-11-07 03:59:20.070
2988,15.546503,-93.913517,-72.199,6712.3,542.5,5348.5,1442.0,241.6,706.2,3.257,0,0,10,15,-9.0,0.228,7,2017-11-07 04:15:08.830
2989,16.300354,-95.151945,-3.068,-23423.4,47742.8,-15080.6,487.7,488.3,688.4,1.336,0,0,124,107,-9.0,0.164,1,2017-11-07 04:36:52.450
2990,15.487256,-94.766187,-26.628,17884.5,-42231.9,8480.1,316.9,507.6,811.4,2.065,0,0,628,350,-9.0,0.218,1,2017-11-07 04:47:18.270
2991,16.694001,-94.918392,-4.703,1563.2,91302.4,-13444.9,453.3,316.0,683.6,2.335,0,0,11,7,-9.0,0.106,1,2017-11-07 05:16:10.440
2992,16.309196,-95.387769,-24.9,-48652.7,48721.1,6751.5,475.8,850.0,1442.9,0.981,0,0,15,13,-9.0,0.148,1,2017-11-07 05:21:14.580
2993,16.446712,-95.207218,-10.119,-29325.8,63938.2,-8029.4,241.7,276.9,366.3,1.909,0,0,274,333,-9.0,0.129,1,2017-11-07 05:28:57.930
2994,16.068522,-95.231616,-8.492,-31965.2,22089.0,-9656.5,336.2,420.6,575.4,1.345,0,0,206,201,-9.0,0.154,1,2017-11-07 06:13:43.350
2995,15.445464,-94.627279,-24.908,32779.3,-46856.6,6759.6,441.4,499.0,679.3,1.888,0,0,382,245,-9.0,0.216,1,2017-11-07 06:46:30.340
2996,15.36543,-94.710262,-39.29,23887.2,-55712.8,21141.7,714.6,742.9,2203.0,3.056,0,0,59,86,-9.0,0.235,1,2017-11-07 06:51:52.420
2997,15.419175,-94.681462,-26.91,26972.3,-49765.6,8762.0,1312.0,889.3,2649.4,3.056,0,0,222,54,-9.0,0.196,1,2017-11-07 06:51:52.800
2998,16.459104,-94.99445,-11.547,-6570.0,65309.5,-6601.6,317.0,397.2,557.3,1.209,0,0,100,133,-9.0,0.15,1,2017-11-07 07:02:10.630
2999,15.311893,-94.626351,-16.769,32889.9,-61637.1,-1378.9,645.2,426.6,530.7,1.98,0,0,180,121,-9.0,0.203,1,2017-11-07 07:09:28.440
3000,15.534367,-94.653003,-27.695,30015.4,-37018.8,9547.1,501.5,639.4,861.5,1.977,0,0,264,204,-9.0,0.197,1,2017-11-07 08:21:18.140
3001,16.329648,-95.026628,-4.736,-10015.2,50984.3,-13412.7,425.4,569.8,763.7,1.803,0,0,75,83,-9.0,0.206,1,2017-11-07 08:33:39.230
3002,15.6348,-93.406991,-93.58,2799.5,3790.0,659.9,704.5,541.0,440.0,1.738,0,0,5,5,-9.0,0.19,22,2017-11-07 08:40:24.440
3003,15.101546,-94.415365,-21.013,55545.8,-84913.2,2864.7,729.7,545.5,682.1,2.038,0,0,68,30,-9.0,0.242,1,2017-11-07 09:00:18.450
3004,16.371705,-95.092432,-25.35,-17052.5,55638.2,7201.6,879.7,1406.9,1295.7,2.443,0,0,5,7,-9.0,0.195,1,2017-11-07 09:15:21.200
3005,15.434362,-94.689396,-18.876,26120.0,-48085.1,727.5,493.0,482.3,799.8,1.173,0,0,208,198,-9.0,0.258,1,2017-11-07 09:47:38.880
3006,15.207429,-94.604069,-29.101,35288.4,-73196.7,10952.3,830.6,917.0,778.3,2.191,0,0,86,83,-9.0,0.264,1,2017-11-07 10:03:07.940
3007,16.690168,-94.898568,-3.706,3681.9,90878.3,-14442.9,234.6,175.4,260.6,1.863,0,0,68,58,-9.0,0.094,1,2017-11-07 10:14:57.120
3008,15.065267,-93.630501,-23.728,8202.4,-2725.2,-5505.4,1741.8,1719.0,2564.8,1.956,0,0,18,23,-9.0,0.427,2,2017-11-07 10:23:28.470
3009,16.368314,-94.947803,-10.544,-1581.4,55262.9,-7604.3,396.6,494.4,746.9,1.781,0,0,58,62,-9.0,0.138,1,2017-11-07 10:41:40.380
3010,15.475659,-94.791064,-30.661,15218.1,-43515.3,12512.7,424.3,617.7,891.9,1.84,0,0,333,363,-9.0,0.205,1,2017-11-07 10:54:36.370
3011,16.472917,-95.587183,-0.616,-69958.9,66837.9,-17532.2,543.5,530.6,432.8,1.568,0,0,14,14,-9.0,0.177,1,2017-11-07 11:58:07.460
3012,16.468417,-95.168343,-4.696,-25167.5,66340.1,-13452.1,260.6,269.0,345.2,1.933,0,0,264,374,-9.0,0.147,1,2017-11-07 12:06:53.310
3013,15.713316,-94.814185,-34.965,12732.0,-17216.9,16817.1,663.1,645.4,1188.1,2.888,0,0,113,74,-9.0,0.194,1,2017-11-07 14:12:07.610
3014,15.109015,-94.36665,-16.301,60771.7,-84086.8,-1847.7,872.4,723.5,903.9,3.113,0,0,65,28,-9.0,0.272,1,2017-11-07 15:33:56.490
3015,15.636063,-94.820931,-27.641,12011.2,-25765.5,9492.9,583.0,557.1,885.2,3.035,0,0,208,144,-9.0,0.259,1,2017-11-07 15:48:50.710
3016,15.622535,-94.895809,-24.883,3987.5,-27262.4,6734.7,802.7,852.2,989.5,2.127,0,0,112,121,-9.0,0.249,1,2017-11-07 16:42:08.430
3017,16.360964,-95.149634,-16.542,-23172.5,54449.7,-1606.4,642.5,922.9,633.9,1.945,0,0,84,106,-9.0,0.271,1,2017-11-07 22:09:27.920
3018,15.563774,-94.954761,-28.409,-2330.9,-33764.8,10261.0,769.9,706.3,1147.7,1.838,0,0,65,72,-9.0,0.282,1,2017-11-08 00:38:41.350
3019,16.11171,-95.2521,-6.365,-34154.6,26868.0,-11783.1,460.2,413.8,1000.1,1.545,0,0,167,123,-9.0,0.182,1,2017-11-08 01:45:17.520
3020,16.521103,-95.061654,-12.521,-13755.3,72170.1,-5627.1,249.9,307.3,464.2,1.822,0,0,233,272,-9.0,0.143,1,2017-11-08 03:07:13.450
3021,16.412869,-94.962931,-12.543,-3199.6,60193.3,-5605.5,285.4,397.2,592.2,1.627,0,0,57,74,-9.0,0.152,1,2017-11-08 03:21:02.450
3022,16.253948,-95.217489,-5.59,-30439.1,42607.6,-12558.3,363.9,282.1,389.7,1.055,0,0,126,156,-9.0,0.155,1,2017-11-08 04:15:11.260
3023,15.382145,-94.629915,-21.982,32501.5,-53863.2,3833.6,387.7,338.2,730.0,2.377,0,0,311,143,-9.0,0.224,1,2017-11-08 04:44:33.720
3024,15.163261,-94.244873,-4.852,73829.0,-78084.2,-13296.5,1298.5,1798.2,1969.0,1.705,0,0,5,6,-9.0,0.15,1,2017-11-08 05:23:30.120
3025,15.476503,-94.764071,-21.639,18111.6,-43421.8,3490.6,525.3,699.0,876.0,2.109,0,0,367,141,-9.0,0.235,1,2017-11-08 05:27:47.470
3026,16.248479,-95.418311,-13.554,-51928.8,42002.5,-4594.1,470.0,531.6,534.1,0.787,0,0,34,34,-9.0,0.199,1,2017-11-08 06:05:28.210
3027,15.173424,-94.230103,-0.757,75412.1,-76959.5,-17391.6,1386.3,1928.5,1857.5,1.441,0,0,3,4,-9.0,0.087,1,2017-11-08 06:57:15.160
3028,16.130499,-95.162972,-18.214,-24613.0,28947.2,65.8,797.3,808.2,505.7,2.726,0,0,11,17,-9.0,0.187,1,2017-11-08 07:00:07.150
3029,16.485968,-95.180355,-10.101,-26450.6,68282.2,-8047.0,293.0,274.8,517.0,1.13,0,0,303,422,-9.0,0.128,1,2017-11-08 07:04:38.230
3030,14.988622,-94.229883,-32.493,75468.3,-97409.1,14344.9,604.9,680.2,936.5,1.99,0,0,60,64,-9.0,0.266,1,2017-11-08 07:43:30.860
3031,15.507416,-94.652694,-10.59,30050.1,-40001.1,-7557.9,738.8,547.1,736.7,2.053,0,0,94,84,-9.0,0.283,1,2017-11-08 07:57:41.050
3032,15.769543,-95.020589,-32.545,-9381.3,-10995.0,14396.5,556.0,754.9,843.3,1.794,0,0,44,43,-9.0,0.168,1,2017-11-08 08:07:38.280
3033,15.234359,-94.503548,-35.945,46068.9,-70216.7,17796.8,822.3,749.9,1540.3,1.632,0,0,54,65,-9.0,0.286,1,2017-11-08 08:09:57.120
3034,16.452936,-95.189144,-8.129,-27392.9,64627.0,-10019.7,235.2,278.5,755.7,1.395,0,0,247,355,-9.0,0.125,1,2017-11-08 08:25:36.830
3035,16.53917,-95.147388,-11.279,-22922.4,74169.4,-6869.2,280.4,297.6,354.8,1.054,0,0,236,270,-9.0,0.134,1,2017-11-08 08:37:23.320
3036,15.263855,-94.582153,-23.306,37634.4,-66952.8,5158.1,333.5,724.5,633.5,2.018,0,0,229,170,-9.0,0.232,1,2017-11-08 08:57:58.200
3037,16.609996,-94.796338,-11.288,14611.5,82006.7,-6860.8,418.9,953.9,1014.6,2.216,0,0,8,7,-9.0,0.103,1,2017-11-08 10:01:15.920
3038,15.427328,-94.666235,-17.017,28603.9,-48863.3,-1131.4,761.5,487.0,843.1,1.508,0,0,250,108,-9.0,0.254,1,2017-11-08 10:30:03.120
3039,15.360064,-94.58457,-7.622,37365.7,-56306.6,-10526.3,1091.5,655.5,738.9,2.347,0,0,78,19,-9.0,0.206,1,2017-11-08 11:03:46.220
3040,16.123098,-95.197371,-14.212,-28295.9,28128.1,-3936.7,831.2,955.7,1059.4,2.47,0,0,16,31,-9.0,0.308,1,2017-11-08 11:04:29.540
3041,15.809568,-94.814437,-46.856,12702.1,-6566.0,28707.9,624.2,601.1,711.6,2.545,0,0,68,49,-9.0,0.171,1,2017-11-08 11:19:45.610
3042,15.375419,-94.686743,-21.267,26408.6,-54607.5,3119.1,573.8,520.2,749.9,2.072,0,0,281,197,-9.0,0.27,1,2017-11-08 11:51:26.860
3043,15.221535,-94.546501,-44.415,41462.4,-71635.7,26266.7,529.9,657.4,1205.2,2.28,0,0,133,121,-9.0,0.251,1,2017-11-08 11:59:46.240
3044,15.460967,-94.701701,-21.775,24799.3,-45141.0,3626.8,468.6,655.8,862.0,2.177,0,0,416,245,-9.0,0.257,1,2017-11-08 12:11:12.560
3045,16.436484,-95.420671,-11.763,-52156.1,62806.4,-6385.3,459.1,978.0,1232.5,2.429,0,0,12,10,-9.0,0.221,1,2017-11-08 12:41:25.790
3046,15.022229,-94.271696,-27.408,70975.0,-93690.3,9260.1,581.1,547.2,882.7,3.369,0,0,116,61,-9.0,0.258,1,2017-11-08 15:28:25.640
3047,16.467697,-95.138005,-57.649,-2761.3,3081.6,-2885.5,2742.2,3554.9,4127.3,1.39,0,0,3,5,-9.0,0.248,16,2017-11-08 16:10:04.840
3048,15.247467,-94.587492,-15.965,37062.7,-68766.2,-2182.9,834.3,609.1,718.6,2.424,0,0,97,44,-9.0,0.251,1,2017-11-08 16:28:14.510
3049,15.931433,-95.198275,-8.485,-28406.3,6919.2,-9663.2,234.1,274.9,527.5,2.175,0,0,270,209,-9.0,0.192,1,2017-11-08 17:36:53.460
3050,15.511855,-94.817155,-15.32,12420.2,-39509.9,-2827.9,601.3,838.8,819.1,2.052,0,0,21,16,-9.0,0.2,1,2017-11-08 22:47:23.320
3051,15.59337,-94.966292,-30.109,-3566.8,-30489.8,11960.5,515.8,599.7,1107.6,2.62,0,0,94,105,-9.0,0.234,1,2017-11-09 00:20:19.590
3052,15.436517,-94.699463,-26.218,25040.9,-47846.6,8069.7,1205.8,864.4,2308.4,2.363,0,0,333,245,-9.0,0.261,1,2017-11-09 00:49:51.730
3053,15.560143,-94.750285,-13.284,19586.1,-34166.5,-4864.3,615.3,624.4,680.7,1.803,0,0,88,65,-9.0,0.172,1,2017-11-09 02:17:09.500
3054,15.806978,-94.774162,-44.658,17016.4,-6852.5,26509.5,770.5,587.4,928.2,2.909,0,0,31,26,-9.0,0.184,1,2017-11-09 03:22:18.010
3055,15.171747,-94.435384,-16.891,53388.9,-77145.2,-1257.2,791.0,779.1,674.1,1.922,0,0,26,24,-9.0,0.25,1,2017-11-09 03:50:06.310
3056,15.433969,-94.754997,-33.793,19086.9,-48128.5,15644.1,407.5,399.6,1822.6,2.049,0,0,375,322,-9.0,0.21,1,2017-11-09 04:31:41.760
3057,16.533395,-95.430802,-4.647,-53227.1,73530.3,-13501.5,483.3,680.4,848.2,3.239,0,0,38,16,-9.0,0.235,1,2017-11-09 05:05:29.650
3058,16.249861,-95.239437,-6.25,-32788.3,42155.4,-11898.1,330.7,271.8,340.6,2.094,0,0,111,152,-9.0,0.147,1,2017-11-09 05:07:36.430
3059,16.44299,-95.20144,-11.956,-28708.8,63526.3,-6192.7,329.1,278.6,368.5,1.254,0,0,216,253,-9.0,0.137,1,2017-11-09 05:44:47.030
3060,15.812818,-95.042936,-34.287,-11774.5,-6206.3,16138.8,1005.4,703.9,2225.3,2.683,0,0,31,23,-9.0,0.235,1,2017-11-09 05:46:36.140
3061,15.64956,-94.914559,-23.923,1977.8,-24272.0,5774.5,646.7,468.1,598.4,1.628,0,0,107,130,-9.0,0.236,1,2017-11-09 05:52:02.840
3062,15.319532,-94.119377,-29.769,-3777.1,-2972.9,-4245.6,1734.4,1318.7,2188.9,2.125,0,0,13,15,-9.0,0.304,4,2017-11-09 06:03:27.100
3063,15.566534,-94.746965,-14.831,19941.9,-33459.2,-3316.9,592.2,533.4,805.9,1.923,0,0,124,111,-9.0,0.238,1,2017-11-09 06:18:58.630
3064,16.006613,-95.118595,-17.444,-19869.9,15238.4,-704.8,607.4,673.8,640.2,1.894,0,0,33,29,-9.0,0.186,1,2017-11-09 06:47:48.610
3065,15.003637,-94.273397,-33.905,70795.3,-95747.7,15756.8,638.0,642.9,1599.0,2.349,0,0,100,89,-9.0,0.238,1,2017-11-09 07:43:03.880
3066,16.539653,-95.011743,-9.531,-8417.8,74222.8,-8617.7,342.3,331.1,613.6,1.211,0,0,82,142,-9.0,0.081,1,2017-11-09 07:55:36.160
3067,16.50411,-95.267391,-11.532,-35757.0,70289.6,-6615.9,359.1,295.8,512.3,1.257,0,0,103,150,-9.0,0.148,1,2017-11-09 08:39:43.200
3068,15.433922,-94.600513,-16.162,35650.5,-48133.6,-1985.9,575.8,755.0,1015.9,2.255,0,0,222,137,-9.0,0.262,1,2017-11-09 09:12:01.070
3069,15.725497,-95.08418,-39.839,-16196.2,-15868.9,21690.6,730.6,796.1,1950.1,1.865,0,0,14,4,-9.0,0.178,1,2017-11-09 09:18:25.020
3070,16.648446,-94.899211,-4.92,3613.3,86261.4,-13228.4,207.1,154.6,376.8,1.4,0,0,56,56,-9.0,0.117,1,2017-11-09 09:48:48.350
3071,16.492392,-95.123787,-4.751,-20401.0,68993.0,-13397.2,219.6,235.8,522.9,1.583,0,0,270,472,-9.0,0.135,1,2017-11-09 10:06:59.740
3072,15.011427,-93.544051,-25.731,17499.3,-8682.4,-3501.8,1148.2,946.0,2035.9,1.768,0,0,19,22,-9.0,0.387,2,2017-11-09 10:12:53.790
3073,15.11643,-94.584554,-26.537,37389.7,-83266.3,8389.0,834.5,1198.6,1091.4,2.298,0,0,18,19,-9.0,0.248,1,2017-11-09 10:46:09.780
3074,16.293434,-95.375374,-32.5,-47329.0,46976.9,14352.1,668.9,778.0,1422.3,1.471,0,0,13,12,-9.0,0.195,1,2017-11-09 11:36:41.900
3075,15.4337,-94.603939,-9.65,35282.4,-48158.3,-8498.7,688.1,745.5,1105.3,2.731,0,0,114,56,-9.0,0.258,1,2017-11-09 12:52:37.160
3076,16.140865,-95.118254,-47.08,-19826.2,30094.2,28931.7,931.7,1685.2,1050.8,1.869,0,0,0,2,-9.0,0.005,1,2017-11-09 13:08:09.570
3077,16.350671,-95.121151,-15.609,-20125.8,53310.7,-2539.5,591.6,968.9,562.2,2.107,0,0,92,103,-9.0,0.264,1,2017-11-09 13:10:48.730
3078,15.459593,-94.655558,-29.598,29746.1,-45293.1,11449.9,474.2,586.8,932.6,3.002,0,0,459,200,-9.0,0.23,1,2017-11-09 21:03:50.220
3079,15.487295,-94.73055,-37.946,21705.3,-42227.7,19797.9,604.2,524.6,1808.1,2.173,0,0,292,187,-9.0,0.239,1,2017-11-09 21:46:50.040
3080,15.257445,-94.570174,-30.694,38919.6,-67662.0,12545.2,616.0,917.8,1158.4,2.11,0,0,95,122,-9.0,0.268,1,2017-11-10 02:09:37.960
3081,15.857839,-94.92312,-38.601,1059.9,-1224.4,20452.6,572.8,717.8,1606.0,2.741,0,0,28,18,-9.0,0.238,1,2017-11-10 02:55:26.220
3082,16.54457,-95.18654,-9.77,-27108.4,74766.8,-8378.4,273.5,365.2,480.2,2.497,0,0,290,312,-9.0,0.145,1,2017-11-10 03:02:13.930
3083,16.535678,-95.186914,-11.139,-27148.9,73782.9,-7008.9,281.2,242.3,391.4,1.64,0,0,197,366,-9.0,0.134,1,2017-11-10 03:17:35.840
3084,15.955015,-95.216081,-6.339,-30311.0,9528.7,-11809.2,208.8,306.2,519.2,1.465,0,0,249,159,-9.0,0.15,1,2017-11-10 04:39:50.200
3085,15.69583,-94.955794,-30.583,-2440.5,-19151.8,12435.1,617.2,727.2,1131.1,1.858,0,0,60,53,-9.0,0.201,1,2017-11-10 04:55:08.900
3086,15.827416,-95.009074,-32.311,-8146.8,-4591.0,14163.0,715.5,749.4,978.2,1.641,0,0,17,17,-9.0,0.12,1,2017-11-10 05:27:49.130
3087,15.614572,-94.803776,-14.715,13851.0,-28143.6,-3433.5,708.7,703.7,809.2,1.687,0,0,32,41,-9.0,0.198,1,2017-11-10 05:33:34.090
3088,16.240141,-95.406071,-13.025,-50619.3,41079.7,-5123.4,550.0,636.2,610.3,0.501,0,0,25,34,-9.0,0.181,1,2017-11-10 06:23:50.890
3089,15.380442,-93.988647,-34.062,10259.9,3766.8,47.6,2559.7,2193.0,12417.8,2.005,0,0,2,5,-9.0,0.612,4,2017-11-10 06:25:38.470
3090,15.716144,-94.807992,-32.93,13395.4,-16904.0,14782.1,691.1,534.6,710.6,2.041,0,0,85,63,-9.0,0.242,1,2017-11-10 06:50:20.460
3091,16.160846,-95.030184,-8.98,-10399.7,32305.3,-9168.6,595.9,1035.8,1353.5,2.018,0,0,7,24,-9.0,0.196,1,2017-11-10 07:13:11.280
3092,15.484083,-94.849707,-27.088,8930.7,-42583.1,8940.0,608.8,869.4,1594.7,1.699,0,0,117,221,-9.0,0.233,1,2017-11-10 07:21:16.180
3093,15.94355,-95.155648,-8.396,-23840.0,8260.0,-9752.2,360.7,476.0,778.1,1.143,0,0,210,192,-9.0,0.207,1,2017-11-10 07:38:15.530
3094,15.374367,-94.623364,-17.754,33204.9,-54723.8,-394.1,358.8,542.7,661.2,1.584,0,0,159,119,-9.0,0.222,1,2017-11-10 07:43:48.430
3095,15.071149,-94.368376,-24.519,60591.8,-88277.0,6370.7,692.6,532.1,772.5,1.992,0,0,62,51,-9.0,0.211,1,2017-11-10 08:12:54.730
3096,16.487634,-95.131698,-3.409,-21247.0,68466.5,-14739.1,244.5,216.8,546.0,1.113,0,0,363,533,-9.0,0.125,1,2017-11-10 08:14:31.040
3097,16.494628,-95.090576,-10.869,-16849.6,69240.4,-7278.9,833.7,939.8,1459.7,1.335,0,0,250,288,-9.0,0.169,1,2017-11-10 08:41:37.540
3098,16.024328,-95.195483,-8.275,-28100.7,17198.6,-9873.5,266.8,310.5,421.4,1.482,0,0,245,180,-9.0,0.159,1,2017-11-10 09:46:30.470
3099,15.088968,-93.742855,-28.592,-3876.9,-102.7,-640.9,1407.9,1014.2,1407.6,2.878,0,0,43,37,-9.0,0.327,2,2017-11-10 09:55:58.130
3100,15.28891,-94.554183,-15.472,40631.3,-64180.2,-2676.6,679.2,589.8,471.0,1.787,0,0,112,53,-9.0,0.238,1,2017-11-10 10:06:15.480
3101,15.602946,-94.907479,-27.851,2736.8,-29430.1,9703.1,507.7,575.1,936.5,1.909,0,0,121,169,-9.0,0.23,1,2017-11-10 10:17:06.130
3102,15.389647,-94.587622,-3.596,37036.4,-53033.0,-14552.8,810.6,974.7,1062.3,2.003,0,0,40,32,-9.0,0.262,1,2017-11-10 10:24:57.160
3103,15.360033,-94.71543,-17.664,23332.9,-56310.0,-484.5,502.9,522.6,707.5,1.453,0,0,125,119,-9.0,0.257,1,2017-11-10 10:57:08.520
3104,16.475188,-95.159172,-4.526,-24185.8,67089.3,-13622.7,376.1,420.0,799.9,2.041,0,0,406,366,-9.0,0.142,1,2017-11-10 11:29:25.010
3105,16.482332,-95.166414,-7.195,-24960.0,67879.8,-10953.8,302.3,476.4,786.8,1.747,0,0,335,389,-9.0,0.143,1,2017-11-10 11:51:32.800
3106,15.503122,-94.668457,-31.305,28360.2,-40476.2,13156.8,463.5,521.3,602.0,2.588,0,0,366,288,-9.0,0.228,1,2017-11-10 12:47:13.300
3107,15.447384,-94.74694,-23.212,19950.0,-46644.1,5063.2,494.4,933.6,1140.0,1.771,0,0,149,182,-9.0,0.186,1,2017-11-10 12:55:52.230
3108,15.532045,-94.842244,-40.014,9729.6,-37275.7,21866.0,388.3,475.8,932.7,2.563,0,0,315,274,-9.0,0.204,1,2017-11-10 19:00:31.120
3109,16.537135,-95.117041,-11.19,-19677.0,73944.1,-6958.8,291.7,250.6,260.0,2.528,0,0,295,354,-9.0,0.126,1,2017-11-10 20:55:06.440
3110,16.38048,-94.973584,-3.378,-4339.1,56609.2,-14769.9,590.9,577.9,2436.1,3.094,0,0,62,83,-9.0,0.197,1,2017-11-10 22:28:21.400
3111,15.203229,-93.909855,-29.909,-21824.2,12540.2,676.2,1678.3,1578.4,2952.1,3.085,0,0,16,17,-9.0,0.445,2,2017-11-11 01:01:11.880
3112,17.025835,-95.373633,-98.384,-2521.5,-4102.1,-2706.2,20853.5,20233.5,19878.7,2.139,0,0,3,5,-9.0,1.045,30,2017-11-11 01:24:19.460
3113,15.05159,-94.36591,-18.622,60859.1,-90441.3,473.3,824.8,930.6,697.2,2.241,0,0,42,23,-9.0,0.267,1,2017-11-11 02:04:15.380
3114,16.042196,-96.967204,-17.89,-1957.4,1084.0,-2270.3,139.8,392.9,398.1,1.993,0,0,14,7,-9.0,0.129,11,2017-11-11 02:32:04.840
3115,16.040703,-96.966504,-18.16,-1882.5,918.7,-1999.7,230.8,456.9,524.4,2.853,0,0,14,7,-9.0,0.137,11,2017-11-11 02:33:23.150
3116,16.5474,-95.733659,-2.716,-85607.7,75080.0,-15432.5,1187.5,938.3,1098.7,1.672,0,0,3,2,-9.0,0.182,1,2017-11-11 03:38:42.760
3117,16.492251,-95.185588,-6.128,-27009.9,68977.4,-12019.9,269.1,268.2,945.3,1.689,0,0,317,288,-9.0,0.128,1,2017-11-11 03:55:29.840
3118,15.722608,-94.870736,-35.726,6673.0,-16188.7,17577.9,890.1,824.7,3549.9,1.694,0,0,55,36,-9.0,0.219,1,2017-11-11 04:03:18.470
3119,16.516483,-95.140894,-10.077,-22229.1,71658.8,-8071.8,396.6,419.3,668.7,1.306,0,0,327,444,-9.0,0.168,1,2017-11-11 04:11:04.510
3120,16.694421,-94.93999,-13.624,-745.5,91348.9,-4524.0,267.0,220.1,284.2,1.663,0,0,57,57,-9.0,0.091,1,2017-11-11 04:25:25.320
3121,15.414069,-94.600765,-25.615,35624.9,-50330.7,7466.7,574.0,459.6,885.0,1.713,0,0,220,127,-9.0,0.195,1,2017-11-11 04:32:06.740
3122,15.514943,-94.67465,-27.251,27696.0,-39168.1,9102.6,497.7,511.5,1031.4,2.194,0,0,300,311,-9.0,0.228,1,2017-11-11 05:12:28.220
3123,16.087552,-95.152344,-7.589,-23478.6,24194.8,-10559.7,525.0,666.4,879.7,1.33,0,0,148,149,-9.0,0.208,1,2017-11-11 05:40:21.590
3124,16.474148,-95.140535,-2.864,-22193.0,66974.1,-15284.0,257.3,262.3,172.3,1.254,0,0,440,524,-9.0,0.177,1,2017-11-11 06:10:38.620
3125,16.431676,-95.105623,-2.371,-18461.5,62274.4,-15776.9,443.2,638.1,349.4,2.257,0,0,80,121,-9.0,0.18,1,2017-11-11 06:38:37.440
3126,15.087186,-93.795955,-34.844,-9585.7,-299.9,5611.0,1246.3,1124.8,3506.7,2.697,0,0,38,33,-9.0,0.334,2,2017-11-11 06:47:24.730
3127,15.430144,-94.620011,-7.914,33559.5,-48551.7,-10234.7,656.7,567.1,830.7,1.856,0,0,86,52,-9.0,0.239,1,2017-11-11 08:57:52.650
3128,15.479883,-94.696037,-17.674,25405.6,-43047.8,-474.7,578.2,627.5,992.3,1.473,0,0,164,204,-9.0,0.245,1,2017-11-11 09:18:11.870
3129,16.287776,-95.237215,-17.122,-32546.9,46350.9,-1026.5,628.5,672.9,606.0,1.764,0,0,33,55,-9.0,0.239,1,2017-11-11 10:14:49.000
3130,15.943909,-95.151245,-9.462,-23369.3,8299.7,-8686.5,243.1,221.3,383.8,1.653,0,0,233,189,-9.0,0.17,1,2017-11-11 10:36:47.690
3131,15.503967,-94.608545,-30.823,34783.4,-40382.7,12674.4,622.0,731.7,812.5,1.77,0,0,175,175,-9.0,0.205,1,2017-11-11 11:14:57.860
3132,15.238899,-94.520264,-52.608,44275.2,-69714.4,34460.1,724.2,787.5,1688.0,1.864,0,0,77,67,-9.0,0.225,1,2017-11-11 15:57:27.070
3133,15.328669,-94.583333,-32.596,37502.0,-59780.6,14448.1,461.3,685.3,879.9,2.718,0,0,171,141,-9.0,0.216,1,2017-11-11 16:10:08.670
3134,15.449321,-94.778337,-32.382,16583.4,-46429.7,14233.4,726.0,783.1,1030.1,2.624,0,0,285,284,-9.0,0.265,1,2017-11-11 16:38:13.770
3135,16.625272,-94.797233,-10.559,14515.9,83697.0,-7589.8,221.4,189.2,694.5,2.385,0,0,21,17,-9.0,0.073,1,2017-11-11 19:18:51.640
3136,15.331156,-94.109098,-33.248,-2673.3,-1686.7,-766.0,2317.6,1155.9,5465.0,2.319,0,0,24,24,-9.0,0.365,4,2017-11-11 20:14:44.360
3137,16.051087,-95.24576,-10.252,-33481.2,20159.7,-7896.1,697.5,702.5,775.7,2.369,0,0,102,73,-9.0,0.197,1,2017-11-11 20:45:31.920
3138,15.307669,-94.624064,-30.78,33134.9,-62104.5,12632.1,881.5,910.3,950.6,1.997,0,0,67,69,-9.0,0.257,1,2017-11-11 20:56:23.160
3139,15.601704,-94.852189,-20.432,8662.7,-29567.5,2284.0,508.2,579.0,780.0,2.012,0,0,129,96,-9.0,0.233,1,2017-11-12 00:50:29.290
3140,16.553383,-95.719238,-3.833,-84065.3,75742.1,-14315.1,808.2,871.2,854.3,1.291,0,0,4,5,-9.0,0.247,1,2017-11-12 01:13:56.680
3141,16.457147,-95.245776,-6.834,-33449.6,65093.0,-11313.9,330.1,316.5,622.5,1.808,0,0,226,241,-9.0,0.167,1,2017-11-12 02:34:01.960
3142,15.569745,-95.008455,-24.388,-8086.1,-33104.0,6239.4,1041.6,1215.3,1492.0,2.421,0,0,11,1,-9.0,0.2,1,2017-11-12 02:40:23.760
3143,16.545492,-95.195386,-10.586,-28053.6,74868.9,-7562.3,492.2,436.8,1040.2,2.29,0,0,343,379,-9.0,0.176,1,2017-11-12 03:03:56.050
3144,15.242462,-94.547884,-20.282,41311.9,-69320.0,2133.9,494.2,696.3,727.0,2.868,0,0,145,84,-9.0,0.225,1,2017-11-12 03:12:47.740
3145,15.177685,-93.967611,-34.048,-28033.0,9713.8,4814.7,1791.2,1727.1,4497.7,1.971,0,0,9,11,-9.0,0.403,2,2017-11-12 04:13:06.590
3146,15.317332,-94.566846,-28.098,39270.8,-61035.1,9949.7,643.1,608.5,927.5,2.512,0,0,171,129,-9.0,0.242,1,2017-11-12 04:31:58.520
3147,15.310299,-94.633268,-21.5,32147.7,-61813.5,3351.4,545.0,492.0,729.0,1.706,0,0,199,155,-9.0,0.216,1,2017-11-12 05:27:03.140
3148,16.526561,-95.184465,-6.143,-26887.5,72774.0,-12005.4,268.7,313.9,524.8,1.453,0,0,134,333,-9.0,0.16,1,2017-11-12 05:41:37.100
3149,16.734211,-95.507788,-0.029,2810.0,348.1,-27.2,2940.1,3210.8,2377.2,0.964,0,0,6,3,-9.0,0.341,9,2017-11-12 06:53:58.910
3150,16.505377,-95.186719,-10.097,-27129.9,70429.9,-8051.1,612.2,884.1,513.3,1.942,0,0,294,373,-9.0,0.278,1,2017-11-12 07:40:16.260
3151,16.286236,-95.371558,-31.043,-46920.9,46180.4,12894.6,766.7,872.1,802.5,1.372,0,0,18,13,-9.0,0.188,1,2017-11-12 08:34:08.220
3152,15.33256,-94.65166,-30.929,30173.6,-59350.1,12780.4,541.6,597.0,954.5,1.805,0,0,79,121,-9.0,0.232,1,2017-11-12 08:48:59.700
3153,15.307751,-94.484172,-8.387,48138.8,-62095.3,-9761.8,828.4,983.9,987.2,2.246,0,0,32,25,-9.0,0.193,1,2017-11-12 09:03:16.010
3154,15.457386,-94.763387,-22.731,18185.7,-45537.2,4582.5,406.3,534.9,911.9,1.64,0,0,346,223,-9.0,0.226,1,2017-11-12 09:09:50.940
3155,15.049038,-94.38798,-46.461,58491.6,-90723.8,28313.0,788.5,976.4,2322.5,2.7,0,0,48,21,-9.0,0.259,1,2017-11-12 09:16:10.540
3156,16.123726,-95.225952,-3.263,-31354.6,28197.7,-14884.9,869.6,593.7,920.3,1.151,0,0,155,115,-9.0,0.199,1,2017-11-12 09:25:17.750
3157,15.478226,-94.677246,-40.542,27419.9,-43231.3,22393.4,629.7,933.9,1640.0,2.93,0,0,342,172,-9.0,0.256,1,2017-11-12 10:00:34.680
3158,15.421344,-94.660734,-27.376,29194.5,-49525.5,9227.5,588.5,856.2,1216.6,2.22,0,0,237,237,-9.0,0.237,1,2017-11-12 10:05:27.160
3159,15.473523,-94.651872,-18.413,30140.8,-43751.6,264.4,761.1,427.4,625.0,2.154,0,0,268,143,-9.0,0.269,1,2017-11-12 10:45:27.270
3160,15.101542,-93.728743,-33.784,-2359.9,1288.7,4550.6,2123.1,1153.9,5973.7,2.123,0,0,27,36,-9.0,0.293,2,2017-11-12 10:56:23.910
3161,16.480446,-95.121997,-4.613,-20209.8,67671.1,-13535.0,299.7,362.4,499.2,1.61,0,0,477,547,-9.0,0.183,1,2017-11-12 11:21:59.340
3162,16.469976,-95.163753,-4.503,-24675.8,66512.5,-13645.2,205.7,217.2,384.5,2.052,0,0,430,334,-9.0,0.164,1,2017-11-12 13:26:34.990
3163,16.236481,-94.9177,-1.363,1639.1,40674.8,-16785.3,1580.3,2877.4,1896.0,2.811,0,0,3,4,-9.0,0.151,1,2017-11-12 13:42:59.140
3164,15.577549,-94.934473,-47.435,-156.1,-32240.4,29286.3,1459.6,1796.8,2870.7,1.745,0,0,5,6,-9.0,0.23,1,2017-11-12 15:51:18.610
3165,16.347455,-95.156169,-28.596,-23872.4,52954.8,10447.9,638.6,770.4,677.8,1.563,0,0,24,22,-9.0,0.196,1,2017-11-12 16:40:23.650
3166,15.472645,-94.822355,-23.09,11863.6,-43848.7,4941.8,825.4,907.3,796.5,1.946,0,0,97,83,-9.0,0.284,1,2017-11-12 17:36:46.360
3167,15.533295,-94.640462,-29.985,31359.7,-37137.5,11836.7,700.2,654.2,1184.7,1.684,0,0,215,108,-9.0,0.211,1,2017-11-12 17:48:34.360
3168,15.272768,-94.629476,-27.187,32557.5,-65966.4,9038.4,594.2,851.8,1048.9,2.167,0,0,58,82,-9.0,0.239,1,2017-11-12 17:59:37.680
3169,15.327616,-94.599186,-18.385,35801.9,-59897.2,236.9,500.7,698.9,874.4,2.127,0,0,153,77,-9.0,0.332,1,2017-11-12 18:21:45.160
3170,15.400317,-94.731925,-33.208,21562.1,-51852.3,15060.0,717.0,922.4,970.1,1.74,0,0,162,181,-9.0,0.247,1,2017-11-12 19:17:40.760
3171,16.508623,-95.143815,-6.233,-22542.1,70789.1,-11915.6,245.1,298.0,609.8,2.333,0,0,487,508,-9.0,0.168,1,2017-11-12 22:01:51.240
3172,16.012912,-95.201514,-10.401,-28747.0,15935.4,-7747.0,1203.0,987.4,1311.2,1.912,0,0,197,48,-9.0,0.27,1,2017-11-12 22:25:56.500
3173,15.199615,-94.547852,-41.165,41319.9,-74061.3,23016.9,721.1,655.3,2413.6,2.725,0,0,112,55,-9.0,0.248,1,2017-11-12 22:29:51.540
3174,15.582463,-94.671948,-32.11,27981.4,-31696.7,13961.2,600.8,335.4,624.7,2.192,0,0,77,143,-9.0,0.238,1,2017-11-12 23:20:50.800
3175,15.383085,-94.725163,-31.598,22288.1,-53759.2,13449.9,575.9,577.2,583.1,2.098,0,0,244,221,-9.0,0.189,1,2017-11-12 23:57:27.660
3176,15.501898,-94.728564,-22.706,21917.3,-40611.7,4557.8,413.6,472.6,1027.9,1.948,0,0,320,247,-9.0,0.2,1,2017-11-13 01:10:37.820
3177,15.625837,-94.986873,-34.773,-5771.4,-26897.0,16624.8,675.3,761.7,1588.0,1.561,0,0,65,53,-9.0,0.217,1,2017-11-13 01:21:31.510
3178,15.61639,-94.943945,-31.522,-1171.1,-27942.5,13373.4,582.2,622.2,868.1,2.515,0,0,145,119,-9.0,0.227,1,2017-11-13 02:22:01.790
3179,16.260303,-95.294849,-7.519,-38716.1,43310.8,-10629.4,417.8,260.4,611.8,1.419,0,0,115,98,-9.0,0.145,1,2017-11-13 02:36:35.430
3180,16.534275,-95.130151,-6.8,-21079.1,73627.7,-11348.6,336.1,393.4,1264.8,2.065,0,0,284,335,-9.0,0.132,1,2017-11-13 02:42:38.510
3181,15.462104,-94.750065,-32.478,19613.9,-45015.1,14329.3,358.5,361.2,523.3,1.982,0,0,530,467,-9.0,0.189,1,2017-11-13 02:43:55.460
3182,14.878171,-93.241431,-12.356,4236.8,-414.8,-3042.1,1281.7,806.9,938.5,2.833,0,0,24,16,-9.0,0.296,8,2017-11-13 02:50:00.320
3183,16.13173,-95.299837,-15.774,-39262.8,29083.4,-2374.4,443.9,659.0,724.2,1.604,0,0,74,73,-9.0,0.284,1,2017-11-13 02:53:41.810
3184,16.077523,-95.209163,-26.194,-29561.6,23085.0,8045.5,702.7,874.3,932.8,1.576,0,0,7,8,-9.0,0.134,1,2017-11-13 03:10:10.530
3185,15.971359,-95.165999,-5.068,-24947.4,11337.2,-13080.8,561.5,817.8,1035.7,1.736,0,0,233,215,-9.0,0.188,1,2017-11-13 04:02:45.370
3186,16.449788,-95.081494,-5.913,-15879.8,64278.6,-12235.6,495.2,767.5,816.4,2.015,0,0,132,283,-9.0,0.233,1,2017-11-13 05:28:49.680
3187,15.284619,-94.425659,-7.469,54417.4,-64655.0,-10679.0,676.6,778.0,849.4,1.586,0,0,6,14,-9.0,0.264,1,2017-11-13 05:57:00.240
3188,16.115121,-95.234538,-8.332,-32274.9,27245.6,-9816.8,327.2,307.8,391.3,1.168,0,0,170,194,-9.0,0.18,1,2017-11-13 06:17:21.560
3189,15.986926,-95.20695,-7.815,-29330.5,13059.9,-10333.3,264.2,295.0,441.4,1.246,0,0,298,234,-9.0,0.188,1,2017-11-13 06:19:47.630
3190,16.508997,-95.15577,-18.658,-23820.3,70830.4,509.5,1073.0,700.9,1244.2,1.288,0,0,21,23,-9.0,0.204,1,2017-11-13 06:27:23.730
3191,16.507599,-95.11993,-12.234,-19987.7,70675.8,-5914.5,308.6,261.7,338.0,1.559,0,0,261,377,-9.0,0.127,1,2017-11-13 06:29:49.490
3192,16.385256,-95.593115,-3.281,-70608.9,57137.8,-14867.5,575.0,504.6,431.2,1.665,0,0,9,10,-9.0,0.134,1,2017-11-13 06:42:17.190
3193,16.326552,-95.098942,-15.497,-17751.5,50641.8,-2651.5,749.9,994.9,663.8,1.755,0,0,78,71,-9.0,0.248,1,2017-11-13 07:15:57.410
3194,16.366382,-94.945996,-10.966,-1388.3,55049.1,-7182.7,283.7,329.6,681.4,1.186,0,0,57,81,-9.0,0.115,1,2017-11-13 07:23:09.540
3195,16.502065,-95.11359,-3.838,-19310.1,70063.4,-14310.3,517.8,506.5,447.1,2.228,0,0,395,350,-9.0,0.167,1,2017-11-13 07:33:00.050
3196,15.444714,-94.58326,-13.385,37498.7,-46939.5,-4763.8,783.4,672.6,1113.2,0.953,0,0,43,23,-9.0,0.165,1,2017-11-13 07:37:05.460
3197,15.429942,-94.710213,-26.121,23888.1,-48574.2,7973.1,577.8,633.4,733.1,1.879,0,0,200,136,-9.0,0.272,1,2017-11-13 07:45:57.650
3198,15.321998,-94.630754,-19.291,32416.4,-60518.8,1142.9,653.5,811.6,652.9,2.284,0,0,292,197,-9.0,0.261,1,2017-11-13 08:04:37.380
3199,15.948174,-95.25153,-5.029,-34107.1,8771.7,-13119.6,393.1,529.6,439.6,1.484,0,0,234,182,-9.0,0.15,1,2017-11-13 08:43:09.010
3200,14.791755,-93.857658,-40.635,4376.5,-8762.6,3263.4,3687.8,3070.6,12810.2,2.515,0,0,15,6,-9.0,0.645,5,2017-11-13 09:00:49.180
3201,16.640555,-94.860791,-4.014,7720.4,85388.2,-14134.4,201.8,155.0,627.5,1.404,0,0,56,55,-9.0,0.106,1,2017-11-13 09:17:26.140
3202,16.258888,-95.295101,-7.99,-38743.3,43154.2,-10158.3,356.5,314.2,599.7,1.876,0,0,126,119,-9.0,0.162,1,2017-11-13 09:52:18.420
3203,15.45937,-94.766927,-29.651,17806.5,-45317.7,11502.6,389.2,865.6,1180.4,2.456,0,0,259,252,-9.0,0.193,1,2017-11-13 14:05:17.820
3204,15.897746,-94.924463,-51.91,916.0,3191.5,33761.8,553.7,944.1,985.6,1.812,0,0,4,5,-9.0,0.215,1,2017-11-13 15:55:20.940
3205,16.116825,-95.058081,-10.778,-13386.4,27434.1,-7369.9,547.8,770.9,635.5,2.458,0,0,22,38,-9.0,0.22,1,2017-11-13 18:49:47.360
3206,15.383076,-94.569604,-36.186,38968.4,-53760.2,18038.0,515.2,660.5,1527.0,2.274,0,0,121,105,-9.0,0.192,1,2017-11-13 19:22:58.320
3207,15.473794,-94.804028,-23.933,13828.6,-43721.7,5784.9,552.1,847.4,1044.8,1.803,0,0,89,94,-9.0,0.207,1,2017-11-13 19:30:02.480
3208,16.387635,-95.240983,-15.105,-32942.3,57401.0,-3043.2,592.7,760.9,847.8,1.696,0,0,49,78,-9.0,0.259,1,2017-11-13 19:48:01.340
3209,16.318439,-95.259977,-24.619,-34979.7,49743.9,6471.0,731.1,905.1,820.1,1.889,0,0,7,9,-9.0,0.208,1,2017-11-13 20:20:03.040
3210,15.420728,-94.738916,-34.204,20811.4,-49593.7,16055.8,438.4,678.3,1312.3,2.529,0,0,356,379,-9.0,0.216,1,2017-11-13 20:43:23.480
3211,15.781,-94.897355,-44.484,3820.5,-9727.3,26335.9,551.7,538.9,747.9,2.669,0,0,71,67,-9.0,0.213,1,2017-11-13 23:35:29.040
3212,15.408152,-94.783838,-23.669,15995.8,-50985.3,5520.3,918.6,816.3,705.5,2.21,0,0,120,116,-9.0,0.208,1,2017-11-13 23:58:41.160
3213,15.13122,-94.292643,-45.85,68709.1,-81629.6,27702.1,749.4,738.8,2009.3,2.114,0,0,41,27,-9.0,0.185,1,2017-11-14 01:31:51.580
3214,15.512062,-94.78549,-29.376,15814.2,-39487.0,11228.0,448.4,628.3,1032.6,2.051,0,0,304,354,-9.0,0.186,1,2017-11-14 01:37:07.360
3215,16.332373,-95.057104,-10.065,-13275.2,51285.8,-8083.3,567.5,648.9,1270.1,2.13,0,0,34,70,-9.0,0.23,1,2017-11-14 02:23:45.770
3216,16.365459,-94.94388,-11.019,-1162.1,54947.1,-7129.0,466.4,521.4,810.5,1.568,0,0,60,62,-9.0,0.132,1,2017-11-14 02:36:48.550
3217,16.552085,-95.545402,-3.1,-65477.8,75598.5,-15048.0,512.2,506.3,447.1,1.913,0,0,48,27,-9.0,0.22,1,2017-11-14 03:30:45.520
3218,15.527463,-94.645215,-29.683,30850.6,-37782.8,11534.8,457.2,544.0,980.0,1.997,0,0,219,201,-9.0,0.214,1,2017-11-14 03:49:44.710
3219,15.466547,-94.865495,-30.107,7238.9,-44523.6,11958.7,607.3,801.5,1327.6,2.008,0,0,54,75,-9.0,0.231,1,2017-11-14 04:03:37.830
3220,16.544745,-95.555428,-1.333,-66551.6,74786.3,-16815.0,550.4,586.4,550.2,2.055,0,0,19,15,-9.0,0.239,1,2017-11-14 04:17:33.030
3221,16.433389,-95.394043,-15.935,-49308.7,62463.9,-2213.6,958.7,817.7,1011.2,1.193,0,0,5,2,-9.0,0.17,1,2017-11-14 04:23:05.320
3222,16.276626,-95.182121,-1.665,-26653.4,45117.0,-16483.2,542.5,553.3,563.0,1.688,0,0,68,98,-9.0,0.17,1,2017-11-14 04:38:14.470
3223,16.37542,-95.330575,-39.153,-42527.1,56049.3,21004.9,481.3,754.8,1103.0,1.502,0,0,32,24,-9.0,0.212,1,2017-11-14 04:40:05.160
3224,15.498483,-94.008651,-63.261,-3493.1,-4771.1,-3589.3,1671.7,1281.4,1634.2,2.051,0,0,11,18,-9.0,0.409,7,2017-11-14 04:45:34.060
3225,16.278279,-95.204924,-8.259,-29093.4,45300.0,-9889.4,460.6,431.6,379.2,1.287,0,0,114,173,-9.0,0.184,1,2017-11-14 05:16:58.190
3226,15.637926,-94.686426,-31.851,26425.5,-25559.3,13702.4,583.6,576.4,877.1,2.068,0,0,84,76,-9.0,0.214,1,2017-11-14 05:37:54.240
3227,16.248827,-95.376302,-2.836,-47433.3,42040.9,-15312.8,757.3,661.6,651.3,0.878,0,0,27,23,-9.0,0.225,1,2017-11-14 07:15:58.540
3228,15.947583,-95.25498,-2.828,-34476.7,8706.3,-15320.9,363.7,405.1,295.7,1.084,0,0,201,123,-9.0,0.181,1,2017-11-14 07:39:47.890
3229,15.686346,-94.93606,-26.401,-325.7,-20201.3,8252.4,547.0,599.1,869.6,2.318,0,0,128,122,-9.0,0.207,1,2017-11-14 08:01:43.770
3230,15.864326,-95.286776,-6.466,-37889.5,-506.6,-11682.1,333.5,466.2,717.8,1.078,0,0,70,70,-9.0,0.179,1,2017-11-14 08:23:41.030
3231,16.358205,-95.191854,-9.398,-27688.9,54144.4,-8750.8,411.6,348.9,553.2,1.498,0,0,90,131,-9.0,0.2,1,2017-11-14 09:00:20.770
3232,16.268389,-95.29432,-4.25,-38659.2,44205.6,-13898.4,350.8,430.9,626.0,0.777,0,0,80,119,-9.0,0.139,1,2017-11-14 09:14:59.940
3233,16.180803,-95.077718,-33.359,-5658.2,-1574.5,5192.7,5032.9,3267.2,39079.8,1.722,0,0,3,4,-9.0,0.547,12,2017-11-14 09:32:27.320
3234,15.500037,-94.93234,-15.669,72.2,-40817.7,-2478.9,1578.1,1174.1,1390.1,1.514,0,0,7,5,-9.0,0.264,1,2017-11-14 10:27:44.850
3235,15.449102,-94.687223,-11.256,26352.5,-46454.0,-6892.0,621.2,617.1,880.4,2.158,0,0,177,86,-9.0,0.255,1,2017-11-14 11:20:07.960
3236,15.631723,-94.883341,-59.695,277.5,-3014.6,-1738.5,506.6,1269.9,1436.2,3.068,0,0,31,32,-9.0,0.301,6,2017-11-14 15:11:54.340
3237,15.414414,-94.575675,-33.24,38314.8,-50292.3,15091.5,487.4,965.4,1219.8,2.28,0,0,88,112,-9.0,0.23,1,2017-11-14 16:31:04.920
3238,16.509176,-95.180794,-7.828,-26496.0,70850.3,-10320.5,287.1,383.6,683.3,2.07,0,0,213,282,-9.0,0.152,1,2017-11-14 17:04:55.420
3239,15.732113,-94.859587,-30.996,7867.1,-15137.0,12847.9,590.4,647.8,917.4,1.711,0,0,26,22,-9.0,0.213,1,2017-11-14 18:08:47.000
3240,15.568492,-94.781795,-33.029,16208.1,-33242.7,14880.9,453.6,698.0,856.3,2.533,0,0,102,66,-9.0,0.207,1,2017-11-14 18:34:38.000
3241,16.006489,-95.305273,-0.236,-39856.8,15224.6,-17912.2,581.1,565.2,538.0,2.158,0,0,28,32,-9.0,0.226,1,2017-11-14 21:06:54.020
3242,15.712638,-94.858358,-57.09,2956.0,5939.1,-4343.2,1090.5,2094.2,1894.8,2.587,0,0,13,19,-9.0,0.48,6,2017-11-15 00:50:42.280
3243,15.521495,-94.871257,-32.205,6620.4,-38443.2,14056.8,448.4,795.0,973.1,2.794,0,0,236,252,-9.0,0.21,1,2017-11-15 01:13:42.880
3244,16.034035,-95.192708,-8.926,-27802.9,18272.8,-9221.9,278.2,308.1,459.8,1.767,0,0,226,274,-9.0,0.151,1,2017-11-15 01:26:35.920
3245,15.960192,-95.257747,-3.015,-34771.9,10101.5,-15133.8,505.9,692.9,436.9,1.926,0,0,117,107,-9.0,0.156,1,2017-11-15 01:41:30.420
3246,16.961315,-96.60883,-67.481,4588.5,2248.2,1506.0,13394.2,11667.6,9806.4,1.372,0,0,4,3,-9.0,0.672,28,2017-11-15 01:53:23.950
3247,15.521683,-94.832756,-30.214,10747.8,-38422.4,12065.7,496.2,631.7,705.7,2.272,0,0,349,289,-9.0,0.224,1,2017-11-15 02:22:22.700
3248,15.519367,-94.814803,-34.501,12671.6,-38678.7,16352.3,426.8,455.0,1347.4,2.742,0,0,522,355,-9.0,0.181,1,2017-11-15 03:29:16.490
3249,15.444997,-94.711711,-28.005,23727.1,-46908.2,9856.8,458.7,506.6,786.8,1.961,0,0,201,434,-9.0,0.217,1,2017-11-15 03:35:29.440
3250,16.202521,-95.273633,-5.299,-36451.8,36916.9,-12849.4,327.7,325.3,454.1,1.418,0,0,126,153,-9.0,0.138,1,2017-11-15 03:38:05.250
3251,16.361604,-95.566642,-0.412,-67781.8,54520.4,-17736.7,643.8,647.8,723.0,1.827,0,0,7,6,-9.0,0.157,1,2017-11-15 03:41:37.490
3252,16.519893,-95.069751,-7.383,-14621.6,72036.2,-10765.7,246.6,260.7,1390.9,1.815,0,0,276,324,-9.0,0.137,1,2017-11-15 03:42:31.600
3253,15.506108,-94.692065,-25.354,25829.3,-40145.9,7206.1,408.8,400.6,615.4,2.113,0,0,285,362,-9.0,0.265,1,2017-11-15 04:20:28.140
3254,16.26687,-95.180428,-9.649,-26472.9,44037.5,-8499.7,419.4,456.8,575.4,1.721,0,0,140,190,-9.0,0.185,1,2017-11-15 04:35:26.540
3255,15.510691,-94.691561,-26.125,25883.2,-39638.7,7976.4,342.0,535.9,763.7,2.212,0,0,424,331,-9.0,0.224,1,2017-11-15 04:42:39.840
3256,16.506359,-95.121403,-6.874,-20145.4,70538.6,-11274.2,614.2,549.3,1643.9,1.53,0,0,306,401,-9.0,0.231,1,2017-11-15 05:15:59.480
3257,15.618483,-94.734993,-28.146,21221.6,-27710.8,9997.5,573.9,380.2,879.4,2.15,0,0,171,146,-9.0,0.215,1,2017-11-15 05:30:00.180
3258,16.57478,-95.659196,-10.243,-77641.0,78109.8,-7905.8,754.4,665.9,1040.8,1.3,0,0,13,9,-9.0,0.208,1,2017-11-15 05:37:30.550
3259,16.595299,-94.610791,-4.92,744.0,-191.8,-803.8,283.8,189.4,323.1,1.719,0,0,8,8,-9.0,0.076,13,2017-11-15 05:56:15.860
3260,15.844549,-94.736898,-49.569,21005.9,-2695.2,31420.1,951.4,926.3,1026.3,1.968,0,0,9,12,-9.0,0.107,1,2017-11-15 05:58:23.740
3261,16.303143,-95.046338,-7.67,-12124.0,48051.4,-10477.1,462.3,544.6,1439.8,2.798,0,0,79,88,-9.0,0.238,1,2017-11-15 06:07:08.410
3262,16.299222,-95.044539,-6.615,-11932.3,47617.5,-11533.7,526.8,642.6,1338.0,2.79,0,0,82,93,-9.0,0.242,1,2017-11-15 06:08:03.400
3263,16.542901,-95.176554,-12.395,-26040.0,74582.1,-5753.0,448.4,519.7,408.4,2.403,0,0,171,333,-9.0,0.213,1,2017-11-15 06:19:50.240
3264,15.898493,-95.272127,-8.375,-36317.2,3274.2,-9772.9,361.0,434.4,630.6,0.933,0,0,146,137,-9.0,0.198,1,2017-11-15 06:26:00.010
3265,15.467393,-94.678556,-13.617,27280.3,-44430.0,-4531.0,506.7,487.0,818.6,2.123,0,0,240,144,-9.0,0.249,1,2017-11-15 06:30:54.850
3266,16.301698,-95.043831,-7.503,-11856.1,47891.4,-10645.5,415.4,528.7,1289.2,1.757,0,0,73,95,-9.0,0.262,1,2017-11-15 06:39:38.760
3267,16.366296,-94.944181,-10.074,-1194.1,55039.7,-8074.7,327.2,366.8,706.2,1.668,0,0,74,81,-9.0,0.148,1,2017-11-15 06:45:41.180
3268,14.902817,-94.365861,-23.031,60886.5,-106904.0,4882.8,1129.2,808.2,1080.6,1.634,0,0,5,2,-9.0,0.117,1,2017-11-15 06:46:49.670
3269,15.428402,-94.709505,-28.108,23964.3,-48744.5,9959.9,348.2,483.2,864.0,1.845,0,0,424,423,-9.0,0.263,1,2017-11-15 06:54:30.020
3270,15.530224,-93.988354,-67.708,-1315.4,-1258.9,857.7,1267.6,1167.2,1388.6,2.458,0,0,19,27,-9.0,0.339,7,2017-11-15 06:56:26.970
3271,15.981507,-95.06547,-22.17,-14182.8,12460.3,4021.3,559.2,744.8,1643.0,1.922,0,0,8,6,-9.0,0.194,1,2017-11-15 07:51:52.120
3272,15.179315,-94.376473,-8.733,59708.0,-76307.6,-9415.6,1569.2,1430.2,1623.4,1.968,0,0,20,10,-9.0,0.217,1,2017-11-15 08:19:12.970
3273,15.565735,-94.774886,-22.371,16949.2,-33547.7,4223.0,569.4,722.1,1147.6,1.603,0,0,203,140,-9.0,0.231,1,2017-11-15 08:47:53.350
3274,16.719107,-94.913778,-3.133,2055.8,94080.6,-15015.8,230.9,464.3,510.8,1.664,0,0,55,46,-9.0,0.138,1,2017-11-15 08:51:44.600
3275,15.5663,-93.459204,-92.26,-2800.2,-3789.8,-659.9,734.8,519.4,441.1,2.066,0,0,5,5,-9.0,0.19,22,2017-11-15 09:12:58.290
3276,15.936413,-95.204736,-8.068,-29097.8,7470.2,-10080.0,233.0,239.9,484.4,1.845,0,0,337,272,-9.0,0.17,1,2017-11-15 09:23:07.950
3277,16.518963,-95.09764,-6.656,-17603.6,71933.3,-11492.3,286.3,328.0,869.4,1.905,0,0,351,359,-9.0,0.142,1,2017-11-15 09:55:52.110
3278,16.456239,-95.155021,-5.149,-23743.0,64992.4,-12999.3,362.0,450.2,643.7,1.882,0,0,218,368,-9.0,0.194,1,2017-11-15 12:31:00.270
3279,15.495973,-94.770223,-25.72,17451.3,-41267.4,7571.9,1005.7,868.7,1664.5,2.443,0,0,247,89,-9.0,0.219,1,2017-11-15 14:22:54.720
3280,16.267382,-95.558301,-46.216,-66904.8,44094.1,28067.2,1415.7,1974.1,2810.0,1.291,0,0,4,2,-9.0,0.224,1,2017-11-15 15:15:25.740
3281,16.462476,-95.0486,-24.304,-12361.0,65682.6,6155.6,905.5,652.3,976.9,2.188,0,0,20,15,-9.0,0.219,1,2017-11-15 15:45:54.330
3282,15.498778,-94.841618,-26.405,9798.1,-40956.9,8256.8,762.7,897.1,878.7,1.835,0,0,64,41,-9.0,0.265,1,2017-11-15 15:48:40.230
3283,16.375157,-95.202661,-16.88,-28844.3,56020.2,-1268.5,627.5,872.3,702.9,2.764,0,0,46,95,-9.0,0.268,1,2017-11-15 16:16:32.280
3284,15.352237,-94.667977,-30.303,28422.7,-57172.7,12154.7,720.1,1183.8,1551.5,2.293,0,0,224,174,-9.0,0.235,1,2017-11-15 16:49:09.340
3285,14.922992,-94.182414,-38.392,80576.4,-104671.5,20243.7,839.0,1028.1,3026.0,2.435,0,0,38,21,-9.0,0.217,1,2017-11-15 18:15:45.840
3286,15.45063,-94.776473,-25.926,16783.9,-46284.9,7777.3,499.1,644.1,913.9,1.679,0,0,217,182,-9.0,0.19,1,2017-11-15 19:58:01.720
3287,15.493262,-94.726131,-23.077,22178.4,-41567.4,4928.2,461.7,578.4,890.6,1.892,0,0,346,241,-9.0,0.226,1,2017-11-15 20:30:17.580
3288,16.386275,-95.098633,-51.28,-17715.2,57250.5,33131.5,1046.7,1140.3,1519.5,1.457,0,0,3,3,-9.0,0.179,1,2017-11-15 21:54:06.480
3289,15.590947,-94.895085,-29.459,4065.3,-30757.9,11310.2,524.4,742.8,924.5,2.472,0,0,203,122,-9.0,0.231,1,2017-11-15 22:02:19.780
3290,15.245789,-94.241024,-22.539,74227.3,-68952.0,4390.7,840.5,629.7,787.4,2.008,0,0,8,13,-9.0,0.239,1,2017-11-15 22:11:53.040
3291,16.379205,-94.965967,-9.521,-3524.3,56468.1,-8627.7,603.3,1076.4,1975.2,2.236,0,0,42,44,-9.0,0.251,1,2017-11-16 02:16:04.800
3292,15.831351,-94.928752,-45.387,456.6,-4155.6,27238.8,566.0,852.9,820.5,1.837,0,0,69,49,-9.0,0.171,1,2017-11-16 02:18:15.590
3293,16.413094,-94.962809,-11.633,-3186.3,60218.2,-6515.5,315.2,333.8,852.7,2.032,0,0,46,76,-9.0,0.18,1,2017-11-16 02:38:16.410
3294,15.349406,-94.646785,-9.976,30695.4,-57486.0,-8172.5,390.9,463.1,755.1,2.377,0,0,164,87,-9.0,0.246,1,2017-11-16 03:30:46.940
3295,16.547139,-95.167887,-8.956,-25113.1,75051.1,-9192.4,324.9,359.8,828.8,1.885,0,0,312,415,-9.0,0.164,1,2017-11-16 04:02:14.340
3296,16.407735,-94.962288,-10.983,-3131.3,59625.2,-7165.0,254.7,306.5,631.3,1.664,0,0,58,76,-9.0,0.139,1,2017-11-16 05:28:58.700
3297,15.905258,-95.218319,-3.849,-30554.0,4022.8,-14299.4,345.9,454.3,385.4,1.811,0,0,236,182,-9.0,0.176,1,2017-11-16 05:31:00.470
3298,14.881286,-93.302458,-16.827,-2330.0,-70.1,1428.5,845.8,580.5,591.7,2.551,0,0,21,18,-9.0,0.275,8,2017-11-16 05:57:41.140
3299,15.510375,-94.824406,-53.899,11642.7,-39673.7,35750.7,712.7,1299.0,1988.2,2.226,0,0,55,26,-9.0,0.249,1,2017-11-16 06:31:12.550
3300,16.71845,-94.970508,-8.21,-4007.0,94007.9,-9938.0,271.2,288.3,1383.9,1.324,0,0,41,41,-9.0,0.144,1,2017-11-16 07:11:39.620
3301,15.49454,-94.797437,-32.029,14533.9,-41425.8,13880.8,490.1,699.4,588.4,1.714,0,0,219,336,-9.0,0.237,1,2017-11-16 07:30:35.970
3302,15.691368,-94.983024,-23.176,-5358.1,-19645.7,5027.9,746.4,1095.8,1475.0,1.756,0,0,70,43,-9.0,0.234,1,2017-11-16 08:06:36.860
3303,16.02781,-95.199154,-7.365,-28493.7,17583.9,-10783.1,330.4,420.0,640.8,2.432,0,0,311,225,-9.0,0.184,1,2017-11-16 08:17:26.080
3304,16.047159,-95.204443,-12.47,-29058.2,19725.0,-5677.9,806.9,800.4,1196.9,1.894,0,0,112,134,-9.0,0.229,1,2017-11-16 08:18:53.390
3305,16.464983,-95.179606,-4.754,-26371.9,65960.1,-13394.4,225.7,245.8,273.2,1.651,0,0,253,406,-9.0,0.16,1,2017-11-16 08:54:46.960
3306,16.510848,-95.124894,-5.172,-20518.4,71035.3,-12976.0,639.9,687.6,695.2,1.569,0,0,475,430,-9.0,0.261,1,2017-11-16 09:15:21.730
3307,16.094941,-95.066829,-11.324,-14324.3,25012.4,-6823.9,484.2,468.1,671.3,1.622,0,0,20,30,-9.0,0.237,1,2017-11-16 09:36:11.030
3308,15.348136,-94.521004,-15.167,44184.3,-57626.4,-2981.7,530.8,676.2,642.5,1.715,0,0,50,29,-9.0,0.196,1,2017-11-16 10:05:50.430
3309,16.29877,-95.092847,-9.594,-17100.1,47567.5,-8554.2,361.3,440.2,1158.0,1.2,0,0,74,81,-9.0,0.232,1,2017-11-16 11:15:30.430
3310,15.471944,-94.658691,-24.27,29409.8,-43926.3,6121.2,407.2,349.7,572.3,2.059,0,0,395,326,-9.0,0.246,1,2017-11-16 11:31:25.350
3311,15.503996,-94.686466,-25.8,26429.7,-40379.6,7651.4,405.5,486.0,789.6,4.015,0,0,577,355,-9.0,0.219,1,2017-11-16 12:54:58.560
3312,15.494217,-94.683667,-22.586,26730.5,-41461.7,4437.2,464.1,434.7,725.6,3.448,0,0,567,328,-9.0,0.219,1,2017-11-16 14:04:29.070
3313,15.110493,-94.424495,-30.408,54564.5,-83923.3,12259.6,665.0,822.7,1253.6,2.212,0,0,49,20,-9.0,0.198,1,2017-11-16 14:29:37.920
3314,16.41638,-94.95883,-4.162,-2761.3,60581.8,-13986.1,315.4,411.5,473.0,2.538,0,0,52,53,-9.0,0.145,1,2017-11-16 15:11:13.720
3315,14.5213,-92.953304,-14.94,2905.2,-2638.9,1785.0,297.4,217.4,296.6,2.671,0,0,2,3,-9.0,0.201,23,2017-11-16 16:19:16.250
3316,15.128229,-94.386491,-53.106,58640.3,-81960.7,34957.8,945.8,1063.6,1854.9,2.118,0,0,28,6,-9.0,0.191,1,2017-11-16 16:28:00.120
3317,15.526124,-94.802751,-30.718,13963.3,-37931.0,12569.7,322.4,670.9,797.8,1.841,0,0,256,252,-9.0,0.278,1,2017-11-16 20:35:33.560
3318,16.474936,-95.145231,-0.089,-22694.8,67061.4,-18059.2,395.0,667.3,317.0,2.617,0,0,252,267,-9.0,0.169,1,2017-11-16 23:15:46.640
3319,15.710484,-95.04047,-41.291,-11513.0,-17530.3,23142.9,888.2,1002.5,2161.5,2.09,0,0,14,11,-9.0,0.116,1,2017-11-16 23:41:25.120
3320,16.401663,-95.113021,-14.521,-19253.9,58953.3,-3627.1,619.9,979.8,800.5,2.177,0,0,82,118,-9.0,0.235,1,2017-11-17 00:23:22.040
3321,15.589902,-94.770744,-27.293,17392.1,-30873.5,9145.1,566.1,424.3,644.7,2.438,0,0,343,216,-9.0,0.247,1,2017-11-17 00:57:38.600
3322,15.789749,-94.906356,-41.918,2855.7,-8759.0,23769.8,450.4,500.5,659.7,2.906,0,0,116,85,-9.0,0.155,1,2017-11-17 01:01:43.640
3323,15.650536,-95.113159,-29.126,-19304.4,-24163.9,10977.2,1205.3,1586.9,2308.7,1.943,0,0,13,9,-9.0,0.236,1,2017-11-17 01:32:10.340
3324,15.92034,-94.929549,-10.568,371.0,5691.7,-7580.4,631.8,710.9,927.0,2.066,0,0,13,19,-9.0,0.241,1,2017-11-17 02:01:04.360
3325,16.476701,-95.121875,-6.846,-20197.1,67256.6,-11302.0,291.3,520.2,672.0,1.775,0,0,208,361,-9.0,0.181,1,2017-11-17 02:16:46.250
3326,16.496807,-95.149235,-2.24,-23121.8,69481.6,-15908.6,290.5,309.4,216.1,1.829,0,0,435,393,-9.0,0.143,1,2017-11-17 03:14:18.450
3327,14.906001,-93.294141,-14.798,-1435.0,2664.5,-600.5,956.1,335.7,552.5,2.523,0,0,14,15,-9.0,0.276,8,2017-11-17 03:36:09.050
3328,15.652804,-94.691569,-31.958,25873.8,-23913.0,13809.3,594.5,606.6,899.3,1.529,0,0,28,59,-9.0,0.195,1,2017-11-17 03:55:57.160
3329,15.961461,-95.051326,-11.525,-12668.4,10242.0,-6623.1,873.6,1405.9,1152.5,2.257,0,0,8,10,-9.0,0.293,1,2017-11-17 03:56:52.960
3330,16.27171,-95.27452,-13.99,-71.6,-2549.6,389.7,19574.8,16405.5,20560.7,2.257,0,0,4,2,-9.0,0.92,26,2017-11-17 03:56:54.310
3331,15.851062,-95.071012,-50.252,-14780.9,-1974.4,32103.8,1107.8,1158.3,1694.8,3.319,0,0,11,7,-9.0,0.255,1,2017-11-17 04:08:49.940
3332,16.155323,-95.258317,-3.75,-34816.6,31694.1,-14398.8,535.0,627.9,573.1,1.216,0,0,169,177,-9.0,0.225,1,2017-11-17 04:53:39.330
3333,16.095618,-95.008504,-10.558,-8080.2,25087.3,-7590.3,639.9,938.0,1039.8,2.001,0,0,15,19,-9.0,0.212,1,2017-11-17 05:24:38.790
3334,16.529707,-95.121932,-11.736,-20200.4,73122.2,-6412.4,375.8,355.2,527.8,2.146,0,0,329,381,-9.0,0.165,1,2017-11-17 05:37:52.790
3335,16.26342,-95.1941,-3.553,-27936.2,43655.8,-14595.1,479.1,395.9,510.1,1.362,0,0,107,122,-9.0,0.194,1,2017-11-17 05:41:15.590
3336,16.486764,-95.143921,-1.09,-22554.0,68370.2,-17058.1,500.5,577.8,458.5,1.605,0,0,290,289,-9.0,0.196,1,2017-11-17 05:49:25.660
3337,15.425023,-94.698503,-31.046,25144.9,-49118.4,12897.5,476.4,437.2,726.4,2.834,0,0,645,450,-9.0,0.221,1,2017-11-17 05:55:15.630
3338,16.456769,-95.191439,-5.336,-27637.6,65051.0,-12812.7,633.8,477.1,1134.3,1.621,0,0,213,232,-9.0,0.242,1,2017-11-17 06:25:13.310
3339,15.460142,-94.713745,-20.159,23508.5,-45232.3,2010.8,577.5,695.7,683.1,2.293,0,0,311,251,-9.0,0.248,1,2017-11-17 06:26:43.340
3340,15.487525,-94.640243,-24.534,31386.6,-42202.1,6385.7,516.3,460.0,684.3,1.96,0,0,306,272,-9.0,0.234,1,2017-11-17 06:41:25.760
3341,14.927421,-93.906405,-39.661,-870.4,6248.4,2289.0,3151.0,2873.7,10675.2,1.722,0,0,21,12,-9.0,0.617,5,2017-11-17 07:12:57.300
3342,16.297332,-95.237354,-3.213,-32561.2,47408.3,-14934.9,413.9,275.3,422.6,1.23,0,0,122,132,-9.0,0.163,1,2017-11-17 09:29:15.100
3343,15.551425,-94.827262,-43.666,11335.0,-35131.2,25517.2,907.6,1319.0,2523.6,1.973,0,0,10,8,-9.0,0.237,1,2017-11-17 09:40:27.390
3344,15.453094,-94.731234,-22.296,21634.0,-46012.2,4147.4,341.2,462.9,785.4,2.031,0,0,360,331,-9.0,0.239,1,2017-11-17 10:27:50.550
3345,15.444451,-94.60341,-28.924,35338.6,-46968.6,10775.6,487.1,771.9,1168.6,2.324,0,0,330,234,-9.0,0.207,1,2017-11-17 10:39:42.160
3346,15.503483,-94.65166,-24.255,30161.4,-40436.3,6106.7,512.6,388.0,649.2,2.312,0,0,370,297,-9.0,0.205,1,2017-11-17 10:44:24.370
3347,15.011255,-94.237313,-35.848,74666.8,-94904.6,17699.1,587.7,930.4,3253.8,1.855,0,0,82,23,-9.0,0.222,1,2017-11-17 10:58:41.700
3348,15.720203,-94.970426,-18.587,-4008.6,-16454.9,439.0,1007.6,885.3,1313.1,1.915,0,0,13,11,-9.0,0.277,1,2017-11-17 11:00:55.740
3349,16.469749,-95.133309,-0.118,-21420.6,66487.4,-18030.1,459.1,752.6,548.8,2.235,0,0,233,298,-9.0,0.226,1,2017-11-17 11:37:51.510
3350,15.4894,-94.687337,-19.895,26337.9,-41994.6,1746.4,427.0,473.9,825.2,1.982,0,0,194,225,-9.0,0.233,1,2017-11-17 12:14:29.950
3351,16.692796,-94.93877,-12.905,-615.1,91169.0,-5243.5,399.9,235.8,569.4,1.941,0,0,35,48,-9.0,0.121,1,2017-11-17 13:14:06.780
3352,15.451326,-94.578101,-25.88,38051.3,-46207.8,7731.2,521.2,747.6,1296.2,1.91,0,0,98,85,-9.0,0.193,1,2017-11-17 15:18:26.860
3353,15.406948,-94.761312,-29.841,18410.9,-51118.6,11692.9,516.7,732.1,1217.6,2.31,0,0,249,162,-9.0,0.22,1,2017-11-17 15:20:39.960
3354,15.457401,-94.748804,-22.861,19749.8,-45535.7,4712.7,559.2,876.8,1078.4,1.83,0,0,181,134,-9.0,0.216,1,2017-11-17 17:02:17.860
3355,15.479201,-94.644466,-25.011,30934.0,-43123.3,6862.7,514.6,386.5,709.1,2.457,0,0,378,257,-9.0,0.208,1,2017-11-17 18:01:33.680
3356,15.643985,-95.031331,-43.39,-10535.9,-24888.8,25241.3,1194.8,1543.7,3087.0,1.689,0,0,15,16,-9.0,0.245,1,2017-11-17 18:15:42.740
3357,15.040369,-94.274618,-31.579,70658.7,-91682.9,13431.9,515.4,515.4,792.8,3.101,0,0,98,67,-9.0,0.213,1,2017-11-17 18:45:30.160
3358,15.552178,-94.789779,-25.585,15352.8,-35047.9,7437.0,426.5,509.5,684.6,2.109,0,0,224,103,-9.0,0.157,1,2017-11-17 22:17:19.480
3359,15.951797,-95.221208,-9.304,-30860.2,9172.7,-8844.4,447.3,474.0,483.4,2.067,0,0,204,207,-9.0,0.148,1,2017-11-17 23:12:36.940
3360,15.217669,-94.596525,-28.091,36096.8,-72063.6,9942.9,630.9,1095.8,1079.8,2.23,0,0,58,55,-9.0,0.238,1,2017-11-18 00:02:17.120
3361,16.801765,-94.050472,-45.048,-3498.5,-4502.3,22.5,23381.2,39403.2,43451.7,2.0,0,0,2,4,-9.0,1.331,17,2017-11-18 03:40:54.020
3362,15.988917,-95.20752,-7.558,-29391.4,13280.2,-10590.3,406.8,663.4,702.6,1.397,0,0,191,245,-9.0,0.172,1,2017-11-18 05:27:23.700
3363,16.076492,-95.046379,-12.082,-12135.5,22970.9,-6066.1,498.0,734.7,869.1,1.697,0,0,23,19,-9.0,0.215,1,2017-11-18 05:38:36.380
3364,16.260357,-95.231966,-5.41,-31987.5,43316.7,-12738.7,252.8,307.6,471.9,0.684,0,0,126,132,-9.0,0.151,1,2017-11-18 05:55:45.750
3365,15.894178,-95.240609,-4.795,-32942.3,2796.7,-13353.3,489.0,597.4,528.6,1.198,0,0,204,173,-9.0,0.234,1,2017-11-18 06:16:24.570
3366,16.112103,-95.31508,-1.238,-40895.8,26911.6,-16910.6,540.8,723.8,516.4,1.034,0,0,26,47,-9.0,0.201,1,2017-11-18 06:42:26.060
3367,16.26652,-95.107104,-2.409,-18627.7,43998.8,-15739.2,456.7,557.5,613.5,1.079,0,0,52,90,-9.0,0.129,1,2017-11-18 06:51:04.430
3368,16.270774,-95.497713,-14.877,-60421.8,44469.5,-3271.8,1021.5,1143.2,1123.0,1.155,0,0,8,8,-9.0,0.224,1,2017-11-18 07:03:39.000
3369,15.372538,-94.687785,-22.564,26297.0,-54926.3,4416.0,510.8,919.2,973.8,1.714,0,0,221,167,-9.0,0.223,1,2017-11-18 07:22:01.460
3370,15.621607,-94.887069,-24.25,4924.3,-27365.1,6101.6,772.8,539.4,703.5,3.149,0,0,231,107,-9.0,0.257,1,2017-11-18 07:28:14.580
3371,16.296347,-95.2962,-25.232,-38857.7,47299.3,7083.5,821.6,859.9,810.4,1.595,0,0,23,21,-9.0,0.162,1,2017-11-18 08:18:55.620
3372,16.52894,-95.112199,-11.441,-19159.7,73037.2,-6706.9,277.8,252.0,254.1,1.505,0,0,300,354,-9.0,0.125,1,2017-11-18 08:30:06.610
3373,16.097562,-95.167676,-9.374,-25118.8,25302.4,-8774.8,621.2,427.7,593.5,1.601,0,0,145,193,-9.0,0.227,1,2017-11-18 08:36:12.010
3374,16.409454,-94.964494,-12.197,-3366.8,59815.4,-5951.6,408.9,563.8,748.8,2.121,0,0,67,62,-9.0,0.158,1,2017-11-18 08:46:18.830
3375,15.835204,-94.892424,-38.933,4347.9,-3729.2,20784.5,553.4,514.4,648.0,2.178,0,0,63,79,-9.0,0.184,1,2017-11-18 09:05:26.410
3376,15.516459,-94.789062,-32.05,15431.6,-39000.4,13901.2,380.9,515.5,601.3,2.75,0,0,551,361,-9.0,0.195,1,2017-11-18 09:13:38.610
3377,16.479633,-95.216821,-10.518,-30350.4,67581.1,-7630.3,236.8,307.1,734.6,0.944,0,0,239,253,-9.0,0.188,1,2017-11-18 09:17:34.830
3378,16.160189,-95.244897,-2.802,-33379.6,32232.5,-15346.8,299.2,295.0,379.5,1.453,0,0,177,203,-9.0,0.18,1,2017-11-18 09:35:18.260
3379,15.435574,-94.740576,-30.703,20632.7,-47950.9,12554.3,343.3,364.3,620.6,2.224,0,0,626,488,-9.0,0.213,1,2017-11-18 10:11:44.790
3380,15.454348,-94.740609,-40.788,20628.7,-45873.5,22639.7,422.2,555.5,1360.2,2.14,0,0,299,276,-9.0,0.206,1,2017-11-18 10:12:53.510
3381,16.342454,-95.212777,-7.962,-29928.7,52401.4,-10186.5,340.9,313.4,714.5,1.129,0,0,129,144,-9.0,0.218,1,2017-11-18 10:26:56.780
3382,15.750747,-95.005949,-31.951,-7814.0,-13075.0,13802.7,669.7,849.0,1209.2,2.22,0,0,56,46,-9.0,0.201,1,2017-11-18 10:39:57.270
3383,14.840474,-94.37946,-22.815,59435.4,-113802.6,4667.0,3140.0,2856.3,3657.3,2.483,0,0,4,1,-9.0,0.267,1,2017-11-18 14:11:24.890
3384,15.653536,-94.699015,-32.22,25075.4,-23831.9,14071.6,623.0,622.0,833.9,2.61,0,0,29,48,-9.0,0.239,1,2017-11-18 14:23:41.710
3385,16.668221,-94.923348,-5.304,1033.4,88449.7,-12843.9,372.5,575.9,581.0,2.153,0,0,39,47,-9.0,0.175,1,2017-11-18 16:13:31.650
3386,14.913833,-94.221891,-34.454,76339.8,-105685.0,16305.8,628.1,754.5,1600.7,4.001,0,0,63,58,-9.0,0.25,1,2017-11-18 17:07:21.720
3387,15.43599,-94.710197,-50.913,1465.0,-2380.1,-4926.8,855.8,994.7,2020.2,2.322,0,0,3,2,-9.0,0.171,32,2017-11-18 17:16:15.080
3388,15.280512,-94.536271,-19.538,42553.6,-65109.4,1389.2,396.5,478.6,517.3,3.599,0,0,140,124,-9.0,0.237,1,2017-11-18 18:43:59.200
3389,15.377344,-94.661011,-19.928,29167.8,-54394.4,1780.0,427.3,374.2,556.1,2.321,0,0,223,177,-9.0,0.217,1,2017-11-18 18:56:46.200
3390,15.819942,-94.899365,-47.582,3604.6,-5418.1,29433.6,723.6,508.6,799.6,2.513,0,0,79,70,-9.0,0.242,1,2017-11-18 19:23:52.000
3391,15.95749,-95.255501,-6.218,-34532.1,9802.5,-11930.2,345.4,357.7,497.6,2.349,0,0,313,217,-9.0,0.227,1,2017-11-18 19:37:59.420
3392,16.370443,-95.157275,-13.103,-23989.6,55498.6,-5045.2,633.5,881.5,742.3,2.556,0,0,127,147,-9.0,0.301,1,2017-11-18 22:25:28.880
3393,16.508651,-95.496712,-8.943,-60278.3,70792.2,-9205.1,553.9,503.7,678.1,1.751,0,0,34,28,-9.0,0.244,1,2017-11-19 00:04:48.730
3394,15.814916,-94.901685,-46.286,3356.3,-5974.2,28137.2,458.5,375.6,438.8,2.194,0,0,82,78,-9.0,0.154,1,2017-11-19 00:23:35.440
3395,16.251653,-95.241488,-4.983,-33007.1,42353.6,-13165.1,291.8,301.5,357.9,1.308,0,0,104,145,-9.0,0.15,1,2017-11-19 00:50:16.530
3396,16.052937,-95.138102,-15.005,-21955.3,20364.4,-3143.5,475.0,422.4,712.2,1.62,0,0,85,73,-9.0,0.205,1,2017-11-19 01:01:01.300
3397,15.499908,-94.71805,-25.54,23044.0,-40831.9,7392.0,350.8,409.7,674.4,2.651,0,0,626,418,-9.0,0.205,1,2017-11-19 02:51:04.190
3398,16.323401,-95.133203,-16.676,-21417.2,50293.1,-1472.1,559.1,761.1,602.1,2.082,0,0,81,90,-9.0,0.227,1,2017-11-19 03:08:42.020
3399,16.385221,-95.023527,-14.273,-9681.7,57133.9,-3875.5,627.3,1099.5,1118.3,1.857,0,0,70,118,-9.0,0.331,1,2017-11-19 05:46:25.680
3400,15.857794,-95.250138,-5.073,-33966.3,-1229.5,-13075.4,445.6,554.5,623.1,1.583,0,0,149,78,-9.0,0.176,1,2017-11-19 06:09:33.290
3401,16.545764,-95.48973,-2.855,-59526.6,74898.9,-15292.9,532.6,607.8,671.6,1.716,0,0,26,12,-9.0,0.202,1,2017-11-19 06:15:34.670
3402,15.996253,-95.21368,-6.831,-30050.7,14091.9,-11317.2,282.3,282.6,460.3,1.3,0,0,269,288,-9.0,0.16,1,2017-11-19 06:33:23.120
3403,15.993952,-95.214014,-6.601,-30087.0,13837.4,-11547.5,431.1,444.1,596.0,1.491,0,0,315,236,-9.0,0.208,1,2017-11-19 06:39:05.880
3404,15.234733,-94.496916,-19.016,46779.7,-70175.3,867.4,1118.4,616.7,753.4,1.945,0,0,98,66,-9.0,0.238,1,2017-11-19 06:55:45.090
3405,16.483314,-95.503963,-11.006,-61058.1,67988.5,-7142.7,342.0,501.6,725.5,1.655,0,0,40,31,-9.0,0.244,1,2017-11-19 07:17:41.860
3406,16.111006,-94.978052,-1.931,-4820.3,26790.1,-16217.5,980.9,1497.3,778.5,1.82,0,0,4,5,-9.0,0.218,1,2017-11-19 07:29:14.260
3407,16.35625,-95.235376,-58.425,-32344.9,53928.0,40276.3,484.3,362.1,545.8,1.978,0,0,22,16,-9.0,0.203,1,2017-11-19 07:30:33.370
3408,15.059233,-93.639543,-29.646,7230.7,-3392.8,412.6,1206.3,986.4,2016.9,2.595,0,0,26,27,-9.0,0.309,2,2017-11-19 07:31:16.080
3409,16.69323,-94.940698,-12.646,-821.5,91217.1,-5502.2,230.2,206.9,370.6,2.055,0,0,60,60,-9.0,0.104,1,2017-11-19 07:52:56.220
3410,15.506823,-94.69598,-14.862,25409.9,-40066.7,-3286.6,621.4,611.5,843.8,1.474,0,0,108,81,-9.0,0.217,1,2017-11-19 08:28:38.960
3411,15.459285,-94.760303,-29.836,18516.6,-45327.0,11687.7,495.8,403.1,614.4,1.387,0,0,244,238,-9.0,0.169,1,2017-11-19 08:35:02.550
3412,16.031303,-94.892505,-51.849,679.6,3602.3,-2141.0,1401.4,2781.3,3210.9,2.19,0,0,4,4,-9.0,0.223,31,2017-11-19 08:57:18.940
3413,14.999973,-94.22561,-58.077,75925.4,-96153.1,39928.8,1396.5,1142.3,2146.9,2.311,0,0,84,38,-9.0,0.239,1,2017-11-19 08:57:27.440
3414,16.520198,-95.072493,-5.696,-14914.9,72069.9,-12452.2,226.2,299.8,457.0,1.679,0,0,214,289,-9.0,0.128,1,2017-11-19 09:09:20.160
3415,15.339669,-94.618774,-17.862,33700.1,-58563.5,-286.4,515.7,751.9,580.7,2.31,0,0,253,175,-9.0,0.242,1,2017-11-19 09:19:13.080
3416,16.185995,-95.011483,-30.188,1424.9,-999.9,2021.0,5127.9,2892.2,11612.4,1.417,0,0,5,6,-9.0,0.512,12,2017-11-19 09:41:33.230
3417,16.015373,-95.265649,-6.12,-35613.4,16207.7,-12028.5,289.6,312.9,543.2,1.521,0,0,250,195,-9.0,0.156,1,2017-11-19 09:46:47.170
3418,15.228115,-94.33186,-3.274,64486.7,-70907.7,-14874.7,2051.1,1551.0,1564.7,1.567,0,0,4,3,-9.0,0.165,1,2017-11-19 09:53:35.670
3419,14.845279,-93.263175,-14.96,1897.1,-4054.1,-437.8,559.2,712.9,1012.5,2.454,0,0,29,20,-9.0,0.266,8,2017-11-19 10:12:27.610
3420,15.340286,-94.634896,-21.48,31970.6,-58495.2,3331.2,506.6,408.0,740.1,1.821,0,0,223,194,-9.0,0.259,1,2017-11-19 10:37:18.780
3421,15.491757,-94.777702,-30.261,16649.8,-41733.9,12112.4,396.5,748.2,1023.4,1.842,0,0,316,320,-9.0,0.191,1,2017-11-19 10:51:03.600
3422,15.475128,-94.812419,-20.234,12928.6,-43574.0,2085.9,761.3,798.8,932.0,1.325,0,0,60,23,-9.0,0.2,1,2017-11-19 12:12:38.970
3423,16.484495,-95.083765,-4.511,-16121.6,68119.2,-13637.8,227.8,290.9,393.4,2.186,0,0,299,331,-9.0,0.15,1,2017-11-19 12:41:43.470
3424,16.477575,-95.098771,-3.136,-17726.8,67353.4,-15012.7,266.3,279.4,611.7,1.571,0,0,213,384,-9.0,0.123,1,2017-11-19 12:43:39.880
3425,16.089999,-95.162712,-9.406,-24588.4,24465.6,-8742.8,340.0,298.8,456.7,2.097,0,0,142,200,-9.0,0.193,1,2017-11-19 12:51:47.750
3426,16.379826,-95.258065,-54.982,-34770.3,56536.9,36833.8,489.3,572.0,599.4,1.971,0,0,21,12,-9.0,0.22,1,2017-11-19 13:19:05.750
3427,15.930172,-95.264478,-5.574,-35495.8,6779.6,-12574.3,440.6,379.1,494.5,1.613,0,0,191,148,-9.0,0.208,1,2017-11-19 15:31:22.420
3428,15.564702,-94.885246,-25.966,5120.1,-33662.0,7817.5,488.3,644.2,852.6,1.92,0,0,146,158,-9.0,0.208,1,2017-11-19 16:18:52.090
3429,15.897901,-94.893888,-55.014,4190.7,3208.7,36865.4,551.6,849.9,1185.9,1.976,0,0,45,37,-9.0,0.201,1,2017-11-19 16:54:21.070
3430,15.666131,-94.958895,-28.014,-2772.7,-22438.3,9865.3,582.2,677.7,775.8,2.147,0,0,114,121,-9.0,0.252,1,2017-11-19 18:35:52.480
3431,15.662253,-94.973421,-61.702,-9380.7,363.6,268.8,947.3,1499.0,1316.7,1.805,0,0,9,4,-9.0,0.405,6,2017-11-19 20:05:42.640
3432,16.395623,-95.267993,-31.146,-35830.5,58284.9,12997.3,444.4,792.4,887.1,1.417,0,0,11,11,-9.0,0.15,1,2017-11-19 21:27:53.140
3433,15.859105,-94.947974,-46.56,-1602.3,-1084.3,28411.3,487.8,515.4,763.9,2.172,0,0,44,62,-9.0,0.226,1,2017-11-19 22:08:20.360
3434,16.123996,-95.280697,-11.285,-37214.5,28227.5,-6863.2,338.3,326.2,361.9,1.741,0,0,82,156,-9.0,0.167,1,2017-11-19 22:34:16.760
3435,16.329694,-95.20765,-43.442,-29381.4,50989.4,25293.3,608.2,553.8,1306.9,1.495,0,0,11,7,-9.0,0.232,1,2017-11-19 23:51:08.700
3436,15.537024,-94.621606,-28.848,33380.3,-36724.8,10699.7,647.6,441.9,1161.9,2.174,0,0,130,150,-9.0,0.17,1,2017-11-20 00:49:18.460
3437,16.625809,-98.6125,-11.981,2160.3,554.3,-818.6,6442.7,7322.8,7339.6,1.034,0,0,4,4,-9.0,0.493,15,2017-11-20 01:12:58.790
3438,15.886374,-94.981559,-8.05,-5198.9,1933.0,-10098.4,736.0,760.9,1332.5,1.693,0,0,3,5,-9.0,0.228,1,2017-11-20 01:52:28.450
3439,15.611871,-94.945508,-35.458,-1338.5,-28442.4,17309.5,883.3,717.7,2166.8,1.813,0,0,40,31,-9.0,0.222,1,2017-11-20 02:06:17.640
3440,15.282859,-94.343823,-34.233,63194.7,-64849.8,16084.6,864.9,1016.9,2568.9,1.799,0,0,20,23,-9.0,0.223,1,2017-11-20 02:52:32.100
3441,15.690405,-94.831885,-30.232,10836.6,-19752.2,12083.4,697.0,697.2,1057.3,1.68,0,0,152,143,-9.0,0.23,1,2017-11-20 04:29:28.130
3442,15.299996,-94.461458,-12.975,50575.3,-62953.5,-5173.4,702.7,716.2,801.0,2.494,0,0,69,81,-9.0,0.229,1,2017-11-20 04:37:29.490
3443,16.236348,-95.246004,-3.974,-33491.5,40660.1,-14174.0,388.5,498.0,415.8,1.181,0,0,130,143,-9.0,0.148,1,2017-11-20 04:43:27.740
3444,16.428699,-95.183521,-13.283,-26792.8,61945.0,-4865.3,785.4,961.4,1303.1,1.61,0,0,2,78,-9.0,0.234,1,2017-11-20 04:49:05.490
3445,15.966605,-95.249365,-6.985,-33874.6,10811.1,-11162.9,344.2,334.4,647.3,1.107,0,0,268,197,-9.0,0.199,1,2017-11-20 04:54:05.590
3446,16.462094,-95.504264,-13.996,-61093.6,65640.4,-4152.4,457.3,755.9,951.7,1.568,0,0,11,16,-9.0,0.174,1,2017-11-20 05:15:25.010
3447,15.430216,-94.693563,-22.954,25673.8,-48543.7,4805.9,336.5,595.2,857.2,2.202,0,0,456,311,-9.0,0.286,1,2017-11-20 06:43:32.750
3448,16.693689,-94.937109,-12.128,-437.6,91267.8,-6020.4,238.5,189.4,423.2,1.771,0,0,68,59,-9.0,0.104,1,2017-11-20 06:52:05.610
3449,15.984277,-95.248283,-6.287,-33757.2,12766.8,-11861.4,363.2,521.4,801.0,1.451,0,0,274,221,-9.0,0.201,1,2017-11-20 07:15:15.000
3450,15.977533,-95.13195,-11.366,-21300.7,12020.5,-6782.7,354.9,302.1,437.3,2.133,0,0,251,210,-9.0,0.205,1,2017-11-20 07:54:00.540
3451,14.984891,-94.366789,-21.117,60774.8,-97822.0,2968.3,815.9,570.5,615.4,2.659,0,0,57,28,-9.0,0.24,1,2017-11-20 08:28:39.170
3452,15.444062,-94.769873,-20.939,17491.3,-47011.6,2791.0,451.2,529.6,1004.4,1.441,0,0,193,102,-9.0,0.224,1,2017-11-20 08:44:00.600
3453,16.512725,-95.109513,-11.031,-18873.7,71242.9,-7117.5,263.7,248.9,260.3,0.968,0,0,199,358,-9.0,0.105,1,2017-11-20 08:58:54.460
3454,15.377325,-94.725008,-36.312,22304.8,-54396.5,18163.8,556.5,725.2,2226.1,2.26,0,0,368,195,-9.0,0.277,1,2017-11-20 09:01:15.240
3455,16.352591,-95.113696,-15.134,-19328.6,53523.1,-3014.8,792.3,960.0,746.8,1.656,0,0,82,66,-9.0,0.254,1,2017-11-20 09:05:23.740
3456,16.465064,-95.155558,-4.032,-23800.1,65969.0,-14116.0,263.9,423.0,349.0,1.774,0,0,260,377,-9.0,0.173,1,2017-11-20 09:17:15.330
3457,15.295379,-94.089404,-33.22,-558.5,-5645.5,-793.8,1761.3,1539.5,6450.0,1.614,0,0,12,11,-9.0,0.389,4,2017-11-20 10:45:23.000
3458,15.903155,-94.931226,-2.705,192.0,3790.0,-15442.2,750.0,766.8,705.7,2.085,0,0,4,8,-9.0,0.24,1,2017-11-20 12:26:17.410
3459,16.382373,-95.21145,-17.419,-29783.2,56818.7,-728.9,628.2,870.8,694.0,2.063,0,0,37,69,-9.0,0.23,1,2017-11-20 15:04:14.520
3460,14.940666,-94.217977,-35.789,76755.3,-102715.8,17641.1,649.5,816.2,2128.8,2.289,0,0,38,43,-9.0,0.224,1,2017-11-20 17:15:52.480
3461,16.566772,-95.174821,-8.679,-25853.6,77223.7,-9469.2,413.5,573.2,905.9,2.602,0,0,292,294,-9.0,0.24,1,2017-11-20 17:27:11.220
3462,15.971821,-94.216715,-96.639,1685.3,3764.8,2234.3,2310.2,2327.0,2294.7,2.191,0,0,8,8,-9.0,0.324,21,2017-11-20 20:34:26.840
3463,16.356941,-95.225334,-50.226,-31271.0,54004.4,32077.8,791.6,691.6,899.1,1.805,0,0,7,5,-9.0,0.224,1,2017-11-20 21:39:26.040
3464,16.058037,-95.216667,-10.387,-30366.3,20928.8,-7761.4,578.8,618.5,590.3,1.843,0,0,250,240,-9.0,0.247,1,2017-11-21 00:07:15.510
3465,16.503653,-95.177205,-10.805,-26113.0,70239.1,-7343.3,273.0,287.3,531.1,2.003,0,0,279,428,-9.0,0.136,1,2017-11-21 00:08:18.460
3466,15.381023,-94.737183,-30.858,20999.6,-53987.3,12710.1,562.0,872.2,893.5,1.933,0,0,172,143,-9.0,0.223,1,2017-11-21 00:19:02.140
3467,16.431418,-95.193229,-15.392,-27831.1,62245.9,-2756.7,829.6,1060.7,1065.2,1.703,0,0,18,51,-9.0,0.266,1,2017-11-21 01:27:30.770
3468,15.484017,-94.942635,-24.06,-1031.0,-42590.3,5912.0,1051.5,978.7,1145.4,1.705,0,0,38,27,-9.0,0.242,1,2017-11-21 02:06:02.910
3469,15.363557,-94.702352,-17.21,24735.5,-55920.1,-938.2,613.9,565.8,665.3,1.964,0,0,116,86,-9.0,0.31,1,2017-11-21 02:17:20.640
3470,15.336479,-94.089046,-42.429,-520.3,-1097.8,8415.0,1224.9,1013.3,1481.9,1.93,0,0,13,10,-9.0,0.356,4,2017-11-21 02:25:50.280
3471,15.27461,-94.280575,-25.175,69979.5,-65762.6,7026.9,680.0,730.9,1208.4,2.9,0,0,35,34,-9.0,0.223,1,2017-11-21 02:27:39.540
3472,16.594304,-94.615007,-6.748,294.3,-301.9,1025.1,371.4,316.1,330.1,1.588,0,0,7,7,-9.0,0.125,13,2017-11-21 02:34:13.730
3473,16.048268,-95.203288,-9.82,-28934.2,19847.8,-8328.6,341.9,292.8,589.8,1.68,0,0,215,267,-9.0,0.2,1,2017-11-21 03:41:44.040
3474,16.258636,-95.226912,-5.099,-31447.7,43126.4,-13049.3,296.5,299.2,457.4,1.081,0,0,133,132,-9.0,0.137,1,2017-11-21 03:49:06.510
3475,16.497,-98.444002,-4.66,1014.3,3779.2,-3990.0,463.0,319.0,603.1,0.995,0,0,3,3,-9.0,0.101,34,2017-11-21 04:42:42.010
3476,15.35031,-94.659774,-7.532,29302.3,-57385.9,-10616.2,678.7,637.7,759.9,2.569,0,0,92,29,-9.0,0.259,1,2017-11-21 04:43:44.020
3477,15.970668,-95.251945,-7.205,-34150.3,11260.8,-10942.9,261.4,291.9,572.2,1.506,0,0,225,213,-9.0,0.173,1,2017-11-21 05:21:56.450
3478,15.428021,-94.672323,-28.949,27950.9,-48786.6,10800.9,603.5,629.4,1445.1,1.655,0,0,256,267,-9.0,0.228,1,2017-11-21 05:35:40.970
3479,16.478092,-95.11862,-9.523,-19848.8,67410.7,-8625.8,486.3,447.6,1998.6,1.38,0,0,332,380,-9.0,0.141,1,2017-11-21 05:46:20.160
3480,16.391569,-95.409481,-24.148,-50965.7,57836.3,5999.5,594.0,1039.0,947.6,1.8,0,0,8,2,-9.0,0.161,1,2017-11-21 05:51:58.370
3481,16.490114,-95.191357,-3.895,-27626.9,68741.0,-14253.3,218.4,226.4,305.6,1.174,0,0,185,355,-9.0,0.147,1,2017-11-21 05:54:03.850
3482,16.023419,-95.204818,-7.455,-29100.0,17098.1,-10693.7,318.4,392.2,444.9,1.66,0,0,328,244,-9.0,0.15,1,2017-11-21 06:00:39.810
3483,16.186837,-95.254655,-19.874,-34421.5,35181.3,1726.5,504.1,858.2,554.9,1.619,0,0,20,24,-9.0,0.226,1,2017-11-21 06:06:15.610
3484,15.352144,-94.651839,-19.819,30152.9,-57183.0,1670.2,445.0,578.3,673.4,2.241,0,0,321,176,-9.0,0.214,1,2017-11-21 06:14:10.090
3485,16.476927,-95.1264,-4.836,-20681.4,67281.7,-13312.5,293.1,251.8,560.5,1.5,0,0,445,399,-9.0,0.175,1,2017-11-21 07:10:48.520
3486,15.655301,-94.866146,-15.957,7165.9,-23636.7,-2191.3,932.5,668.3,794.6,0.939,0,0,40,27,-9.0,0.202,1,2017-11-21 07:13:43.750
3487,16.538995,-95.199788,-2.97,-28525.2,74150.0,-15178.5,298.1,319.5,452.7,1.651,0,0,316,335,-9.0,0.166,1,2017-11-21 07:17:33.750
3488,16.519743,-95.040202,-4.802,-11461.2,72019.5,-13346.3,343.9,471.6,735.6,2.106,0,0,190,209,-9.0,0.149,1,2017-11-21 07:26:15.670
3489,16.223943,-95.270809,-19.325,-36147.2,39287.4,1177.0,930.7,1449.1,813.5,1.893,0,0,11,8,-9.0,0.17,1,2017-11-21 07:44:33.460
3490,15.35174,-94.680306,-29.956,27100.0,-57227.8,11807.2,416.1,510.9,564.1,1.612,0,0,310,318,-9.0,0.235,1,2017-11-21 07:57:05.820
3491,16.158429,-95.260905,-19.937,-35093.0,32037.8,1788.5,457.8,642.3,573.4,1.596,0,0,31,33,-9.0,0.228,1,2017-11-21 08:21:19.760
3492,16.538324,-95.206885,-10.986,-29284.1,74075.7,-7162.0,271.3,271.0,441.5,1.182,0,0,248,335,-9.0,0.126,1,2017-11-21 08:24:19.810
3493,16.10828,-97.553019,-6.267,2214.3,-1281.8,-3634.4,415.8,379.4,589.8,1.552,0,0,19,12,-9.0,0.118,3,2017-11-21 08:37:13.360
3494,16.472497,-95.158057,-5.418,-24066.7,66791.5,-12730.3,331.9,416.4,595.0,1.695,0,0,384,317,-9.0,0.155,1,2017-11-21 08:57:44.490
3495,15.398571,-94.719548,-33.263,22889.8,-52045.6,15114.8,392.8,534.8,1496.2,1.483,0,0,257,315,-9.0,0.245,1,2017-11-21 09:06:12.220
3496,15.869562,-94.98291,-14.626,-5343.6,72.8,-3522.4,1003.8,1033.0,1213.9,4.119,0,0,7,11,-9.0,0.19,1,2017-11-21 12:49:26.220
3497,15.422001,-94.655721,-19.914,29731.4,-49452.8,1766.0,459.5,632.1,839.0,1.912,0,0,265,150,-9.0,0.205,1,2017-11-21 13:13:37.600
3498,15.266112,-94.611873,-30.849,34446.1,-66703.0,12701.0,471.5,730.6,797.5,2.598,0,0,114,105,-9.0,0.219,1,2017-11-21 13:33:20.730
3499,16.294875,-95.392301,-22.101,-49139.4,47136.5,3952.2,622.5,990.7,686.5,2.127,0,0,23,22,-9.0,0.169,1,2017-11-21 13:49:30.280
3500,15.196587,-94.487264,-20.077,47819.3,-74396.4,1928.8,912.2,773.0,725.0,2.226,0,0,40,48,-9.0,0.301,1,2017-11-21 13:52:45.100
3501,15.46607,-94.689372,-24.218,26121.2,-44576.3,6069.7,441.1,1167.3,1061.4,1.851,0,0,211,134,-9.0,0.203,1,2017-11-21 19:50:11.680
3502,16.353898,-95.205949,-60.272,-29197.0,53667.8,42123.3,510.9,365.6,557.2,2.29,0,0,23,17,-9.0,0.193,1,2017-11-21 21:46:00.240
3503,15.532278,-94.736833,-30.344,21028.9,-37250.0,12195.5,456.1,445.6,752.4,2.216,0,0,275,219,-9.0,0.197,1,2017-11-21 22:46:09.320
3504,15.506953,-94.815601,-30.873,12586.7,-40052.4,12725.0,383.3,544.2,741.8,2.043,0,0,203,187,-9.0,0.16,1,2017-11-21 23:20:44.600
3505,16.681019,-95.585295,-0.11,-5456.0,-5538.5,53.4,3586.5,8757.0,3286.1,1.8,0,0,3,1,-9.0,0.456,9,2017-11-22 00:18:58.800
3506,15.360899,-94.683325,-50.821,26775.9,-56214.2,32673.1,638.4,519.4,823.0,2.525,0,0,70,111,-9.0,0.229,1,2017-11-22 00:42:49.490
3507,15.084867,-94.319352,-32.159,65850.8,-86758.9,14010.8,731.4,802.4,1185.0,3.031,0,0,79,23,-9.0,0.227,1,2017-11-22 00:51:52.130
3508,16.455686,-95.147746,-5.959,-22965.1,64931.3,-12189.1,406.3,454.8,617.5,1.862,0,0,263,282,-9.0,0.168,1,2017-11-22 01:13:56.120
3509,15.455772,-94.757349,-42.829,18833.2,-45715.9,24680.6,440.8,412.4,956.7,2.018,0,0,340,371,-9.0,0.179,1,2017-11-22 02:25:09.380
3510,15.926142,-95.250252,-3.716,-33972.3,6333.8,-14432.5,740.5,900.7,966.4,1.275,0,0,192,130,-9.0,0.203,1,2017-11-22 02:50:40.220
3511,16.142197,-95.376001,-38.471,2220.0,3894.8,3465.8,1252.6,1762.8,3374.0,1.25,0,0,6,5,-9.0,0.227,27,2017-11-22 02:57:26.630
3512,15.93525,-95.213566,-6.532,-30042.9,7341.6,-11616.2,358.9,610.1,665.0,1.216,0,0,252,230,-9.0,0.183,1,2017-11-22 03:08:57.530
3513,15.470576,-94.777555,-31.855,16666.8,-44077.8,13706.3,766.8,852.2,1477.7,1.771,0,0,204,267,-9.0,0.192,1,2017-11-22 03:17:13.430
3514,16.483951,-95.182975,-9.796,-26731.3,68059.0,-8352.4,274.6,246.0,408.7,1.32,0,0,281,414,-9.0,0.149,1,2017-11-22 04:47:41.430
3515,16.516463,-95.086174,-12.371,-16377.4,71656.7,-5776.9,293.9,280.4,381.4,1.414,0,0,195,290,-9.0,0.13,1,2017-11-22 05:08:32.190
3516,16.08158,-95.228092,-11.181,-31587.7,23533.9,-6967.1,269.5,392.6,494.9,2.088,0,0,216,206,-9.0,0.194,1,2017-11-22 05:17:06.910
3517,14.837879,-94.327384,-30.907,65026.6,-114089.8,12758.3,2760.9,2542.3,4115.3,1.629,0,0,8,1,-9.0,0.228,1,2017-11-22 05:38:43.280
3518,15.86013,-95.271688,-7.125,-36274.2,-971.0,-11023.6,274.6,449.3,745.9,1.955,0,0,115,97,-9.0,0.173,1,2017-11-22 05:45:12.510
3519,16.499002,-95.06582,-4.045,-14201.5,69724.5,-14103.6,286.2,545.5,330.5,2.093,0,0,295,311,-9.0,0.182,1,2017-11-22 05:47:16.070
3520,15.942,-95.214941,-4.335,-30189.7,8088.6,-13812.9,353.1,402.5,426.2,1.3,0,0,234,225,-9.0,0.193,1,2017-11-22 05:55:49.890
3521,15.419492,-94.722754,-28.254,22544.7,-49730.5,10105.8,491.8,559.4,781.3,2.197,0,0,291,299,-9.0,0.234,1,2017-11-22 06:05:08.100
3522,15.947796,-95.735498,-27.26,-493.0,1416.0,-694.9,1383.8,1904.8,1687.6,1.278,0,0,4,6,-9.0,0.22,24,2017-11-22 06:06:41.270
3523,15.523459,-94.795264,-18.145,14765.9,-38225.9,-3.1,757.7,562.6,861.7,1.474,0,0,161,75,-9.0,0.221,1,2017-11-22 06:27:56.690
3524,15.945603,-95.240951,-8.425,-32974.9,8487.2,-9723.0,460.8,647.8,568.0,1.658,0,0,270,140,-9.0,0.214,1,2017-11-22 06:36:13.600
3525,16.091966,-95.23833,-10.566,-32682.1,24683.2,-7582.0,371.0,495.3,693.8,1.611,0,0,186,192,-9.0,0.271,1,2017-11-22 06:40:27.200
3526,14.952734,-93.848055,-36.545,5407.6,9049.3,-826.5,3595.8,2890.0,8658.7,1.806,0,0,12,5,-9.0,0.466,5,2017-11-22 07:01:15.170
3527,16.255401,-95.226603,-5.532,-31414.3,42768.4,-12616.3,338.0,293.2,355.9,0.89,0,0,115,157,-9.0,0.138,1,2017-11-22 07:07:55.600
3528,16.317787,-95.273177,-13.21,72.3,2549.3,-389.5,19753.5,17555.6,21510.3,2.705,0,0,4,2,-9.0,0.92,26,2017-11-22 07:22:48.860
3529,15.462754,-94.825936,-51.634,11479.8,-44943.2,33485.1,1164.4,1607.4,2769.6,1.753,0,0,4,4,-9.0,0.166,1,2017-11-22 07:29:45.130
3530,15.52305,-94.655802,-11.0,29715.5,-38271.1,-7148.0,641.2,622.8,611.8,1.688,0,0,69,67,-9.0,0.199,1,2017-11-22 07:33:15.460
3531,16.298124,-95.14353,-1.665,-22522.8,47496.0,-16483.2,446.0,445.2,513.9,1.35,0,0,132,148,-9.0,0.146,1,2017-11-22 07:44:33.400
3532,16.147032,-95.259806,-3.243,-34976.3,30776.6,-14905.6,369.6,365.1,414.5,1.229,0,0,122,141,-9.0,0.167,1,2017-11-22 08:08:03.250
3533,16.151824,-95.283748,-0.884,-37538.3,31306.9,-17264.7,521.5,574.2,626.9,1.305,0,0,99,67,-9.0,0.237,1,2017-11-22 08:17:29.590
3534,16.401878,-95.34196,-13.609,-43742.1,58977.0,-4539.2,770.9,979.5,1055.8,1.777,0,0,5,5,-9.0,0.128,1,2017-11-22 08:18:24.930
3535,16.103511,-95.28881,-9.209,-38084.8,25960.7,-8939.7,491.0,614.6,525.1,1.135,0,0,68,159,-9.0,0.198,1,2017-11-22 08:20:22.350
3536,15.952116,-95.270597,-10.082,-36148.8,9207.9,-8066.7,999.9,980.8,729.9,2.065,0,0,181,116,-9.0,0.252,1,2017-11-22 08:29:57.020
3537,16.345651,-95.199015,-61.468,-28455.8,52755.2,43319.6,562.6,441.6,638.8,1.595,0,0,14,11,-9.0,0.192,1,2017-11-22 08:32:42.430
3538,15.496535,-94.772339,-31.775,17224.4,-41205.2,13626.4,444.1,833.2,992.7,1.374,0,0,241,290,-9.0,0.219,1,2017-11-22 08:51:57.550
3539,16.692194,-94.924618,-5.893,897.6,91102.4,-12255.3,282.3,269.8,448.6,1.917,0,0,54,55,-9.0,0.106,1,2017-11-22 09:09:56.710
3540,14.801198,-93.729305,-29.809,-2600.0,-2268.4,3529.3,4847.5,4079.3,6671.8,1.554,0,0,2,3,-9.0,0.359,25,2017-11-22 09:40:25.320
3541,15.556729,-94.85494,-32.386,8368.9,-34544.3,14237.7,454.2,397.5,676.8,2.993,0,0,355,260,-9.0,0.209,1,2017-11-22 10:08:30.220
3542,15.512821,-94.825423,-32.804,11533.2,-39403.0,14655.3,466.1,592.2,820.2,2.234,0,0,255,289,-9.0,0.207,1,2017-11-22 11:54:31.740
3543,16.492067,-95.147713,-2.138,-22959.2,68957.1,-16010.8,323.2,546.4,362.9,2.415,0,0,398,399,-9.0,0.181,1,2017-11-22 18:08:53.860
3544,15.564487,-94.859115,-26.463,7921.4,-33685.9,8314.8,480.4,615.2,731.1,2.01,0,0,130,91,-9.0,0.222,1,2017-11-22 23:25:34.200
3545,15.56384,-94.856974,-25.697,8150.7,-33757.5,7548.9,431.1,490.9,711.2,2.225,0,0,270,233,-9.0,0.217,1,2017-11-23 01:55:41.330
3546,16.534572,-95.121102,-10.428,-20111.9,73660.6,-7720.6,238.1,245.6,290.1,1.547,0,0,180,353,-9.0,0.105,1,2017-11-23 02:46:04.980
3547,15.736653,-94.860856,-34.417,7731.4,-14634.6,16268.6,671.9,613.1,1353.0,2.74,0,0,85,59,-9.0,0.207,1,2017-11-23 03:19:07.660
3548,15.491037,-94.785522,-29.431,15811.3,-41813.5,11282.8,398.2,317.7,566.5,1.689,0,0,311,245,-9.0,0.163,1,2017-11-23 03:32:01.980
3549,15.501555,-94.805469,-32.518,13673.1,-40649.7,14369.7,478.3,399.7,886.7,2.465,0,0,212,369,-9.0,0.226,1,2017-11-23 03:34:44.930
3550,14.834433,-93.886556,-36.443,1265.7,-4040.4,-929.1,3815.1,3020.5,9744.9,2.67,0,0,25,12,-9.0,0.71,5,2017-11-23 03:53:33.880
3551,15.038578,-93.662712,-28.156,4739.9,-5678.2,-1076.8,1108.3,943.2,2277.8,2.473,0,0,24,28,-9.0,0.32,2,2017-11-23 04:36:15.430
3552,16.515086,-95.096965,-11.673,-17531.2,71504.2,-6475.7,276.0,257.4,289.0,1.843,0,0,245,340,-9.0,0.111,1,2017-11-23 05:11:31.400
3553,16.469405,-95.152645,-5.966,-23488.3,66449.4,-12182.0,309.0,436.5,452.5,2.045,0,0,409,465,-9.0,0.167,1,2017-11-23 06:51:42.440
3554,16.474896,-95.153361,-5.436,-23564.6,67057.0,-12712.0,258.2,262.2,902.5,1.739,0,0,348,520,-9.0,0.152,1,2017-11-23 06:55:12.570
3555,16.514065,-95.091024,-12.415,-16895.9,71391.2,-5733.7,391.3,251.9,550.3,1.302,0,0,190,263,-9.0,0.12,1,2017-11-23 08:04:29.030
3556,16.521805,-95.10459,-11.386,-18347.0,72247.8,-6762.5,270.4,250.3,213.3,1.177,0,0,190,344,-9.0,0.108,1,2017-11-23 08:12:19.640
3557,16.327973,-95.054574,-8.005,-13004.2,50799.0,-10143.7,502.2,613.6,1443.0,1.058,0,0,40,92,-9.0,0.225,1,2017-11-23 08:22:52.240
3558,15.451512,-94.601058,-26.274,35590.0,-46187.3,8125.7,608.9,704.0,1440.5,1.819,0,0,170,171,-9.0,0.204,1,2017-11-23 08:39:54.570
3559,15.479158,-94.780892,-44.893,16308.9,-43128.2,26744.3,430.5,403.0,919.8,2.646,0,0,497,366,-9.0,0.192,1,2017-11-23 08:44:21.830
3560,15.337823,-94.650293,-12.421,30320.2,-58767.7,-5727.4,437.6,777.3,589.0,2.884,0,0,218,127,-9.0,0.223,1,2017-11-23 08:46:51.910
3561,16.224899,-95.238338,-3.338,-32672.7,39393.2,-14810.8,474.0,1001.4,654.5,1.144,0,0,152,133,-9.0,0.232,1,2017-11-23 08:49:11.370
3562,15.812426,-94.9014,-45.178,3386.6,-6249.7,27029.4,466.7,518.6,415.8,1.941,0,0,78,79,-9.0,0.144,1,2017-11-23 08:55:42.920
3563,16.487632,-95.077466,-4.5,-15447.2,68466.3,-13648.0,275.0,279.0,417.5,1.558,0,0,334,346,-9.0,0.166,1,2017-11-23 09:34:58.540
3564,16.50026,-95.151839,-4.163,-23400.2,69863.7,-13985.8,276.7,276.3,607.8,1.101,0,0,274,530,-9.0,0.174,1,2017-11-23 09:40:44.620
3565,15.822063,-94.900431,-45.652,3490.3,-5183.3,27503.9,459.6,431.1,434.9,2.193,0,0,106,80,-9.0,0.166,1,2017-11-23 09:57:03.040
3566,16.243946,-95.372616,-4.638,-47039.3,41500.8,-13510.1,529.6,646.3,675.9,1.652,0,0,39,40,-9.0,0.205,1,2017-11-23 10:09:45.690
3567,15.261957,-94.622282,-26.57,33329.9,-67162.8,8421.2,459.3,716.5,845.4,1.666,0,0,141,140,-9.0,0.231,1,2017-11-23 10:34:57.000
3568,15.320598,-94.792977,-18.274,15018.8,-60673.7,126.1,960.0,778.6,932.4,2.619,0,0,13,11,-9.0,0.24,1,2017-11-23 10:53:08.740
3569,15.958368,-95.218677,-7.7,-30589.1,9899.7,-10448.2,250.0,359.3,482.7,1.442,0,0,298,229,-9.0,0.15,1,2017-11-23 10:59:26.670
3570,15.898366,-95.209115,-5.395,-29569.1,3260.2,-12753.4,300.8,394.6,615.6,1.717,0,0,235,181,-9.0,0.148,1,2017-11-23 11:11:06.320
3571,15.240747,-94.590771,-31.931,36711.6,-69509.8,13782.3,582.3,589.9,811.1,1.763,0,0,104,67,-9.0,0.205,1,2017-11-23 11:32:27.010
3572,15.684157,-94.899618,-27.939,3578.8,-20443.5,9790.7,590.8,586.9,931.7,2.239,0,0,109,83,-9.0,0.239,1,2017-11-23 12:04:01.380
3573,16.500512,-95.101807,-12.962,-18049.6,69891.5,-5186.7,396.5,511.1,552.2,2.094,0,0,281,233,-9.0,0.178,1,2017-11-23 12:53:49.690
3574,15.603503,-94.899731,-26.139,3566.9,-29368.4,7990.3,473.2,595.0,908.0,2.724,0,0,187,145,-9.0,0.252,1,2017-11-23 14:36:54.950
3575,15.922205,-95.726302,-28.65,491.3,-1415.9,695.0,1390.5,1938.2,1577.9,1.787,0,0,4,6,-9.0,0.22,24,2017-11-23 15:38:19.020
3576,15.24349,-94.520093,-17.007,44293.1,-69206.4,-1141.0,533.4,791.6,575.9,2.4,0,0,80,72,-9.0,0.28,1,2017-11-23 16:22:31.450
3577,15.495897,-94.663566,-21.248,28885.2,-41275.8,3099.2,613.1,550.4,927.6,2.131,0,0,273,173,-9.0,0.229,1,2017-11-23 16:24:28.970
3578,16.576214,-95.196745,-7.036,-28196.5,78268.4,-11111.9,423.2,700.5,1116.5,2.236,0,0,111,154,-9.0,0.2,1,2017-11-23 16:35:22.560
3579,15.709001,-94.950993,-28.8,-1926.5,-17694.5,10651.2,803.4,664.5,1503.5,2.41,0,0,90,80,-9.0,0.218,1,2017-11-23 16:43:02.210
3580,15.532263,-94.846289,-22.91,9296.0,-37251.6,4761.8,533.6,789.0,815.5,2.707,0,0,240,225,-9.0,0.229,1,2017-11-23 20:47:36.660
3581,15.255597,-94.605078,-35.838,35176.0,-67866.5,17689.4,526.5,478.9,1382.1,2.001,0,0,88,71,-9.0,0.217,1,2017-11-23 23:19:32.480
3582,15.351756,-94.565584,-31.358,39402.8,-57226.0,13209.2,502.1,479.7,684.9,2.335,0,0,139,140,-9.0,0.229,1,2017-11-23 23:29:51.440
3583,15.532438,-94.735563,-27.163,21165.2,-37232.3,9014.4,702.5,859.8,1204.4,1.724,0,0,212,202,-9.0,0.208,1,2017-11-24 00:07:58.820
3584,15.26437,-94.595223,-27.474,36232.4,-66895.8,9325.9,631.1,520.4,770.6,2.41,0,0,226,120,-9.0,0.249,1,2017-11-24 01:01:43.800
3585,15.22525,-94.576367,-19.095,38258.0,-71224.6,947.1,439.0,584.1,669.1,1.878,0,0,97,71,-9.0,0.232,1,2017-11-24 02:07:25.310
3586,15.189206,-94.513167,-31.702,45041.5,-75213.1,13553.3,540.9,694.6,861.6,1.765,0,0,47,56,-9.0,0.196,1,2017-11-24 03:15:06.460
3587,15.428972,-94.593555,-25.044,36396.8,-48681.4,6895.5,549.0,469.8,812.3,2.349,0,0,296,187,-9.0,0.23,1,2017-11-24 03:22:51.310
3588,15.042048,-94.356071,-26.065,61917.2,-91497.2,7916.9,656.3,524.6,721.9,2.179,0,0,79,41,-9.0,0.235,1,2017-11-24 04:11:45.550
3589,16.409934,-94.968872,-9.768,-3835.6,59868.5,-8380.5,432.3,488.7,761.0,1.92,0,0,72,75,-9.0,0.166,1,2017-11-24 04:25:22.500
3590,16.421513,-94.954891,-13.693,-2340.1,61149.8,-4455.3,557.1,553.8,872.2,1.782,0,0,58,64,-9.0,0.205,1,2017-11-24 04:28:59.490
3591,16.040361,-95.229435,-9.889,-31734.4,18972.8,-8259.2,330.5,326.9,593.8,1.977,0,0,263,250,-9.0,0.228,1,2017-11-24 05:00:06.880
3592,15.335871,-94.394604,-31.04,57740.4,-58983.7,12891.8,948.6,1309.3,1927.4,2.178,0,0,27,33,-9.0,0.257,1,2017-11-24 05:32:59.350
3593,16.408915,-94.960628,-12.275,-2953.2,59755.7,-5873.0,412.3,401.2,737.2,2.087,0,0,58,68,-9.0,0.152,1,2017-11-24 05:56:30.280
3594,16.051802,-95.033187,-65.831,-1363.7,-1532.6,-2228.8,4580.7,4541.4,4729.5,1.575,0,0,4,4,-9.0,0.313,19,2017-11-24 06:30:35.520
3595,15.551004,-94.6271,-30.962,32790.3,-35177.8,12813.3,617.0,691.1,1135.2,2.146,0,0,210,150,-9.0,0.207,1,2017-11-24 07:38:39.590
3596,16.066777,-95.211108,-7.273,-29770.0,21895.8,-10875.3,524.2,598.8,1118.8,1.745,0,0,225,176,-9.0,0.285,1,2017-11-24 07:54:08.480
3597,16.476692,-95.238525,-0.255,-32672.3,67255.7,-17893.3,403.3,747.8,547.7,1.712,0,0,73,120,-9.0,0.179,1,2017-11-24 08:06:24.900
3598,15.545051,-94.778857,-49.654,16524.2,-35836.6,31505.3,450.0,542.5,742.5,1.774,0,0,61,72,-9.0,0.225,1,2017-11-24 08:22:02.920
3599,15.504765,-94.599341,-13.395,35769.4,-40294.5,-4753.5,801.7,849.1,1074.1,1.691,0,0,45,45,-9.0,0.253,1,2017-11-24 09:22:43.260
3600,15.41275,-94.748804,-19.556,19751.9,-50476.6,1407.6,633.2,723.7,855.9,1.567,0,0,111,61,-9.0,0.213,1,2017-11-24 10:03:32.850
3601,15.5081,-94.817554,-32.378,12377.6,-39925.4,14230.0,420.7,572.6,778.7,2.7,0,0,356,314,-9.0,0.184,1,2017-11-24 11:31:31.040
3602,16.425945,-95.132747,-6.532,-21362.4,61640.3,-11616.7,1036.6,839.1,915.7,1.876,0,0,76,73,-9.0,0.232,1,2017-11-24 11:48:33.520
3603,16.454655,-95.133537,-1.206,-21445.4,64817.1,-16942.6,462.4,838.0,486.9,3.128,0,0,69,90,-9.0,0.18,1,2017-11-24 18:27:26.960
3604,15.730081,-94.787948,-42.577,15542.6,-15361.8,24428.6,645.1,699.7,969.2,2.238,0,0,51,51,-9.0,0.206,1,2017-11-24 22:25:07.240
3605,15.4263,-94.729769,-31.846,21791.7,-48977.2,13697.2,613.1,835.4,824.2,2.105,0,0,141,107,-9.0,0.193,1,2017-11-24 22:56:56.120
3606,16.082503,-97.670304,-10.778,-10332.2,-4134.3,876.5,287.9,346.7,645.7,1.811,0,0,12,13,-9.0,0.19,3,2017-11-24 23:52:00.900
3607,15.858009,-94.91818,-44.152,1588.7,-1205.7,26003.6,616.3,554.5,1292.1,3.417,0,0,55,33,-9.0,0.168,1,2017-11-25 00:05:30.420
3608,15.930449,-95.023478,-35.555,-9687.6,6810.4,17406.5,690.7,767.4,3678.7,3.417,0,0,2,1,-9.0,0.083,1,2017-11-25 00:05:32.190
3609,16.552169,-95.48881,-2.698,-59426.8,75607.7,-15450.6,478.7,634.7,499.4,1.738,0,0,30,15,-9.0,0.221,1,2017-11-25 02:19:52.500
3610,16.350966,-95.160807,-23.505,-24368.7,53343.3,5356.2,606.7,765.6,508.0,1.634,0,0,22,20,-9.0,0.271,1,2017-11-25 02:42:51.430
3611,16.572004,-95.519637,-4.093,-62720.3,77802.7,-14055.8,634.7,684.4,662.9,1.527,0,0,14,15,-9.0,0.246,1,2017-11-25 03:27:12.690
3612,15.433092,-94.764836,-32.306,18031.5,-48225.6,14157.6,538.9,511.6,830.9,1.79,0,0,374,302,-9.0,0.198,1,2017-11-25 03:29:42.970
3613,15.547133,-94.973136,-19.771,-4300.5,-35606.1,1623.1,722.5,774.7,889.3,2.156,0,0,85,28,-9.0,0.259,1,2017-11-25 04:45:50.690
3614,16.030399,-95.214852,-12.507,-30174.2,17870.4,-5641.9,479.4,647.3,551.8,2.094,0,0,233,225,-9.0,0.168,1,2017-11-25 05:17:18.760
3615,16.700393,-94.910824,-7.363,2372.2,92009.7,-10785.1,404.4,335.3,651.4,1.566,0,0,47,46,-9.0,0.141,1,2017-11-25 05:32:48.200
3616,15.492546,-94.770142,-32.856,17460.8,-41646.6,14707.6,434.4,573.7,780.6,1.922,0,0,404,291,-9.0,0.19,1,2017-11-25 05:54:29.290
3617,15.641046,-94.776733,-28.075,16748.0,-25214.0,9926.4,648.5,506.0,866.5,2.181,0,0,137,118,-9.0,0.198,1,2017-11-25 06:04:14.740
3618,16.186166,-95.384383,-2.516,-48305.2,35107.1,-15632.5,813.7,966.6,743.5,1.616,0,0,13,13,-9.0,0.354,1,2017-11-25 06:37:12.680
3619,15.344125,-94.65577,-7.137,29732.3,-58070.3,-11011.0,924.6,682.9,800.8,1.643,0,0,25,15,-9.0,0.241,1,2017-11-25 07:14:40.660
3620,15.351475,-94.365234,-19.955,60887.9,-57257.0,1806.9,1777.6,2095.9,2475.5,2.274,0,0,6,5,-9.0,0.265,1,2017-11-25 07:28:25.280
3621,16.075061,-95.213566,-3.982,-30032.4,22812.5,-14166.3,627.6,812.5,849.3,1.411,0,0,202,215,-9.0,0.199,1,2017-11-25 07:32:23.060
3622,15.710645,-94.837134,-23.176,10273.3,-17512.5,5028.1,682.2,814.7,805.7,1.738,0,0,24,0,-9.0,0.126,1,2017-11-25 07:48:05.170
3623,16.485798,-95.157593,-5.533,-24016.8,68263.3,-12615.4,229.6,338.0,681.6,1.696,0,0,365,471,-9.0,0.126,1,2017-11-25 07:51:29.630
3624,15.500285,-94.771688,-33.798,17294.2,-40790.2,15650.1,367.7,534.2,1611.5,2.662,0,0,447,284,-9.0,0.184,1,2017-11-25 07:54:34.580
3625,15.656777,-94.785653,-27.419,15791.7,-23473.3,9270.3,629.1,492.9,734.4,2.467,0,0,176,127,-9.0,0.226,1,2017-11-25 08:16:13.040
3626,15.587666,-94.868262,-17.143,6940.0,-31120.9,-1005.8,649.8,773.0,694.4,1.962,0,0,95,46,-9.0,0.312,1,2017-11-25 08:22:52.520
3627,16.474075,-95.196704,-2.215,-28199.8,66966.2,-15933.4,669.9,783.9,671.3,1.656,0,0,210,299,-9.0,0.24,1,2017-11-25 08:58:34.660
3628,16.820703,-97.668205,-11.02,564.9,-60.6,-344.6,1916.3,1900.3,2569.8,0.665,0,0,4,4,-9.0,0.194,35,2017-11-25 09:18:45.260
3629,16.0222,-95.163517,-11.38,-24678.4,16963.1,-6768.5,293.3,400.3,514.7,1.717,0,0,221,198,-9.0,0.178,1,2017-11-25 09:47:45.490
3630,16.413661,-95.154679,-10.438,-23708.9,60280.9,-7710.2,902.9,1092.5,991.4,1.571,0,0,129,139,-9.0,0.311,1,2017-11-25 10:01:45.460
3631,15.277105,-94.586296,-12.014,37188.9,-65486.6,-6134.7,696.4,866.5,752.4,2.144,0,0,102,57,-9.0,0.264,1,2017-11-25 10:05:34.770
3632,15.228823,-94.690959,-30.327,25965.5,-70829.2,12178.2,607.4,1269.3,1156.3,1.608,0,0,25,24,-9.0,0.18,1,2017-11-25 10:16:43.630
3633,15.04424,-94.32583,-49.915,65161.6,-91254.5,31766.4,932.0,742.3,1896.8,1.863,0,0,51,49,-9.0,0.231,1,2017-11-25 10:28:47.170
3634,15.928468,-95.203882,-11.428,-29006.8,6591.1,-6720.2,731.4,1191.2,1019.8,1.601,0,0,230,194,-9.0,0.237,1,2017-11-25 10:37:01.400
3635,15.778044,-94.884489,-49.214,5198.7,-10054.4,31065.9,596.7,857.5,1370.8,1.801,0,0,27,19,-9.0,0.187,1,2017-11-25 10:37:31.840
3636,16.298863,-95.132943,-3.796,-21390.1,47577.7,-14352.6,374.5,447.2,829.7,1.949,0,0,138,145,-9.0,0.192,1,2017-11-25 10:58:57.300
3637,16.524872,-95.420638,-3.344,-52141.7,72587.1,-14804.2,639.0,1124.0,1059.2,1.501,0,0,4,2,-9.0,0.096,1,2017-11-25 12:15:14.430
3638,15.474653,-94.808813,-44.954,13315.0,-43626.5,26806.0,548.7,758.6,1077.1,2.54,0,0,321,322,-9.0,0.189,1,2017-11-25 14:51:53.710
3639,16.371938,-95.246077,-31.011,-33488.2,55664.0,12862.2,535.4,742.0,686.9,2.102,0,0,23,20,-9.0,0.199,1,2017-11-25 15:29:09.900
3640,15.43354,-94.763713,-33.026,18152.1,-48176.0,14877.4,483.9,643.3,785.6,2.996,0,0,507,395,-9.0,0.171,1,2017-11-25 15:33:07.820
3641,16.070333,-95.245256,-7.799,-33425.3,22289.4,-10349.2,343.7,547.0,689.9,2.17,0,0,202,199,-9.0,0.166,1,2017-11-25 16:56:07.630
3642,15.423668,-94.734652,-45.413,21268.4,-49268.3,27264.9,461.8,389.4,784.2,1.378,0,0,217,269,-9.0,0.196,1,2017-11-25 17:15:51.520
3643,16.45975,-95.101115,-2.397,-17978.1,65381.0,-15751.0,675.3,1067.8,506.8,2.632,0,0,167,186,-9.0,0.256,1,2017-11-25 18:46:28.760
3644,15.472324,-94.75756,-23.983,18810.0,-43884.3,5834.3,374.5,743.4,838.8,2.639,0,0,468,335,-9.0,0.206,1,2017-11-25 20:16:58.880
3645,15.381015,-94.461068,-36.328,50607.4,-53988.2,18180.1,1277.0,1181.1,3374.2,2.053,0,0,14,23,-9.0,0.252,1,2017-11-25 20:36:42.240
3646,15.278595,-94.370996,-32.247,60281.2,-65321.7,14098.3,872.8,1348.3,3441.8,2.699,0,0,7,11,-9.0,0.136,1,2017-11-25 20:51:11.520
3647,15.420318,-94.748324,-34.156,19803.1,-49639.2,16007.3,548.9,838.6,2658.9,2.067,0,0,405,300,-9.0,0.158,1,2017-11-25 21:51:28.600
3648,14.569,-93.007202,-11.37,-2903.6,2638.8,-1785.2,297.0,203.5,483.3,3.835,0,0,2,3,-9.0,0.201,23,2017-11-25 23:05:35.280
3649,16.01466,-95.208081,-11.585,-29450.2,16128.7,-6563.6,324.1,382.5,449.9,1.861,0,0,259,246,-9.0,0.18,1,2017-11-26 00:31:19.740
3650,15.309411,-94.621029,-24.987,33460.4,-61911.7,6838.8,371.5,441.5,451.7,2.696,0,0,277,226,-9.0,0.208,1,2017-11-26 01:06:53.820
3651,15.654375,-94.872835,-28.662,6449.2,-23739.1,10513.6,493.7,610.6,1125.7,1.6,0,0,135,128,-9.0,0.21,1,2017-11-26 02:47:59.750
3652,15.491939,-94.71285,-16.822,23602.4,-41713.7,-1326.6,703.7,613.2,704.6,2.111,0,0,376,225,-9.0,0.253,1,2017-11-26 03:09:44.390
3653,15.957804,-95.19585,-11.824,-28144.3,9837.3,-6324.8,238.6,350.6,380.3,1.224,0,0,273,251,-9.0,0.151,1,2017-11-26 04:31:47.690
3654,16.183705,-95.862516,-9.761,-2931.7,-1609.6,2860.5,7604.2,5055.6,8107.4,1.242,0,0,2,3,-9.0,0.492,29,2017-11-26 04:34:14.000
3655,15.360434,-94.681901,-28.266,26929.0,-56265.7,10117.9,457.3,488.1,826.5,2.789,0,0,447,304,-9.0,0.226,1,2017-11-26 04:40:18.300
3656,16.467962,-95.196777,-5.03,-28207.7,66289.7,-13118.8,242.4,293.7,509.4,1.576,0,0,240,267,-9.0,0.137,1,2017-11-26 04:56:44.050
3657,16.209015,-97.500798,-11.85,7799.4,9865.3,1948.9,402.6,387.8,855.7,0.889,0,0,7,7,-9.0,0.17,3,2017-11-26 05:14:43.730
3658,15.393717,-95.034806,-32.802,691.3,-3915.1,-1208.1,4141.2,6469.3,6912.5,3.085,0,0,2,4,-9.0,0.38,14,2017-11-26 05:23:02.750
3659,15.619694,-94.856714,-18.725,8177.3,-27576.8,576.8,979.3,734.9,1004.9,3.085,0,0,62,53,-9.0,0.304,1,2017-11-26 05:23:02.750
3660,15.630887,-94.770426,-14.599,17424.0,-26338.2,-3549.3,696.0,659.5,815.7,1.755,0,0,48,50,-9.0,0.173,1,2017-11-26 05:38:50.590
3661,15.383007,-94.692554,-23.362,25785.0,-53767.8,5213.8,537.6,1017.3,922.6,1.763,0,0,179,130,-9.0,0.208,1,2017-11-26 06:13:59.790
3662,15.358851,-94.622599,-16.448,33287.8,-56440.8,-1700.6,464.5,634.6,559.0,2.186,0,0,201,118,-9.0,0.208,1,2017-11-26 06:48:23.570
3663,16.436345,-95.125415,-1.045,-20577.6,62791.1,-17103.4,430.4,853.4,301.7,2.032,0,0,122,144,-9.0,0.23,1,2017-11-26 06:59:51.900
3664,16.694104,-94.93243,-4.014,62.2,91313.8,-14134.6,225.7,245.8,292.9,1.153,0,0,54,53,-9.0,0.119,1,2017-11-26 07:34:34.470
3665,16.155255,-95.279232,-14.652,-37054.7,31686.6,-3496.8,456.4,493.4,529.1,1.374,0,0,55,95,-9.0,0.238,1,2017-11-26 07:46:21.930
3666,17.099957,-95.32627,-103.796,2520.4,4101.1,2706.3,21068.9,22563.2,19548.8,1.401,0,0,3,5,-9.0,1.045,30,2017-11-26 08:03:09.400
3667,15.502404,-94.741683,-21.452,20511.1,-40555.7,3303.3,499.5,542.1,731.5,1.3,0,0,144,51,-9.0,0.29,1,2017-11-26 08:12:49.720
3668,15.721614,-95.022184,-40.166,-9553.5,-16298.7,22017.3,765.0,1060.4,1922.5,1.548,0,0,18,18,-9.0,0.197,1,2017-11-26 08:23:09.460
3669,15.844738,-94.922062,-45.108,1173.3,-2674.2,26959.5,528.4,632.1,902.1,1.697,0,0,80,63,-9.0,0.138,1,2017-11-26 08:24:53.190
3670,15.872775,-95.147811,-10.469,-23004.9,428.3,-7679.1,747.3,1358.9,953.2,1.979,0,0,74,23,-9.0,0.201,1,2017-11-26 09:32:58.680
3671,16.479859,-95.184041,-10.173,-26845.1,67606.2,-7975.1,524.8,843.3,841.8,2.023,0,0,155,274,-9.0,0.256,1,2017-11-26 10:31:19.580
3672,16.075677,-95.207397,-6.892,-29372.5,22880.8,-11256.2,589.5,469.0,654.4,1.508,0,0,200,181,-9.0,0.242,1,2017-11-26 10:49:01.950
3673,15.476632,-94.780469,-14.286,16354.3,-43407.6,-3862.4,543.9,874.7,1013.7,2.558,0,0,46,13,-9.0,0.192,1,2017-11-26 10:54:03.800
3674,15.976417,-95.219702,-4.745,-30696.9,11896.9,-13403.0,292.1,435.5,457.4,1.307,0,0,257,238,-9.0,0.17,1,2017-11-26 10:57:48.940
3675,15.497452,-94.795199,-30.404,14774.3,-41103.8,12255.4,468.4,560.0,793.0,2.004,0,0,225,158,-9.0,0.197,1,2017-11-26 11:26:04.210
3676,15.53264,-94.822892,-28.305,11804.0,-37210.0,10156.3,557.1,602.3,732.5,1.958,0,0,335,205,-9.0,0.223,1,2017-11-26 11:50:11.160
3677,16.354915,-95.16202,-25.285,-24497.6,53780.3,7136.3,587.5,742.1,714.0,1.695,0,0,15,14,-9.0,0.175,1,2017-11-26 14:15:10.750
3678,15.217309,-94.691781,-28.887,25878.2,-72103.4,10738.6,640.2,1279.8,1237.4,1.971,0,0,24,21,-9.0,0.225,1,2017-11-26 14:40:55.640
3679,16.883145,-93.984823,-45.005,3498.1,4503.7,-20.1,22809.8,37347.5,49147.1,1.805,0,0,2,4,-9.0,1.331,17,2017-11-26 15:34:29.730
3680,16.953924,-95.666699,-0.086,7531.9,7314.1,39.8,24136.0,44866.3,24387.2,2.0,0,0,3,3,-9.0,1.377,10,2017-11-26 16:06:47.450
3681,15.450448,-94.700212,-46.769,24959.5,-46305.0,28620.2,445.0,566.7,1150.8,2.604,0,0,251,176,-9.0,0.187,1,2017-11-26 16:09:50.250
3682,15.276835,-94.582813,-31.308,37562.3,-65516.5,13159.6,598.9,712.2,1259.7,2.542,0,0,167,112,-9.0,0.232,1,2017-11-26 16:33:55.260
3683,15.753729,-94.907316,-45.733,2753.4,-12744.9,27585.0,775.1,570.0,699.6,2.55,0,0,51,44,-9.0,0.261,1,2017-11-26 21:22:54.560
3684,15.641082,-94.991724,-30.993,-6291.0,-25210.1,12844.6,940.4,1108.2,1498.9,1.522,0,0,32,27,-9.0,0.287,1,2017-11-26 22:09:48.840
3685,16.340953,-95.213599,-31.272,-30016.4,52235.3,13124.1,550.2,712.4,845.2,1.528,0,0,21,19,-9.0,0.236,1,2017-11-27 02:36:40.300
3686,16.920687,-96.694971,-64.469,-4587.6,-2248.1,-1505.9,15305.8,11071.7,9620.6,1.336,0,0,4,3,-9.0,0.672,28,2017-11-27 04:25:27.430
3687,15.33193,-94.638013,-33.139,31637.6,-59419.9,14991.1,525.2,600.1,1474.7,2.738,0,0,272,223,-9.0,0.227,1,2017-11-27 04:50:13.330
3688,16.478028,-95.154622,-4.008,-23699.4,67403.5,-14140.7,227.2,301.9,527.5,1.413,0,0,331,457,-9.0,0.131,1,2017-11-27 05:30:54.870
3689,15.264107,-94.685343,-23.316,26566.0,-66924.8,5167.2,689.0,643.5,817.3,1.494,0,0,101,88,-9.0,0.267,1,2017-11-27 06:19:40.980
3690,16.270177,-95.07994,-3.575,-15720.2,44403.5,-14573.5,724.2,890.3,982.5,1.587,0,0,72,66,-9.0,0.169,1,2017-11-27 07:12:40.840
3691,16.272501,-95.08186,-3.209,-15926.1,44660.6,-14939.7,719.1,944.2,931.8,1.223,0,0,62,68,-9.0,0.142,1,2017-11-27 07:14:13.120
3692,16.271849,-95.081746,-5.325,-15913.7,44588.5,-12823.1,482.0,609.8,1146.5,1.198,0,0,79,91,-9.0,0.195,1,2017-11-27 07:16:58.970
3693,15.102652,-94.415894,-26.599,55489.0,-84790.9,8451.1,678.3,720.8,992.3,1.962,0,0,69,31,-9.0,0.231,1,2017-11-27 07:18:42.840
3694,15.941988,-95.205933,-7.859,-29225.4,8087.1,-10288.9,306.0,475.3,585.2,2.577,0,0,287,235,-9.0,0.195,1,2017-11-27 08:45:57.010
3695,15.97518,-95.220622,-4.153,-30796.1,11760.1,-13995.8,392.9,614.1,701.9,1.644,0,0,254,235,-9.0,0.162,1,2017-11-27 09:25:56.660
3696,15.805709,-95.069718,-41.294,-14643.6,-6993.1,23145.7,824.1,1098.8,1831.0,1.731,0,0,18,13,-9.0,0.188,1,2017-11-27 09:40:56.150
3697,15.909151,-95.192757,-10.521,-27816.8,4453.5,-7627.5,454.2,693.6,601.7,1.964,0,0,243,175,-9.0,0.194,1,2017-11-27 09:41:39.350
3698,15.915799,-95.199894,-8.423,-28580.3,5189.2,-9725.2,557.2,865.0,898.5,2.263,0,0,178,183,-9.0,0.204,1,2017-11-27 09:57:00.930
3699,15.615931,-94.761019,-28.711,18433.4,-27993.2,10562.7,974.2,1137.2,1769.9,2.101,0,0,149,138,-9.0,0.283,1,2017-11-27 11:36:25.360
3700,16.115145,-95.249129,-5.036,-33836.3,27248.1,-13111.9,466.3,594.2,658.0,2.029,0,0,121,150,-9.0,0.23,1,2017-11-27 11:56:36.370
3701,15.655626,-94.813477,-31.512,12809.7,-23600.7,13363.4,496.8,531.8,792.1,2.404,0,0,161,108,-9.0,0.272,1,2017-11-27 14:32:28.080
3702,15.263569,-94.498299,-43.894,46628.3,-66984.4,25745.8,651.5,713.4,1709.4,2.908,0,0,100,102,-9.0,0.219,1,2017-11-27 15:28:13.840
3703,15.59657,-94.786125,-24.437,15743.2,-30135.6,6288.4,717.0,798.9,1226.6,2.554,0,0,136,133,-9.0,0.258,1,2017-11-27 15:38:39.500
3704,16.273301,-97.851799,-18.06,-961.2,-437.0,1860.1,38.4,58.3,59.0,1.5,0,0,3,2,-9.0,0.044,18,2017-11-27 20:05:51.160
3705,15.870187,-95.142782,-46.283,-22466.3,141.9,28135.1,1305.7,1220.4,2333.4,3.653,0,0,18,12,-9.0,0.248,1,2017-11-27 22:03:25.280
3706,15.800575,-94.902482,-46.616,3270.9,-7561.2,28467.5,631.9,945.9,716.3,3.983,0,0,73,46,-9.0,0.157,1,2017-11-27 22:04:35.960
3707,15.901213,-95.058105,-25.437,-13396.9,3575.1,7288.5,798.4,831.4,1540.7,1.623,0,0,19,14,-9.0,0.273,1,2017-11-28 00:37:31.580
3708,14.995121,-94.312191,-25.426,66633.0,-96689.9,7277.7,623.6,529.7,900.5,1.67,0,0,54,47,-9.0,0.195,1,2017-11-28 02:19:19.040
3709,15.935902,-95.260506,-5.46,-35070.0,7413.7,-12688.2,326.8,537.9,632.2,1.277,0,0,197,178,-9.0,0.144,1,2017-11-28 03:24:27.170
3710,16.48745,-95.11189,-5.131,-19128.9,68446.2,-13017.0,269.8,351.6,554.8,1.816,0,0,365,392,-9.0,0.199,1,2017-11-28 05:09:40.140
3711,16.151984,-95.242839,-7.774,-33160.5,31324.6,-10374.8,502.6,586.0,1281.6,1.581,0,0,148,160,-9.0,0.22,1,2017-11-28 05:29:23.020
3712,15.774961,-94.80424,-45.162,13795.6,-10395.4,27013.2,827.5,600.8,948.0,2.373,0,0,62,32,-9.0,0.189,1,2017-11-28 05:35:08.870
3713,15.504328,-94.822632,-23.044,11833.5,-40342.8,4895.7,550.0,816.4,992.8,1.803,0,0,172,131,-9.0,0.244,1,2017-11-28 05:44:53.910
3714,16.127029,-95.239111,-4.486,-32762.8,28563.2,-13662.2,420.8,503.2,536.5,1.634,0,0,151,173,-9.0,0.196,1,2017-11-28 06:19:52.730
3715,16.623204,-94.968278,-3.656,-3769.3,83468.2,-14492.2,213.9,227.6,625.1,1.654,0,0,42,42,-9.0,0.148,1,2017-11-28 06:28:20.840
3716,16.475747,-95.448421,-13.978,-55119.0,67151.1,-4170.2,758.4,624.6,809.0,1.747,0,0,25,12,-9.0,0.249,1,2017-11-28 07:52:45.390
3717,15.434261,-94.815649,-31.885,12583.9,-48096.2,13737.0,807.1,1201.6,1122.4,1.659,0,0,129,68,-9.0,0.258,1,2017-11-28 07:58:05.760
3718,16.525731,-95.071899,-11.539,-14850.6,72682.3,-6609.5,355.2,332.3,513.4,1.376,0,0,162,229,-9.0,0.147,1,2017-11-28 08:02:57.080
3719,16.690548,-94.926554,-5.942,691.0,90920.2,-12206.4,267.0,212.7,463.0,2.514,0,0,44,36,-9.0,0.11,1,2017-11-28 09:14:41.460
3720,15.425598,-94.407528,-24.13,56343.0,-49054.8,5981.3,1568.7,1878.0,2575.0,1.898,0,0,10,8,-9.0,0.233,1,2017-11-28 09:33:55.170
3721,14.949598,-93.925993,-32.463,-2978.1,8702.3,-4908.7,2981.6,2390.2,4295.3,2.404,0,0,13,6,-9.0,0.563,5,2017-11-28 10:42:49.940
3722,15.014172,-94.405737,-31.327,56590.6,-94581.8,13178.5,762.5,954.8,1956.1,2.291,0,0,41,12,-9.0,0.219,1,2017-11-28 12:00:22.090
3723,16.411697,-95.136108,-1.579,-21722.8,60063.7,-16568.9,434.4,751.0,534.3,2.237,0,0,72,103,-9.0,0.215,1,2017-11-28 12:14:47.600
3724,15.259256,-94.24349,-22.882,73959.9,-67461.6,4733.6,902.3,905.7,1242.7,1.932,0,0,10,8,-9.0,0.214,1,2017-11-28 12:19:00.070
3725,15.565388,-94.662598,-36.206,28984.1,-33586.1,18057.8,576.7,503.3,1342.7,2.816,0,0,155,142,-9.0,0.192,1,2017-11-28 14:17:29.920
3726,15.594112,-94.784131,-22.085,15957.3,-30407.6,3936.4,646.0,698.2,559.9,2.74,0,0,181,89,-9.0,0.252,1,2017-11-28 17:51:18.480
3727,14.942926,-94.219466,-33.037,76594.6,-102465.7,14889.1,519.6,634.0,1181.4,2.355,0,0,37,40,-9.0,0.245,1,2017-11-28 18:01:13.200
3728,15.46448,-95.047697,-35.22,-692.2,3914.9,1210.1,4093.4,6967.6,16741.5,1.741,0,0,2,4,-9.0,0.38,14,2017-11-28 23:03:12.880
3729,16.124311,-97.522485,-10.435,5481.0,492.1,533.8,375.7,364.7,744.4,1.235,0,0,15,21,-9.0,0.151,3,2017-11-28 23:15:21.920
3730,16.074795,-97.663289,-11.346,-9582.5,-4987.3,1444.4,313.8,431.6,1030.8,1.376,0,0,12,12,-9.0,0.147,3,2017-11-29 01:33:47.080
3731,16.024289,-95.209131,-15.58,-29562.0,17194.4,-2567.9,461.8,468.5,493.9,1.583,0,0,103,79,-9.0,0.162,1,2017-11-29 01:37:46.390
3732,15.918202,-95.175765,-10.639,-25995.9,5455.0,-7509.8,316.3,373.6,472.7,1.523,0,0,226,206,-9.0,0.171,1,2017-11-29 04:06:10.180
3733,15.948549,-95.186458,-6.723,-27139.6,8813.3,-11425.3,339.1,577.6,654.7,1.595,0,0,247,222,-9.0,0.172,1,2017-11-29 04:38:38.280
3734,15.973427,-95.193856,-4.659,-27930.2,11566.1,-13489.3,371.0,439.7,466.9,1.641,0,0,257,239,-9.0,0.217,1,2017-11-29 04:44:11.760
3735,16.372383,-94.93807,-12.26,-541.0,55713.2,-5888.2,488.9,483.1,887.0,1.756,0,0,62,64,-9.0,0.169,1,2017-11-29 04:46:57.550
3736,15.924734,-95.174455,-10.041,-25855.3,6178.0,-8107.4,269.4,378.6,463.4,1.948,0,0,201,213,-9.0,0.199,1,2017-11-29 04:54:48.620
3737,15.412771,-94.880827,-17.144,5595.9,-50474.3,-1004.4,1280.9,1152.4,939.3,1.223,0,0,12,6,-9.0,0.241,1,2017-11-29 05:50:08.980
3738,15.513969,-94.801302,-15.954,14119.3,-39276.0,-2194.7,491.6,584.8,882.5,2.056,0,0,198,74,-9.0,0.213,1,2017-11-29 05:56:21.110
3739,15.643541,-94.791227,-30.281,15194.8,-24938.0,12133.1,440.3,578.4,1059.1,1.909,0,0,157,132,-9.0,0.213,1,2017-11-29 06:37:43.420
3740,15.494611,-94.789193,-33.832,15418.0,-41418.1,15683.4,483.1,637.1,1238.0,1.769,0,0,153,86,-9.0,0.158,1,2017-11-29 06:48:27.120
3741,15.914174,-95.173104,-10.985,-25711.9,5009.4,-7163.3,367.4,457.4,509.5,1.969,0,0,166,167,-9.0,0.187,1,2017-11-29 07:01:40.630
3742,15.953219,-95.216878,-12.36,-30396.4,9329.9,-5788.2,575.2,618.2,430.8,1.684,0,0,226,187,-9.0,0.171,1,2017-11-29 07:03:00.340
3743,16.48467,-95.155233,-6.538,-23763.9,68138.6,-11610.5,333.1,471.0,1337.5,1.439,0,0,327,464,-9.0,0.225,1,2017-11-29 07:28:00.260
3744,16.487147,-95.14834,-7.513,-23027.2,68412.6,-10635.3,232.8,348.0,614.1,1.314,0,0,284,444,-9.0,0.176,1,2017-11-29 07:29:00.210
3745,16.371226,-94.936955,-11.24,-421.1,55585.2,-6908.7,660.6,627.4,1258.9,1.303,0,0,41,57,-9.0,0.173,1,2017-11-29 07:31:25.830
3746,15.527248,-94.740519,-29.753,20634.5,-37806.6,11604.7,387.0,705.3,904.4,3.717,0,0,343,372,-9.0,0.211,1,2017-11-29 07:45:57.490
3747,15.599832,-94.794116,-20.359,14886.7,-29774.6,2210.8,623.7,838.4,965.4,1.879,0,0,257,182,-9.0,0.268,1,2017-11-29 07:49:27.020
3748,15.383193,-94.140373,-24.084,-6031.0,4071.2,-9930.2,1432.5,1341.9,1932.8,1.713,0,0,7,10,-9.0,0.229,4,2017-11-29 08:14:12.470
3749,15.884674,-95.15415,-11.81,-23683.3,1745.0,-6338.6,629.2,813.0,864.5,1.624,0,0,119,69,-9.0,0.203,1,2017-11-29 08:15:29.400
3750,15.86871,-95.150692,-15.09,-23314.0,-21.4,-3058.4,697.4,821.2,1012.8,2.354,0,0,53,34,-9.0,0.255,1,2017-11-29 08:33:33.940
3751,15.903829,-95.170028,-11.274,-25383.2,3864.6,-6874.9,371.9,477.1,513.0,1.37,0,0,145,136,-9.0,0.173,1,2017-11-29 08:55:17.940
3752,15.1346,-93.693766,-17.606,1400.8,4946.5,-11627.0,2457.1,3213.7,3819.1,2.61,0,0,3,3,-9.0,0.673,2,2017-11-29 09:15:33.170
3753,15.927546,-95.17867,-8.722,-26306.5,6489.1,-9426.5,300.4,399.7,438.7,2.065,0,0,282,223,-9.0,0.174,1,2017-11-29 09:19:34.380
3754,15.378748,-94.05376,-41.197,3268.8,3579.3,7182.2,1352.3,1793.2,3848.2,2.115,0,0,9,13,-9.0,0.527,4,2017-11-29 10:32:35.350
3755,16.218306,-94.985213,-20.993,4233.6,2575.6,-7173.3,6206.4,3764.8,10112.2,1.341,0,0,2,2,-9.0,0.443,12,2017-11-29 10:44:11.660
3756,16.477605,-95.235091,-6.624,-32304.3,67356.8,-11524.5,280.4,343.7,657.1,1.788,0,0,223,259,-9.0,0.152,1,2017-11-29 10:53:50.090
3757,15.908482,-95.169531,-11.484,-25329.0,4379.5,-6664.2,319.8,385.7,434.3,1.504,0,0,183,169,-9.0,0.161,1,2017-11-29 11:02:36.780
3758,15.894899,-95.167139,-10.822,-25073.7,2876.5,-7325.9,306.1,366.7,486.8,1.641,0,0,193,149,-9.0,0.163,1,2017-11-29 11:12:05.440
3759,15.922261,-95.177246,-8.373,-26154.5,5904.2,-9775.1,419.5,963.4,1281.2,1.671,0,0,252,201,-9.0,0.257,1,2017-11-29 11:47:11.700
3760,16.128228,-93.502498,-120.86,1898.7,1995.0,4684.9,6282.5,7649.3,3345.1,1.82,0,0,3,4,-9.0,0.419,20,2017-11-29 12:29:39.960
3761,15.895424,-95.163102,-15.001,-24641.9,2934.6,-3147.3,641.4,1067.2,1398.4,2.102,0,0,120,90,-9.0,0.205,1,2017-11-29 14:28:58.860
3762,16.534514,-95.17793,-8.119,-26187.8,73654.1,-10029.2,264.2,355.0,765.6,1.625,0,0,263,364,-9.0,0.149,1,2017-11-29 15:27:40.070
3763,16.622864,-94.931095,-2.004,205.1,83430.5,-16144.3,624.3,780.8,641.8,2.32,0,0,5,2,-9.0,0.171,1,2017-11-29 15:47:45.240
3764,15.116558,-94.440812,-38.576,52812.7,-83252.2,20427.7,794.7,666.4,4145.0,2.275,0,0,24,28,-9.0,0.169,1,2017-11-29 17:51:36.000
3765,15.602872,-94.835059,-15.056,10498.5,-29438.3,-3092.0,897.3,1026.3,415.0,2.014,0,0,60,24,-9.0,0.231,1,2017-11-29 18:02:11.160
3766,15.71852,-95.029598,-29.051,-10347.9,-16641.0,10903.0,604.9,893.4,1204.0,2.271,0,0,35,29,-9.0,0.252,1,2017-11-29 18:11:48.160
3767,15.150186,-94.453296,-39.532,51469.5,-79530.9,21383.5,683.4,653.3,2335.5,3.146,0,0,52,32,-9.0,0.169,1,2017-11-29 21:29:41.780
3768,16.136682,-97.523682,-10.207,5352.2,1861.1,305.7,276.7,532.9,638.0,1.003,0,0,19,22,-9.0,0.162,3,2017-11-29 21:29:51.500
3769,15.365636,-94.675944,-42.618,27566.9,-55690.0,24469.6,523.7,576.9,1445.7,2.277,0,0,189,199,-9.0,0.207,1,2017-11-29 22:21:16.920
3770,16.241808,-95.316504,-41.939,624.8,-215.2,-1226.4,2171.1,2343.8,4843.3,1.662,0,0,6,4,-9.0,0.235,36,2017-11-29 22:42:27.180
3771,16.821797,-97.6788,-11.71,-564.3,60.5,344.7,1888.6,1927.0,2553.3,0.848,0,0,4,4,-9.0,0.194,35,2017-11-29 23:51:27.960
3772,15.330817,-94.620768,-21.554,33487.1,-59542.9,3406.0,439.9,321.2,484.0,2.564,0,0,258,192,-9.0,0.227,1,2017-11-30 00:27:03.140
3773,16.025396,-95.16123,-11.416,-24433.1,17316.7,-6732.7,216.8,310.8,346.5,1.65,0,0,191,185,-9.0,0.146,1,2017-11-30 01:30:49.220
3774,15.903781,-94.248185,-92.171,-1684.4,-3764.4,-2234.3,2331.1,2241.3,2379.1,2.906,0,0,8,8,-9.0,0.324,21,2017-11-30 03:06:58.690
3775,14.994458,-94.290747,-42.727,68934.8,-96763.3,24578.2,592.4,586.2,1755.8,2.674,0,0,95,60,-9.0,0.209,1,2017-11-30 04:24:22.100
3776,16.483456,-95.147786,-8.765,-22968.2,68004.3,-9383.2,665.3,517.4,1389.2,1.298,0,0,425,424,-9.0,0.25,1,2017-11-30 05:03:19.120
3777,16.410968,-95.097746,-1.322,-17619.3,59982.9,-16826.2,575.7,905.2,506.1,1.657,0,0,65,82,-9.0,0.183,1,2017-11-30 05:52:06.400
3778,16.071804,-95.417505,-31.54,-2220.0,-3894.8,-3464.6,1134.1,1799.1,2136.4,1.825,0,0,6,5,-9.0,0.227,27,2017-11-30 06:24:42.020
3779,15.905909,-95.170646,-10.937,-25449.1,4094.8,-7211.2,446.5,614.5,587.3,1.923,0,0,193,145,-9.0,0.197,1,2017-11-30 06:29:22.000
3780,15.320135,-94.654744,-23.122,29844.1,-60724.9,4973.4,413.6,446.2,583.7,1.815,0,0,148,185,-9.0,0.213,1,2017-11-30 07:00:41.640
3781,15.524424,-94.747412,-43.676,19895.3,-38119.0,25528.1,735.4,956.2,1933.4,1.537,0,0,204,72,-9.0,0.19,1,2017-11-30 07:47:50.690
3782,16.014303,-96.913005,-24.43,3843.0,-2002.7,4270.2,292.4,290.9,355.3,1.908,0,0,14,4,-9.0,0.179,11,2017-11-30 07:54:27.150
3783,15.668358,-94.950309,-24.299,-1852.9,-22191.8,6150.9,581.6,568.5,643.7,2.74,0,0,90,66,-9.0,0.238,1,2017-11-30 08:13:28.440
3784,15.376922,-94.663232,-16.282,28929.3,-54441.2,-1866.6,473.1,622.5,699.1,1.901,0,0,270,117,-9.0,0.236,1,2017-11-30 08:32:54.560
3785,15.046296,-94.305998,-42.009,67289.5,-91027.1,23860.6,627.8,714.4,1875.1,2.398,0,0,73,30,-9.0,0.203,1,2017-11-30 08:40:45.690
3786,15.930063,-95.191862,-11.618,-27719.6,6767.6,-6530.5,627.3,880.1,1056.4,1.768,0,0,272,168,-9.0,0.186,1,2017-11-30 09:05:48.130
3787,16.208074,-95.001774,-0.96,-7358.0,37531.3,-17187.9,1293.0,1752.2,1620.2,1.774,0,0,7,10,-9.0,0.12,1,2017-11-30 09:25:00.250
3788,16.473298,-95.228638,-6.856,-31615.2,66880.1,-11292.0,376.4,486.9,859.5,1.882,0,0,254,260,-9.0,0.172,1,2017-11-30 09:35:36.940
3789,16.294306,-95.615031,-2.433,-72969.6,47073.5,-15715.6,682.6,594.0,593.5,1.962,0,0,10,10,-9.0,0.137,1,2017-11-30 09:37:49.280
3790,16.47735,-95.156372,-6.475,-23886.2,67328.5,-11673.4,247.9,294.1,414.2,1.857,0,0,310,309,-9.0,0.153,1,2017-11-30 10:23:16.110
3791,16.294127,-95.615194,-4.907,-72987.2,47053.8,-13241.6,655.8,609.2,869.5,2.098,0,0,6,6,-9.0,0.1,1,2017-11-30 13:21:54.220
3792,15.293511,-94.642619,-29.805,31146.1,-63671.1,11657.0,499.9,967.9,865.7,2.383,0,0,90,71,-9.0,0.217,1,2017-11-30 13:51:15.410
3793,16.615792,-98.653003,-13.619,-2161.3,-554.2,818.6,6489.5,7211.0,7406.4,0.983,0,0,4,4,-9.0,0.493,15,2017-11-30 14:48:02.390
3794,16.450255,-95.08457,-0.885,-16208.4,64330.3,-17263.5,443.2,896.7,376.0,3.165,0,0,87,90,-9.0,0.232,1,2017-11-30 17:55:04.340
3795,15.511039,-94.796379,-24.91,14647.6,-39600.1,6761.8,470.2,377.9,850.6,2.554,0,0,347,283,-9.0,0.214,1,2017-11-30 20:30:17.100
3796,16.239865,-95.543229,-18.482,-65296.5,41049.2,333.1,1179.6,1131.6,1478.0,2.44,0,0,7,4,-9.0,0.167,1,2017-11-30 23:11:24.320
3797,15.381964,-94.442131,-33.033,26260.8,-6931.8,3852.0,1090.2,1350.6,1964.6,3.002,0,0,24,20,-9.0,0.241,1,2017-12-01 01:47:08.940
3798,15.756445,-95.049292,-26.817,-38878.3,34505.4,-2363.7,1785.8,1467.4,2261.0,1.667,0,0,32,17,-9.0,0.255,1,2017-12-01 02:15:11.320
3799,15.055055,-94.391146,-31.014,31757.4,-43105.0,1832.7,1728.3,1525.8,1579.5,2.932,0,0,58,29,-9.0,0.278,1,2017-12-01 03:42:52.390
3800,15.811695,-94.878825,-37.083,-20593.9,40619.0,7901.7,994.6,1013.9,2317.6,2.041,0,0,26,38,-9.0,0.217,1,2017-12-01 04:19:04.110
3801,15.575989,-95.006291,-32.779,-34281.7,14537.5,3598.1,891.4,936.8,915.2,1.886,0,0,52,49,-9.0,0.27,1,2017-12-01 04:58:20.340
3802,15.677953,-94.928613,-24.619,-25940.7,25820.1,-4562.5,1036.7,1101.2,1292.1,2.057,0,0,28,37,-9.0,0.279,1,2017-12-01 05:18:09.590
3803,15.32373,-94.657699,-26.667,3121.2,-13375.4,-2514.4,971.5,1463.0,1753.0,2.924,0,0,157,106,-9.0,0.263,1,2017-12-01 05:24:19.270
3804,16.441164,-95.392814,-9.493,3233.0,-6861.5,3883.5,1214.1,2617.6,3024.8,1.744,0,0,9,6,-9.0,0.618,6,2017-12-01 05:41:48.770
3805,15.903798,-94.40721,-65.661,3291.8,-94.2,-1719.4,1551.2,1247.4,1522.6,1.785,0,0,2,3,-9.0,0.192,23,2017-12-01 06:43:42.750
3806,16.526796,-95.091073,-12.41,12012.2,29687.4,3240.8,372.6,419.7,671.3,1.423,0,0,101,111,-9.0,0.148,2,2017-12-01 07:10:15.870
3807,16.135401,-95.277808,-8.091,-7942.7,-13624.7,-1078.3,318.2,359.0,476.1,1.427,0,0,60,85,-9.0,0.155,2,2017-12-01 08:03:17.480
3808,16.490903,-95.18374,-4.175,2113.6,25715.3,-4994.0,392.6,422.5,2337.7,1.44,0,0,98,114,-9.0,0.14,2,2017-12-01 09:37:26.930
3809,15.069792,-94.388062,-31.411,32088.2,-41474.4,2230.0,944.1,853.1,1185.9,1.785,0,0,72,48,-9.0,0.327,1,2017-12-01 11:33:31.120
3810,15.539485,-94.671517,-44.884,1637.4,10498.2,15703.2,746.6,744.2,1348.2,2.334,0,0,75,104,-9.0,0.226,1,2017-12-01 14:33:19.810
3811,15.403041,-94.737012,-34.173,-5391.8,-4599.6,4992.2,871.7,810.6,1877.9,2.763,0,0,217,209,-9.0,0.239,1,2017-12-01 15:23:03.840
3812,15.898106,-95.180835,-10.937,2427.6,-39883.9,1767.2,516.8,538.1,666.7,2.241,0,0,64,51,-9.0,0.177,2,2017-12-01 15:36:29.050
3813,16.144797,-94.568685,-77.749,3081.8,-968.6,1334.0,1856.1,2239.0,1616.1,2.916,0,0,5,5,-9.0,0.272,18,2017-12-01 17:38:27.760
3814,15.640819,-94.956649,-32.686,-28951.0,21711.2,3504.9,904.8,931.0,1265.6,1.983,0,0,58,67,-9.0,0.266,1,2017-12-01 18:57:14.400
3815,16.419316,-98.48269,-32.754,-132.9,-3025.0,1353.6,8196.5,6192.6,8985.8,1.541,0,0,4,3,-9.0,0.467,38,2017-12-01 19:10:18.700
3816,15.23638,-94.232357,-34.853,48795.1,-23040.9,5671.9,1423.0,1291.1,2635.8,2.763,0,0,19,12,-9.0,0.311,1,2017-12-02 01:45:04.410
3817,15.485002,-94.756999,-41.07,-7535.8,4469.6,11889.3,829.9,924.4,2245.3,2.222,0,0,349,292,-9.0,0.241,1,2017-12-02 03:03:27.510
3818,15.471151,-94.453312,-29.223,25054.7,2937.0,42.0,1051.3,2117.9,3063.5,2.138,0,0,8,6,-9.0,0.308,1,2017-12-02 03:16:22.430
3819,15.947096,-94.908252,-23.591,13096.8,-10066.4,-4531.7,12655.1,26478.6,43768.0,2.102,0,0,8,4,-9.0,1.29,5,2017-12-02 04:54:12.190
3820,15.450453,-94.741976,-35.298,-5924.1,646.6,6116.4,1547.5,1401.9,3643.0,1.49,0,0,141,115,-9.0,0.274,1,2017-12-02 05:52:14.050
3821,15.284837,-94.665153,-15.052,2321.9,-17679.1,-14128.9,1328.8,1412.2,1287.0,2.382,0,0,47,23,-9.0,0.303,1,2017-12-02 08:07:24.020
3822,15.781252,-94.882536,-29.5,-20992.7,37250.3,319.1,730.5,1190.8,1617.4,2.348,0,0,34,37,-9.0,0.235,1,2017-12-02 10:09:28.150
3823,15.986372,-94.901326,-21.193,13836.9,-5720.1,-6929.4,21583.2,21579.9,51057.1,1.77,0,0,4,2,-9.0,1.47,5,2017-12-02 10:27:51.550
3824,16.133675,-95.264559,-7.954,-6526.3,-13815.7,-1215.1,480.1,323.0,608.0,2.267,0,0,90,94,-9.0,0.175,2,2017-12-02 11:39:48.840
3825,15.27142,-94.640479,-31.121,4970.9,-19163.7,1939.6,1572.6,1318.8,1575.0,1.985,0,0,44,55,-9.0,0.319,1,2017-12-02 11:50:19.640
3826,16.698198,-94.929801,-7.588,346.1,514.4,1888.5,123.8,219.0,466.8,1.883,0,0,6,11,-9.0,0.086,11,2017-12-02 13:30:20.600
3827,16.360028,-95.084001,-0.768,12773.1,11232.7,-8401.7,552.6,1088.7,655.9,2.408,0,0,3,3,-9.0,0.207,2,2017-12-02 14:32:28.460
3828,15.541936,-94.729061,-23.975,-4537.5,10769.6,-5205.8,957.0,691.4,1381.8,3.113,0,0,238,132,-9.0,0.313,1,2017-12-02 15:05:30.790
3829,15.796608,-95.039225,-23.677,-37794.9,38949.6,-5504.2,1893.0,1767.9,1851.7,2.552,0,0,17,9,-9.0,0.31,1,2017-12-02 18:31:47.240
3830,15.782523,-94.878215,-32.957,-20530.0,37391.0,3775.9,735.6,792.7,1125.1,2.172,0,0,29,38,-9.0,0.235,1,2017-12-02 23:13:15.040
3831,15.322847,-94.597949,-14.637,9536.3,-13473.2,-14544.7,1213.5,948.3,977.3,2.169,0,0,30,18,-9.0,0.296,1,2017-12-03 01:22:26.250
3832,16.134055,-95.265259,-7.637,-6601.5,-13773.7,-1532.9,440.1,466.6,903.3,2.519,0,0,50,36,-9.0,0.173,2,2017-12-03 03:38:04.300
3833,14.847807,-93.306185,-26.722,608.6,-3678.3,4452.2,2182.2,2131.3,2777.2,2.473,0,0,4,3,-9.0,0.238,20,2017-12-03 04:40:01.570
3834,16.277701,-97.839502,-13.42,-283.4,-331.9,-459.9,127.8,100.2,107.2,0.871,0,0,4,4,-9.0,0.055,19,2017-12-03 04:57:49.600
3835,16.496811,-95.100472,-10.798,11009.0,26369.2,1628.8,202.9,339.0,983.3,1.458,0,0,127,144,-9.0,0.151,2,2017-12-03 06:07:59.860
3836,16.140085,-95.265942,-7.877,-6674.6,-13106.4,-1292.7,292.8,309.7,836.9,2.034,0,0,73,91,-9.0,0.16,2,2017-12-03 06:13:36.630
3837,16.446874,-95.389185,-0.056,3620.1,-6229.7,-5554.1,1660.5,3341.9,2788.2,1.404,0,0,7,8,-9.0,0.632,6,2017-12-03 06:51:59.020
3838,16.162305,-94.62631,-75.081,-3081.3,968.9,-1334.0,1828.4,2231.6,1632.4,2.877,0,0,5,5,-9.0,0.272,18,2017-12-03 07:52:19.340
3839,15.30015,-94.61547,-13.291,7655.1,-15984.8,-15890.6,1354.2,800.3,867.3,2.423,0,0,45,29,-9.0,0.226,1,2017-12-03 08:30:45.640
3840,16.54388,-95.078158,-24.171,13391.7,31577.9,15001.6,693.9,724.3,1274.3,2.357,0,0,18,16,-9.0,0.182,2,2017-12-03 09:49:53.150
3841,15.699726,-93.906551,-79.472,6532.2,9702.9,7774.1,1711.8,1760.4,2124.9,1.545,0,0,3,3,-9.0,0.365,8,2017-12-03 11:26:17.660
3842,15.875759,-94.893823,-32.888,-22198.7,47707.8,3707.0,1026.7,1045.9,1749.7,1.966,0,0,17,19,-9.0,0.348,1,2017-12-03 12:12:12.130
3843,15.901353,-95.135531,-12.038,7274.2,-39524.6,2868.4,902.8,1298.5,1444.7,2.518,0,0,12,7,-9.0,0.259,2,2017-12-03 18:30:32.040
3844,15.375187,-94.801017,-19.481,-12262.6,-7681.7,-9700.2,1852.5,2839.0,3151.4,1.816,0,0,4,2,-9.0,0.132,1,2017-12-04 00:28:58.470
3845,15.563147,-94.780094,-32.296,-10012.7,13116.6,3114.5,1184.8,1007.8,1242.5,2.682,0,0,193,131,-9.0,0.212,1,2017-12-04 01:44:41.540
3846,16.550429,-95.243766,-6.115,-4298.4,32302.5,-3054.5,354.6,465.0,771.2,1.572,0,0,19,22,-9.0,0.139,2,2017-12-04 04:42:27.060
3847,15.862062,-95.201579,-10.345,208.1,-43872.7,1175.7,738.6,985.9,1075.8,2.503,0,0,21,13,-9.0,0.238,2,2017-12-04 05:39:32.210
3848,15.408333,-94.746143,-32.558,-6371.7,-4013.9,3377.1,1060.4,872.8,1039.4,1.697,0,0,209,172,-9.0,0.235,1,2017-12-04 08:04:19.540
3849,15.024026,-94.291154,-33.11,42502.1,-46538.4,3928.5,1057.1,1081.2,2494.7,2.257,0,0,62,16,-9.0,0.295,1,2017-12-04 12:29:10.420
3850,15.484127,-94.652393,-23.731,3689.9,4372.8,-5450.3,1027.0,1017.4,1473.5,1.794,0,0,136,62,-9.0,0.239,1,2017-12-04 14:24:16.290
3851,15.619383,-94.98278,-23.637,-31755.5,19339.2,-5544.2,1166.9,1332.4,1232.5,2.033,0,0,34,26,-9.0,0.357,1,2017-12-04 14:26:09.600
3852,15.221839,-94.561287,-31.809,13475.5,-24649.9,2627.5,866.6,937.5,1622.5,2.465,0,0,60,40,-9.0,0.319,1,2017-12-04 14:54:28.710
3853,15.327998,-94.702759,-29.438,-1715.8,-12903.3,257.0,1397.8,2011.0,2246.3,2.236,0,0,72,51,-9.0,0.276,1,2017-12-04 15:08:08.210
3854,16.248304,-95.300301,-56.181,2079.5,4875.0,461.0,1424.4,3464.5,5705.9,1.506,0,0,3,2,-9.0,0.324,28,2017-12-04 15:10:16.590
3855,15.500624,-94.643913,-30.031,4599.4,6198.2,849.5,1008.5,1596.9,2386.0,2.713,0,0,253,153,-9.0,0.358,1,2017-12-04 18:04:41.720
3856,16.012798,-94.975488,-28.121,5899.1,-2795.9,-1.2,21598.4,28798.1,47413.7,1.479,0,0,13,5,-9.0,1.178,5,2017-12-04 18:35:20.640
3857,15.539073,-94.730216,-19.052,-4661.1,10452.6,-10129.2,1358.1,1281.1,1351.9,2.325,0,0,83,33,-9.0,0.248,1,2017-12-04 19:41:22.880
3858,15.217447,-94.584774,-18.908,10953.2,-25135.9,-10272.8,1152.6,1007.8,897.6,2.174,0,0,47,26,-9.0,0.266,1,2017-12-04 21:30:17.400
3859,15.709504,-94.95791,-20.025,-29081.5,29311.3,-9156.5,1373.2,1209.6,1763.0,2.057,0,0,22,11,-9.0,0.276,1,2017-12-04 23:50:35.760
3860,16.300036,-98.066089,-15.761,900.7,1173.1,844.4,1031.9,840.5,902.0,2.176,0,0,27,27,-9.0,0.302,4,2017-12-05 01:55:38.960
3861,15.594043,-94.948413,-32.543,-28069.9,16535.3,3361.9,2269.2,2515.1,1890.2,1.782,0,0,21,2,-9.0,0.317,1,2017-12-05 02:49:50.950
3862,15.37291,-94.691992,-23.104,-559.7,-7933.7,-6077.4,1038.1,985.6,1683.3,1.502,0,0,48,37,-9.0,0.272,1,2017-12-05 04:50:34.810
3863,15.401465,-94.793107,-13.931,-11412.9,-4774.0,-15249.9,1432.0,2709.7,2864.1,2.247,0,0,7,4,-9.0,0.149,1,2017-12-05 09:25:58.500
3864,15.861307,-94.971069,-29.854,-30481.1,46108.7,672.6,1638.8,1230.0,2356.9,1.347,0,0,18,13,-9.0,0.376,1,2017-12-05 11:30:54.910
3865,16.193298,-98.041227,-10.167,3559.2,-10638.5,-4750.0,628.0,383.7,792.3,2.018,0,0,12,11,-9.0,0.355,4,2017-12-05 12:22:04.340
3866,15.3548,-94.742529,-27.663,-5985.1,-9937.5,-1518.3,1485.0,1562.3,2186.2,2.295,0,0,54,33,-9.0,0.283,1,2017-12-05 13:33:24.470
3867,15.734423,-95.057788,-21.977,-39791.2,32068.6,-7204.7,2006.4,1052.4,1633.6,1.967,0,0,13,8,-9.0,0.339,1,2017-12-05 22:37:25.080
3868,15.524697,-94.716545,-14.036,-3194.7,8862.0,-15145.0,1007.0,1219.7,1032.8,2.045,0,0,43,39,-9.0,0.314,1,2017-12-06 03:34:14.150
3869,15.687388,-94.762419,-17.189,-8113.5,26864.2,-11992.4,822.7,1416.5,883.1,2.354,0,0,14,11,-9.0,0.218,1,2017-12-06 03:37:57.370
3870,15.385191,-94.029492,-27.067,1059.1,-3198.9,-3008.1,5196.7,3391.3,6614.3,2.147,0,0,3,3,-9.0,0.387,32,2017-12-06 07:10:25.370
3871,16.180009,-95.217798,-14.253,-1525.9,-8688.3,5083.4,847.7,1750.5,1313.3,1.822,0,0,2,2,-9.0,0.141,2,2017-12-06 07:16:24.960
3872,15.970193,-95.129272,-10.4,7942.7,-31906.7,1230.5,969.7,1412.1,1538.5,1.799,0,0,7,6,-9.0,0.252,2,2017-12-06 07:43:32.090
3873,17.862736,-96.983675,-59.949,1194.4,1083.2,-2855.6,7636.8,6946.7,11726.8,1.513,0,0,4,4,-9.0,0.773,36,2017-12-06 10:51:15.190
3874,15.741633,-94.805379,-29.905,-12719.9,32866.5,724.1,1409.4,831.9,2030.7,2.032,0,0,31,36,-9.0,0.26,1,2017-12-06 12:11:46.030
3875,16.581496,-95.153223,-20.014,5372.8,35740.5,10844.3,2484.6,2264.3,3192.8,2.524,0,0,2,1,-9.0,0.119,2,2017-12-06 18:48:32.400
3876,15.527433,-94.735262,-29.023,-5202.7,9164.8,-158.1,1703.3,1646.6,3049.0,1.841,0,0,181,103,-9.0,0.258,1,2017-12-07 03:05:17.940
3877,16.244594,-98.099992,-10.351,-2723.1,-4962.1,-4565.7,1387.2,1213.8,1489.2,1.684,0,0,24,21,-9.0,0.348,4,2017-12-07 06:18:51.480
3878,16.155501,-97.568799,-9.691,624.5,2639.5,50.5,1116.5,1921.4,3121.2,1.659,0,0,4,5,-9.0,0.173,30,2017-12-07 08:47:18.970
3879,15.754079,-94.995671,-23.668,-33127.9,34243.7,-5513.3,1213.9,1394.9,1271.6,1.858,0,0,20,14,-9.0,0.304,1,2017-12-07 09:21:05.560
3880,15.257665,-94.462614,-3.804,24069.3,-20685.8,-25377.4,1853.3,1900.8,1898.6,2.178,0,0,14,8,-9.0,0.281,1,2017-12-07 09:36:18.140
3881,15.523111,-94.647795,-22.502,4182.7,8686.5,-6678.9,1400.5,1077.0,1707.2,2.498,0,0,174,92,-9.0,0.394,1,2017-12-07 10:18:49.230
3882,15.50585,-94.654517,-21.325,3461.7,6776.5,-7856.1,1021.0,786.3,1204.1,2.081,0,0,111,121,-9.0,0.259,1,2017-12-07 19:20:48.380
3883,15.384912,-94.58667,-7.799,10745.7,-6605.6,-21382.0,1199.4,936.8,1138.0,2.284,0,0,27,25,-9.0,0.278,1,2017-12-07 23:31:56.260
3884,14.929475,-94.129826,-32.712,-1669.7,-4024.8,-408.4,5411.2,2491.1,4295.4,1.769,0,0,4,4,-9.0,0.627,39,2017-12-08 00:00:03.770
3885,15.509134,-94.719629,-42.935,-3525.0,7139.8,13753.4,1070.9,616.4,1852.0,2.0,0,0,254,178,-9.0,0.213,1,2017-12-08 02:14:21.800
3886,15.515591,-94.685124,-31.63,177.2,7854.4,2449.2,529.2,654.2,867.6,2.129,0,0,328,234,-9.0,0.289,1,2017-12-08 02:39:48.520
3887,15.412352,-94.615438,-40.401,7657.1,-3569.2,11219.3,941.8,873.3,2703.9,2.739,0,0,171,122,-9.0,0.27,1,2017-12-08 02:50:12.260
3888,15.746057,-94.994645,-47.752,-33018.5,33356.0,18571.0,1218.2,1781.7,2260.1,1.634,0,0,29,26,-9.0,0.33,1,2017-12-08 03:01:49.260
3889,15.507724,-94.801839,-32.653,-12347.5,6983.9,3471.6,1256.4,1089.0,1675.3,1.811,0,0,122,152,-9.0,0.301,1,2017-12-08 03:13:32.390
3890,15.327689,-94.666854,-31.361,2138.4,-12937.5,2179.7,961.9,823.5,1191.8,1.826,0,0,137,103,-9.0,0.206,1,2017-12-08 04:18:34.130
3891,15.233864,-94.647852,-22.266,4179.2,-23319.3,-6915.2,1366.6,1278.5,1287.7,2.781,0,0,47,34,-9.0,0.329,1,2017-12-08 04:51:51.740
3892,15.232211,-94.558773,-31.587,13744.9,-23502.2,2405.8,1297.6,1083.6,1643.7,1.937,0,0,86,89,-9.0,0.267,1,2017-12-08 05:09:33.030
3893,15.678369,-94.815918,-22.884,-13852.1,25866.1,-6297.0,1895.9,1289.6,2118.8,1.615,0,0,4,2,-9.0,0.242,1,2017-12-08 05:27:36.160
3894,16.146657,-95.255924,-9.849,-5603.3,-12379.1,679.6,447.4,480.1,474.7,1.581,0,0,133,151,-9.0,0.199,2,2017-12-08 05:35:32.570
3895,15.468055,-94.715625,-33.732,-3096.5,2594.4,4551.1,1211.3,1055.8,2860.2,1.737,0,0,268,253,-9.0,0.264,1,2017-12-08 06:05:48.430
3896,15.311605,-94.647965,-32.436,4166.3,-14717.2,3254.3,1058.9,1049.2,1294.5,2.324,0,0,195,183,-9.0,0.262,1,2017-12-08 06:15:00.810
3897,16.514741,-95.162158,-4.855,4419.0,28353.3,-4314.4,541.5,371.0,566.5,1.422,0,0,118,145,-9.0,0.137,2,2017-12-08 06:18:11.320
3898,16.219384,-95.255086,-4.297,-5512.0,-4331.1,-4872.9,291.6,507.4,515.2,1.439,0,0,149,211,-9.0,0.196,2,2017-12-08 06:20:43.850
3899,15.578798,-94.76425,-10.794,-8312.0,14848.4,-18387.1,1308.5,870.8,1180.3,1.989,0,0,10,13,-9.0,0.181,1,2017-12-08 06:25:25.160
3900,16.334086,-95.185758,-4.809,1898.7,8361.9,-4360.9,503.4,356.8,606.1,1.08,0,0,14,19,-9.0,0.152,2,2017-12-08 06:32:52.850
3901,15.403966,-94.765267,-32.144,-8425.0,-4497.2,2962.8,1072.7,924.3,1131.5,1.799,0,0,167,134,-9.0,0.269,1,2017-12-08 06:42:58.330
3902,15.004175,-94.249243,-35.384,47006.9,-48735.0,6202.4,1046.5,1432.7,3281.8,2.136,0,0,60,37,-9.0,0.321,1,2017-12-08 06:54:04.010
3903,15.472075,-94.747087,-32.959,-6472.1,3039.3,3777.9,957.7,843.6,785.4,1.465,0,0,242,230,-9.0,0.28,1,2017-12-08 08:15:40.560
3904,15.652295,-94.949561,-44.186,-28189.0,22981.0,15005.0,1346.3,753.9,1304.7,1.85,0,0,45,40,-9.0,0.222,1,2017-12-08 08:26:15.470
3905,16.160197,-95.339201,-55.259,-2080.1,-4875.0,-461.3,1576.8,3296.4,6441.0,1.262,0,0,3,2,-9.0,0.324,28,2017-12-08 08:28:03.090
3906,15.970406,-95.224618,-6.272,-2256.5,-31883.2,-2897.2,993.9,451.9,1093.8,1.582,0,0,78,55,-9.0,0.245,2,2017-12-08 08:41:56.950
3907,15.952678,-94.926229,-55.122,5673.2,-5033.5,-1681.3,4484.1,5621.5,5420.1,1.136,0,0,2,3,-9.0,0.641,12,2017-12-08 10:29:28.090
3908,16.530562,-95.083415,-19.813,12830.0,30104.1,10643.2,809.5,644.4,1041.7,1.271,0,0,28,21,-9.0,0.103,2,2017-12-08 10:32:25.180
3909,16.155618,-95.264884,-9.448,-6560.8,-11387.5,278.1,425.3,362.2,340.4,1.367,0,0,156,178,-9.0,0.205,2,2017-12-08 10:33:50.370
3910,15.485148,-94.744303,-32.058,-6173.8,4485.8,2876.9,871.7,1307.1,1448.9,1.651,0,0,411,363,-9.0,0.268,1,2017-12-08 10:44:44.930
3911,15.432072,-94.568514,-12.186,12692.9,-1387.2,-16994.7,1070.9,1259.2,984.1,1.363,0,0,19,18,-9.0,0.315,1,2017-12-08 11:17:48.130
3912,15.695237,-94.913477,-58.599,-532.9,-10.8,1279.1,3262.2,3161.4,3768.6,3.038,0,0,13,10,-9.0,0.517,16,2017-12-08 13:02:49.130
3913,16.690507,-94.94078,-4.958,-824.3,-336.8,-742.4,479.2,444.3,716.8,1.969,0,0,5,9,-9.0,0.144,11,2017-12-08 13:17:08.960
3914,15.434016,-94.663826,-21.894,2463.4,-1172.1,-7287.4,1133.4,1028.1,1596.4,2.151,0,0,142,74,-9.0,0.322,1,2017-12-08 15:42:22.630
3915,16.192725,-95.265601,-1.381,-6636.4,-7281.3,-7788.5,385.4,450.3,427.8,1.741,0,0,187,187,-9.0,0.193,2,2017-12-08 18:47:45.560
3916,15.808247,-95.060465,-32.387,-40071.3,40237.4,3206.0,1075.6,1167.3,1151.7,2.331,0,0,58,38,-9.0,0.204,1,2017-12-08 19:03:30.400
3917,15.166497,-94.457113,-35.649,24664.7,-30773.7,6467.4,2103.5,809.4,2215.1,1.992,0,0,69,36,-9.0,0.319,1,2017-12-08 19:12:46.380
3918,16.695,-94.942806,-4.027,-1040.8,160.5,-1672.7,433.7,152.8,436.7,1.761,0,0,7,11,-9.0,0.11,11,2017-12-08 21:02:55.800
3919,15.795665,-95.043156,-39.345,-38216.5,38845.2,10163.5,1026.1,1186.4,1768.3,2.987,0,0,67,46,-9.0,0.264,1,2017-12-08 21:10:29.080
3920,15.718993,-94.891618,-44.341,-21970.0,30361.3,15159.4,1288.2,1460.4,2158.8,1.982,0,0,45,38,-9.0,0.315,1,2017-12-08 21:23:25.400
3921,16.513868,-95.209229,-6.543,-609.4,28256.7,-2626.0,313.5,374.0,703.9,2.229,0,0,120,161,-9.0,0.168,2,2017-12-09 00:24:36.750
3922,15.6936,-94.841398,-31.589,-16585.1,27551.5,2408.1,968.8,572.7,1335.3,2.51,0,0,61,71,-9.0,0.306,1,2017-12-09 00:28:27.140
3923,15.045297,-93.580705,-29.288,725.5,237.6,2073.4,286.8,279.0,808.1,2.384,0,0,4,3,-9.0,0.072,24,2017-12-09 01:51:05.310
3924,16.455567,-95.17644,-4.737,2893.9,21805.1,-4432.1,246.7,329.4,291.7,1.491,0,0,71,150,-9.0,0.243,2,2017-12-09 01:57:50.470
3925,15.905502,-94.468693,-69.099,-3292.3,94.3,1719.5,1654.7,1254.8,1438.4,1.871,0,0,2,3,-9.0,0.192,23,2017-12-09 02:06:31.120
3926,15.545851,-94.791439,-43.884,-11230.5,11202.7,14702.8,969.9,815.8,1649.6,2.034,0,0,174,187,-9.0,0.305,1,2017-12-09 02:08:47.040
3927,15.530857,-94.791195,-23.224,-11204.7,9543.7,-5957.4,1135.8,727.8,1187.1,2.992,0,0,299,177,-9.0,0.323,1,2017-12-09 02:12:23.290
3928,15.92089,-95.180493,-9.409,2463.7,-37362.6,239.4,522.5,632.3,1210.7,1.938,0,0,112,79,-9.0,0.193,2,2017-12-09 03:42:08.950
3929,15.531318,-94.768311,-29.679,-8749.4,9594.6,498.0,1201.5,1113.1,2241.3,2.008,0,0,194,120,-9.0,0.199,1,2017-12-09 03:48:20.850
3930,15.353791,-94.644141,-7.914,4576.4,-10049.1,-21266.9,1165.1,1497.1,1690.0,1.457,0,0,16,3,-9.0,0.185,1,2017-12-09 03:49:33.950
3931,16.227658,-95.3462,-4.396,-15252.4,-3415.4,-4773.5,368.1,480.7,695.6,1.83,0,0,158,171,-9.0,0.164,2,2017-12-09 04:17:41.620
3932,14.958376,-94.329639,-25.797,38373.8,-53802.7,-3384.1,1118.8,1437.5,2008.2,2.805,0,0,49,16,-9.0,0.28,1,2017-12-09 04:33:57.490
3933,15.638997,-94.426302,-16.809,1028.7,-4288.1,744.5,2075.2,1761.1,2162.0,2.128,0,0,4,4,-9.0,0.228,22,2017-12-09 04:40:45.480
3934,15.331528,-94.485921,-6.209,21562.3,-12512.6,-22971.9,1717.8,935.8,1452.7,1.7,0,0,20,18,-9.0,0.195,1,2017-12-09 05:06:01.400
3935,16.224612,-95.342879,-2.885,-14898.0,-3752.6,-6284.5,715.0,844.6,1202.5,2.009,0,0,115,121,-9.0,0.194,2,2017-12-09 05:35:52.100
3936,16.194169,-95.18536,-10.653,1942.0,-7121.4,1483.9,739.0,734.5,537.0,1.167,0,0,66,69,-9.0,0.234,2,2017-12-09 05:51:28.570
3937,16.247192,-95.249984,-5.988,-4966.5,-1253.9,-3181.0,428.7,470.2,644.2,2.173,0,0,178,194,-9.0,0.175,2,2017-12-09 06:14:56.870
3938,15.439387,-94.714836,-35.506,-3012.0,-577.8,6324.6,1073.1,662.1,1711.2,1.772,0,0,313,304,-9.0,0.282,1,2017-12-09 06:54:51.380
3939,16.262432,-95.262012,-2.09,-6251.9,432.6,-7079.7,341.9,334.8,349.9,1.427,0,0,115,158,-9.0,0.168,2,2017-12-09 07:15:55.380
3940,15.434416,-94.538346,-11.53,15930.5,-1127.9,-17651.6,1014.8,1271.9,1291.6,1.539,0,0,17,18,-9.0,0.299,1,2017-12-09 07:44:27.750
3941,16.50347,-95.174398,-10.079,3111.4,27106.0,909.4,245.2,318.0,604.6,1.723,0,0,116,136,-9.0,0.125,2,2017-12-09 07:51:00.710
3942,15.810095,-94.921493,-29.241,-25169.2,40441.9,60.2,744.9,888.6,1718.6,2.089,0,0,31,36,-9.0,0.226,1,2017-12-09 08:02:08.660
3943,15.465625,-94.851245,-23.99,-17651.0,2325.6,-5191.5,2566.5,1671.8,1910.6,1.844,0,0,14,9,-9.0,0.433,1,2017-12-09 09:05:37.200
3944,15.709492,-94.988053,-29.853,-32314.1,29310.0,671.4,1023.0,1109.4,1473.5,2.897,0,0,85,59,-9.0,0.279,1,2017-12-09 14:34:52.670
3945,16.380264,-95.570068,-14.85,3463.4,8151.4,6824.4,1127.4,1990.7,2096.3,1.894,0,0,15,22,-9.0,0.487,3,2017-12-09 16:18:54.810
3946,16.457337,-95.116398,-3.681,9309.0,22001.0,-5488.1,337.0,611.9,351.2,2.294,0,0,150,209,-9.0,0.169,2,2017-12-09 16:20:03.760
3947,15.170379,-94.497347,-32.378,20344.1,-30344.2,3196.6,852.5,719.1,1061.6,2.208,0,0,80,99,-9.0,0.273,1,2017-12-09 16:31:55.410
3948,15.417599,-94.705005,-24.625,-1956.4,-2988.6,-4556.4,890.1,1515.9,1589.0,2.359,0,0,322,219,-9.0,0.336,1,2017-12-09 16:58:31.330
3949,15.955735,-95.334009,-23.114,-13959.2,-33506.6,13944.2,1101.9,1175.1,1568.1,1.838,0,0,3,2,-9.0,0.174,2,2017-12-09 17:02:46.460
3950,15.205101,-94.515918,-41.325,18347.8,-26502.1,12143.6,953.2,683.3,2206.9,1.984,0,0,61,66,-9.0,0.253,1,2017-12-09 18:15:58.740
3951,15.670863,-94.981559,-31.199,-31620.2,25035.6,2017.7,930.4,1210.0,1224.7,2.057,0,0,59,64,-9.0,0.281,1,2017-12-09 19:10:14.240
3952,15.216683,-94.356852,-0.983,35428.5,-25220.5,-28197.9,2300.8,2181.0,2108.5,2.206,0,0,6,5,-9.0,0.361,1,2017-12-09 19:30:33.560
3953,15.575028,-93.988721,-66.984,-2277.6,-4095.4,-4713.9,1937.7,1396.9,1588.6,2.944,0,0,7,13,-9.0,0.248,8,2017-12-09 19:58:53.700
3954,15.727725,-95.049902,-32.299,-38946.4,31327.5,3118.2,797.5,1022.7,937.2,2.261,0,0,70,52,-9.0,0.263,1,2017-12-09 20:21:11.560
3955,16.136727,-95.254712,-9.836,-5473.4,-13478.0,666.9,264.5,252.1,420.8,1.678,0,0,93,99,-9.0,0.17,2,2017-12-09 22:16:33.980
3956,16.153038,-95.269019,-9.468,-7003.3,-11673.1,298.4,200.8,220.1,300.9,1.843,0,0,192,226,-9.0,0.201,2,2017-12-09 22:28:26.480
3957,16.30214,-98.12688,-17.07,-5596.4,1406.0,2153.1,840.8,637.0,815.7,1.042,0,0,22,20,-9.0,0.239,4,2017-12-10 00:31:17.530
3958,16.316274,-98.082503,-14.716,-853.3,2970.1,-200.8,1024.5,790.4,711.4,1.405,0,0,28,25,-9.0,0.264,4,2017-12-10 00:34:26.350
3959,16.247416,-98.059375,-12.148,1619.0,-4649.9,-2769.0,1396.6,979.4,2040.2,0.98,0,0,22,25,-9.0,0.392,4,2017-12-10 00:37:39.650
3960,15.064945,-94.315275,-30.243,39907.0,-42010.5,1062.1,851.0,767.0,1297.9,2.692,0,0,129,84,-9.0,0.302,1,2017-12-10 01:26:37.230
3961,15.390585,-94.695028,-45.907,-885.5,-5977.8,16725.4,822.4,939.7,2434.4,1.724,0,0,117,265,-9.0,0.289,1,2017-12-10 01:29:05.590
3962,16.523282,-95.048307,-4.93,16580.7,29298.5,-4239.4,441.7,367.4,469.8,1.922,0,0,87,96,-9.0,0.128,2,2017-12-10 01:56:19.510
3963,16.488022,-95.148275,-24.427,5902.1,25396.5,15257.8,796.8,824.6,1218.4,1.283,0,0,10,9,-9.0,0.167,2,2017-12-10 02:34:14.160
3964,16.02177,-95.06888,-32.144,-4095.8,-1803.0,4021.9,15561.2,15187.2,23369.4,2.123,0,0,6,4,-9.0,1.329,5,2017-12-10 02:48:19.000
3965,15.960385,-95.234375,-6.196,-3300.5,-32992.1,-2973.4,447.5,458.9,1292.4,1.582,0,0,100,82,-9.0,0.19,2,2017-12-10 03:15:28.060
3966,16.110076,-95.236084,-3.845,-3481.5,-16427.2,-5324.2,611.1,646.7,536.7,1.891,0,0,94,126,-9.0,0.185,2,2017-12-10 03:30:09.460
3967,15.622487,-94.896322,-31.551,-22480.3,19682.7,2370.0,921.7,1037.4,1485.0,2.349,0,0,108,121,-9.0,0.295,1,2017-12-10 04:27:53.940
3968,15.477958,-94.68195,-29.179,517.6,3690.2,-1.9,826.4,734.8,1019.4,2.489,0,0,500,361,-9.0,0.278,1,2017-12-10 04:30:04.450
3969,16.26219,-95.248201,-2.404,-4776.1,405.8,-6765.2,292.2,202.2,336.6,0.969,0,0,114,100,-9.0,0.172,2,2017-12-10 05:46:20.680
3970,16.471766,-95.120093,-4.772,8913.7,23597.7,-4397.4,238.8,380.8,740.2,1.503,0,0,164,165,-9.0,0.152,2,2017-12-10 05:55:18.780
3971,16.481153,-95.186979,-6.278,1767.4,24636.5,-2891.8,272.3,370.6,844.5,1.495,0,0,129,130,-9.0,0.164,2,2017-12-10 06:00:21.160
3972,15.967567,-95.199406,-10.243,440.2,-32197.3,1073.8,413.5,707.8,823.3,1.539,0,0,97,88,-9.0,0.194,2,2017-12-10 06:50:43.980
3973,15.529383,-94.736816,-30.107,-5369.1,9380.6,925.6,745.4,746.5,985.6,1.711,0,0,235,161,-9.0,0.238,1,2017-12-10 07:29:14.190
3974,15.450335,-94.39943,-9.13,30838.7,633.6,-20051.2,2985.8,1161.6,1997.8,1.221,0,0,4,3,-9.0,0.276,1,2017-12-10 07:45:40.500
3975,16.314012,-95.249162,-3.394,-4877.8,6140.5,-5775.4,368.3,419.2,530.5,1.173,0,0,34,30,-9.0,0.16,2,2017-12-10 08:56:07.950
3976,15.63171,-94.762842,-26.703,-8160.1,20703.2,-2478.1,1033.6,1076.3,1760.9,2.526,0,0,136,101,-9.0,0.307,1,2017-12-10 08:59:36.040
3977,15.506065,-94.664331,-26.616,2408.6,6800.2,-2564.9,875.2,735.4,1373.5,1.944,0,0,328,236,-9.0,0.288,1,2017-12-10 09:01:13.440
3978,15.429873,-94.756445,-7.049,-7477.5,-1630.6,-22132.0,2447.7,2507.8,2809.4,1.707,0,0,7,4,-9.0,0.177,1,2017-12-10 09:15:21.700
3979,15.238085,-94.512712,-17.253,18690.8,-22852.3,-11928.5,1691.4,1309.0,871.5,1.864,0,0,26,26,-9.0,0.351,1,2017-12-10 09:34:20.560
3980,16.532209,-95.099634,-11.559,11097.6,30286.4,2389.5,278.9,328.8,333.6,1.932,0,0,136,170,-9.0,0.104,2,2017-12-10 09:44:53.930
3981,15.069765,-94.383667,-41.86,32559.7,-41477.2,12679.1,1162.9,1193.8,3525.6,2.71,0,0,91,43,-9.0,0.335,1,2017-12-10 11:12:13.010
3982,15.571366,-94.870353,-22.775,-19696.7,14026.1,-6406.6,1367.3,1406.3,1569.8,2.17,0,0,79,26,-9.0,0.288,1,2017-12-10 11:49:04.560
3983,15.485967,-94.707349,-70.593,330.5,874.3,239.4,1736.6,1504.1,1110.0,2.754,0,0,13,13,-9.0,0.253,14,2017-12-10 12:41:58.910
3984,15.469003,-95.02946,-44.989,-36776.9,2699.3,15807.9,2340.2,2565.9,5204.1,1.885,0,0,6,2,-9.0,0.286,1,2017-12-10 15:39:31.030
3985,16.298602,-95.632487,-0.843,-3206.5,-885.5,-7182.7,912.2,988.7,932.9,2.332,0,0,35,36,-9.0,0.354,3,2017-12-10 17:07:52.160
3986,16.265409,-95.605518,-12.087,-324.6,-4558.6,4061.3,664.3,611.9,1699.5,3.071,0,0,48,48,-9.0,0.31,3,2017-12-10 17:09:26.120
3987,15.558455,-94.664494,-27.07,2390.5,12597.4,-2111.0,908.9,799.0,1465.4,2.098,0,0,186,171,-9.0,0.268,1,2017-12-10 17:13:39.120
3988,15.370598,-94.683285,-31.77,375.1,-8189.4,2588.9,994.7,1431.0,1392.1,2.128,0,0,222,208,-9.0,0.301,1,2017-12-10 20:02:20.020
3989,16.221657,-95.346297,-7.073,-15263.0,-4079.5,-2096.4,394.5,355.4,905.0,2.314,0,0,178,180,-9.0,0.179,2,2017-12-10 23:31:55.560
3990,16.223298,-95.342733,-3.715,-14882.4,-3898.0,-5454.6,337.6,397.7,329.8,2.005,0,0,127,177,-9.0,0.166,2,2017-12-11 00:41:19.570
3991,15.393109,-94.717025,-32.005,-3246.8,-5698.5,2824.2,878.2,963.3,1051.1,2.059,0,0,288,266,-9.0,0.217,1,2017-12-11 02:09:41.800
3992,16.139485,-95.27312,-1.876,-7441.8,-13172.8,-7293.2,502.5,477.8,499.8,1.482,0,0,129,153,-9.0,0.181,2,2017-12-11 02:46:13.070
3993,16.176666,-95.232723,-29.769,-3121.7,-9058.2,20599.7,1194.2,1577.3,1042.4,1.867,0,0,8,9,-9.0,0.239,2,2017-12-11 04:40:06.220
3994,16.293376,-95.600684,-2.349,192.6,-1463.9,-5676.7,706.3,1071.9,1130.1,1.415,0,0,44,38,-9.0,0.355,3,2017-12-11 04:41:24.320
3995,16.303642,-95.613924,-0.845,-1222.5,-327.8,-7180.7,670.2,1073.0,810.0,2.124,0,0,68,64,-9.0,0.311,3,2017-12-11 05:09:42.750
3996,15.48379,-94.978182,-30.845,-3001.9,-3348.3,449.6,40458.3,57486.9,58255.2,1.913,0,0,4,1,-9.0,1.455,17,2017-12-11 06:16:07.370
3997,15.976454,-95.16731,-9.323,3874.0,-31214.0,153.9,311.7,353.2,484.7,1.283,0,0,91,103,-9.0,0.165,2,2017-12-11 06:40:14.170
3998,15.635235,-93.950277,-76.727,1844.8,2566.7,5028.7,1162.3,1468.5,1612.0,2.187,0,0,8,11,-9.0,0.314,8,2017-12-11 06:59:36.550
3999,15.36976,-94.396606,-6.183,31148.4,-8282.1,-22998.7,2240.0,965.4,1425.1,1.806,0,0,13,9,-9.0,0.202,1,2017-12-11 07:39:28.480
4000,15.091513,-93.812158,-35.644,-3585.6,-2174.8,3171.1,974.1,465.3,1867.9,2.668,0,0,28,25,-9.0,0.237,7,2017-12-11 07:50:07.760
4001,16.484164,-95.234684,-5.973,-3328.8,24969.7,-3196.3,281.6,359.9,1802.4,1.446,0,0,43,116,-9.0,0.118,2,2017-12-11 07:51:48.250
4002,16.386842,-98.18619,-18.328,-11932.1,10779.1,3410.8,1400.0,1494.8,836.1,0.553,0,0,9,7,-9.0,0.369,4,2017-12-11 08:33:03.440
4003,15.507834,-94.748608,-32.802,-6635.0,6996.0,3620.8,891.6,488.3,859.8,1.85,0,0,315,341,-9.0,0.219,1,2017-12-11 08:46:42.110
4004,15.427805,-94.745898,-45.752,-6345.6,-1859.4,16570.7,1387.2,2071.6,3706.3,1.54,0,0,59,76,-9.0,0.316,1,2017-12-11 08:48:00.490
4005,15.449063,-94.730656,-41.646,-4709.4,492.9,12464.7,1013.8,924.2,1890.8,2.372,0,0,306,334,-9.0,0.266,1,2017-12-11 10:19:50.590
4006,15.587028,-94.952132,-31.162,-28470.0,15759.0,1980.9,1048.0,796.1,1322.1,2.11,0,0,73,50,-9.0,0.338,1,2017-12-11 13:19:02.160
4007,16.246946,-95.329492,-1.491,-13465.8,-1281.0,-7678.6,598.6,591.6,530.0,1.875,0,0,66,92,-9.0,0.166,2,2017-12-11 17:00:04.520
4008,16.20723,-95.329435,-14.323,-13460.8,-5676.1,5153.4,410.6,411.8,512.9,1.602,0,0,87,115,-9.0,0.184,2,2017-12-11 18:15:07.560
4009,16.027776,-95.119076,-29.968,-9467.7,-1138.4,1845.6,16706.9,10139.0,30523.0,1.744,0,0,2,3,-9.0,1.512,5,2017-12-11 18:41:43.800
4010,16.510724,-95.095972,-7.348,11489.7,27908.8,-1821.9,310.3,306.2,844.7,2.72,0,0,176,216,-9.0,0.142,2,2017-12-11 20:58:46.460
4011,16.527994,-95.153874,-10.882,5304.1,29819.8,1712.1,460.3,785.1,629.4,2.015,0,0,72,131,-9.0,0.275,2,2017-12-11 21:07:17.700
4012,16.469371,-95.174202,-3.896,3132.7,23332.6,-5273.4,425.2,437.5,402.2,2.193,0,0,183,199,-9.0,0.155,2,2017-12-11 22:30:01.800
4013,15.127693,-93.787817,-31.097,-969.3,1828.5,-1376.0,532.1,1037.0,1379.9,3.112,0,0,42,28,-9.0,0.296,7,2017-12-11 22:57:48.200
4014,15.034902,-94.23597,-23.988,48429.6,-45335.0,-5192.9,2425.3,2428.9,3245.1,2.001,0,0,7,11,-9.0,0.296,1,2017-12-11 23:28:11.140
4015,16.14647,-95.279126,-8.64,-8084.0,-12399.8,-529.1,322.9,322.1,316.3,1.559,0,0,205,222,-9.0,0.181,2,2017-12-12 01:08:08.950
4016,16.4766,-95.218831,-8.216,-1635.8,24132.6,-953.7,337.4,374.6,590.8,1.922,0,0,73,137,-9.0,0.179,2,2017-12-12 01:46:02.240
4017,16.455178,-95.161873,-8.043,4449.9,21762.0,-1126.7,361.8,327.7,750.8,1.852,0,0,102,180,-9.0,0.18,2,2017-12-12 01:56:07.010
4018,15.427241,-94.565983,-24.586,12965.0,-1921.8,-4595.2,1349.3,948.9,1376.9,2.184,0,0,41,40,-9.0,0.304,1,2017-12-12 02:07:17.300
4019,16.022011,-95.041699,-57.072,-6686.4,2638.7,268.5,3514.8,7426.5,3535.3,2.884,0,0,4,5,-9.0,0.43,12,2017-12-12 03:36:16.390
4020,15.002226,-94.098779,-33.537,1670.4,4024.9,417.5,5264.4,2497.6,6967.8,2.545,0,0,4,4,-9.0,0.627,39,2017-12-12 04:23:02.560
4021,15.906159,-95.266569,-6.758,-6745.4,-38992.8,-2411.3,450.6,575.2,859.2,1.188,0,0,70,66,-9.0,0.193,2,2017-12-12 05:49:01.150
4022,15.160201,-94.482699,-44.949,21917.6,-31470.4,15768.1,885.1,1024.1,2386.3,1.876,0,0,55,45,-9.0,0.326,1,2017-12-12 05:49:25.290
4023,15.924025,-95.223861,-10.484,-2175.4,-37015.6,1314.2,418.2,578.5,733.3,1.269,0,0,81,72,-9.0,0.166,2,2017-12-12 06:19:12.530
4024,15.520392,-94.699325,-20.013,-1346.7,8385.6,-9167.7,1302.1,1002.5,1025.2,1.57,0,0,34,37,-9.0,0.317,1,2017-12-12 06:23:44.110
4025,15.47255,-94.67535,-28.865,1226.0,3091.8,-315.9,1516.5,1478.5,2573.9,1.657,0,0,293,298,-9.0,0.278,1,2017-12-12 06:26:27.950
4026,16.270716,-98.123161,-16.311,-5199.3,-2071.4,1394.6,729.1,534.1,427.6,1.203,0,0,24,17,-9.0,0.303,4,2017-12-12 06:50:18.110
4027,16.5497,-94.735799,-5.23,1077.6,415.0,-3200.0,450.7,354.7,5675.3,1.467,0,0,2,4,-9.0,0.173,40,2017-12-12 07:11:06.760
4028,15.591623,-94.941715,-34.587,-27351.7,16267.4,5405.8,1069.4,1159.1,2279.2,1.664,0,0,69,74,-9.0,0.274,1,2017-12-12 08:08:19.710
4029,16.478009,-95.109766,-3.299,10016.5,24288.5,-5870.5,340.5,424.8,623.9,1.066,0,0,163,175,-9.0,0.14,2,2017-12-12 08:28:39.480
4030,16.509424,-95.069116,-4.85,14358.9,27764.9,-4319.9,532.3,484.6,244.4,1.817,0,0,63,56,-9.0,0.143,2,2017-12-12 08:32:39.780
4031,16.308902,-95.614746,-1.556,-1310.3,254.3,-6469.1,589.6,573.7,849.7,1.998,0,0,63,69,-9.0,0.364,3,2017-12-12 08:42:57.240
4032,15.291619,-94.329175,-43.003,38393.3,-16928.6,13822.0,1134.1,1034.1,2462.6,2.069,0,0,29,30,-9.0,0.302,1,2017-12-12 08:50:30.290
4033,15.067012,-94.365959,-35.418,34462.9,-41782.0,6237.1,1147.2,798.2,1827.4,3.599,0,0,137,38,-9.0,0.325,1,2017-12-12 08:53:16.720
4034,16.110457,-95.255745,-3.991,-5584.7,-16385.0,-5178.6,784.7,835.1,971.0,0.762,0,0,70,93,-9.0,0.21,2,2017-12-12 09:04:42.550
4035,16.508326,-95.072575,-4.186,13989.1,27643.5,-4983.6,321.5,312.0,554.4,1.259,0,0,111,150,-9.0,0.119,2,2017-12-12 09:21:05.440
4036,15.798866,-95.061141,-33.288,-40144.3,39199.4,4107.1,840.7,1286.2,3190.3,1.902,0,0,43,38,-9.0,0.266,1,2017-12-12 10:00:22.230
4037,15.49117,-94.726156,-30.965,-4226.4,5152.2,1784.0,1217.5,1195.0,1571.8,1.647,0,0,147,243,-9.0,0.243,1,2017-12-12 10:11:01.190
4038,15.215247,-94.393115,-4.7,31534.4,-25379.4,-24481.2,1888.9,2070.0,2078.5,2.306,0,0,13,7,-9.0,0.36,1,2017-12-12 11:41:51.000
4039,15.517054,-94.609188,-30.098,8325.7,8016.3,916.3,786.8,840.4,1203.6,1.88,0,0,172,119,-9.0,0.214,1,2017-12-12 11:54:55.360
4040,16.211792,-95.345614,-6.085,-15190.7,-5171.3,-3084.0,601.7,767.2,468.4,3.025,0,0,90,168,-9.0,0.216,2,2017-12-12 14:05:25.210
4041,16.224488,-95.348739,-2.584,-15524.2,-3766.2,-6585.3,491.7,555.7,447.3,1.746,0,0,110,110,-9.0,0.218,2,2017-12-12 14:09:21.830
4042,16.334436,-97.948706,-13.629,13445.0,4979.8,-1287.3,836.3,1350.5,1252.1,1.307,0,0,7,8,-9.0,0.47,4,2017-12-12 15:47:28.180
4043,15.249123,-94.294824,-32.726,42085.5,-21630.9,3545.1,1039.2,1146.0,1462.1,2.252,0,0,27,38,-9.0,0.321,1,2017-12-12 15:48:44.980
4044,15.303501,-94.608968,-16.313,8353.7,-15613.9,-12867.9,1010.2,826.4,908.3,2.075,0,0,35,47,-9.0,0.312,1,2017-12-12 17:15:57.760
4045,15.801258,-95.009253,-39.57,-34580.3,39464.2,10389.0,925.2,1119.1,2432.6,2.253,0,0,51,56,-9.0,0.3,1,2017-12-12 18:36:41.780
4046,15.312686,-94.556315,-12.699,14006.1,-14597.5,-16482.5,1191.2,942.6,933.4,1.726,0,0,29,31,-9.0,0.322,1,2017-12-12 18:58:35.600
4047,16.716508,-95.49248,-0.029,-2334.2,1483.9,-4111.4,3378.4,2483.1,3821.3,1.566,0,0,5,5,-9.0,0.459,21,2017-12-12 21:20:24.120
4048,15.045057,-94.328849,-25.435,38450.9,-44211.3,-3746.2,1161.2,1093.3,1549.1,2.672,0,0,68,67,-9.0,0.384,1,2017-12-12 22:04:09.220
4049,16.211512,-95.289591,-9.155,-9201.7,-5202.2,-14.1,550.5,666.9,651.8,2.76,0,0,266,253,-9.0,0.206,2,2017-12-12 22:12:06.120
4050,15.533591,-94.655444,-31.243,3361.9,9846.0,2061.9,788.2,881.2,1393.2,2.114,0,0,187,194,-9.0,0.313,1,2017-12-12 23:13:12.840
4051,15.288626,-94.669588,-32.372,1845.4,-17259.8,3190.8,1100.5,819.0,1425.2,2.165,0,0,87,78,-9.0,0.243,1,2017-12-13 00:13:54.140
4052,15.909933,-95.174202,-9.128,3137.3,-38575.1,-41.9,528.0,846.8,943.6,1.776,0,0,80,66,-9.0,0.219,2,2017-12-13 01:50:26.400
4053,15.581534,-94.814836,-47.213,-13739.6,15151.1,18031.3,1260.8,1263.1,1905.2,1.734,0,0,37,44,-9.0,0.214,1,2017-12-13 02:22:01.080
4054,16.043708,-95.177718,-10.106,2759.8,-23771.4,936.9,659.5,799.0,965.0,2.044,0,0,93,75,-9.0,0.24,2,2017-12-13 02:29:06.180
4055,15.400597,-94.735799,-29.779,-5261.7,-4869.9,598.0,995.1,707.7,753.4,1.908,0,0,230,208,-9.0,0.256,1,2017-12-13 03:13:58.540
4056,15.198271,-94.271208,-33.036,44627.3,-27257.9,3854.5,1164.8,1286.5,4473.7,1.877,0,0,12,32,-9.0,0.283,1,2017-12-13 03:15:44.640
4057,15.35988,-94.729207,-5.71,-4555.2,-9375.5,-23470.8,2094.2,2133.3,2441.6,1.955,0,0,9,3,-9.0,0.16,1,2017-12-13 03:47:46.530
4058,16.228727,-95.326066,-7.43,-13100.3,-3297.2,-1739.0,749.9,1102.5,1021.6,1.288,0,0,128,184,-9.0,0.276,2,2017-12-13 04:43:27.630
4059,16.213125,-95.338078,-11.847,-14385.1,-5023.7,2678.0,512.8,576.3,984.0,1.515,0,0,66,131,-9.0,0.258,2,2017-12-13 04:44:20.210
4060,16.244267,-95.337337,-1.93,-14304.7,-1577.6,-7239.0,420.9,509.6,591.1,1.466,0,0,106,120,-9.0,0.207,2,2017-12-13 05:12:09.350
4061,16.441884,-95.356641,-19.874,-16360.2,20290.9,10705.3,1000.9,756.3,1150.9,1.485,0,0,5,0,-9.0,0.259,2,2017-12-13 05:15:31.570
4062,16.240927,-95.350643,-1.866,-15727.0,-1947.1,-7303.4,302.1,479.2,336.0,1.368,0,0,110,140,-9.0,0.192,2,2017-12-13 05:31:52.580
4063,15.574278,-94.98772,-26.47,-32288.9,14348.2,-2711.2,1178.8,1087.2,1440.6,1.323,0,0,39,33,-9.0,0.257,1,2017-12-13 05:39:55.660
4064,15.472061,-94.664331,-32.742,2408.7,3037.6,3561.2,675.5,574.4,624.0,2.156,0,0,427,368,-9.0,0.267,1,2017-12-13 05:52:15.930
4065,16.225121,-95.33903,-7.862,-14486.3,-3696.2,-1307.4,357.8,412.9,708.3,2.536,0,0,166,178,-9.0,0.162,2,2017-12-13 05:55:53.550
4066,15.609633,-94.891707,-27.708,-21985.6,18260.4,-1473.6,955.6,1052.6,1597.9,1.579,0,0,111,70,-9.0,0.311,1,2017-12-13 06:17:24.050
4067,15.371425,-94.554801,-5.502,14166.4,-8097.9,-23679.4,1323.8,850.8,1203.6,1.306,0,0,22,21,-9.0,0.176,1,2017-12-13 06:28:05.960
4068,16.411016,-94.960986,-12.698,-620.0,2135.3,1107.8,464.5,601.0,752.6,1.707,0,0,10,14,-9.0,0.149,10,2017-12-13 06:39:47.370
4069,15.508104,-94.748763,-39.518,-6652.1,7026.0,10337.3,905.0,636.7,2878.9,1.936,0,0,185,255,-9.0,0.255,1,2017-12-13 06:59:09.810
4070,15.430904,-94.605607,-4.521,8711.9,-1516.4,-24660.2,2040.7,1390.8,1560.2,1.882,0,0,8,7,-9.0,0.331,1,2017-12-13 07:02:46.770
4071,16.493342,-95.184806,-10.377,1999.3,25985.3,1207.7,287.2,295.8,431.2,1.487,0,0,120,187,-9.0,0.146,2,2017-12-13 07:17:38.610
4072,16.23407,-95.340918,-3.326,-14687.5,-2705.9,-5844.0,318.4,397.3,363.2,1.459,0,0,141,166,-9.0,0.19,2,2017-12-13 07:27:13.100
4073,16.509828,-95.072127,-13.39,14037.1,27809.6,4220.2,317.5,364.2,420.5,1.123,0,0,88,131,-9.0,0.13,2,2017-12-13 07:41:39.370
4074,16.509303,-95.072078,-11.22,14042.4,27751.5,2050.1,524.9,475.3,1241.2,0.804,0,0,81,142,-9.0,0.129,2,2017-12-13 07:45:51.490
4075,16.443477,-94.936499,-6.835,1995.9,5727.6,-4754.7,397.2,948.8,15265.1,1.945,0,0,0,5,-9.0,0.229,10,2017-12-13 08:28:04.990
4076,15.078275,-93.838517,-39.268,-6420.1,-3639.6,6794.9,1943.0,1083.2,3263.5,2.221,0,0,19,12,-9.0,0.28,7,2017-12-13 08:33:02.140
4077,15.506251,-94.638534,-20.759,5176.5,6820.9,-8421.8,937.2,1114.4,1801.9,1.639,0,0,83,83,-9.0,0.289,1,2017-12-13 08:34:43.500
4078,15.300608,-94.630786,-21.801,6011.1,-15933.9,-7380.4,1000.6,706.0,974.4,2.013,0,0,113,99,-9.0,0.309,1,2017-12-13 08:36:32.420
4079,16.225725,-95.242228,-5.083,-4137.5,-3629.4,-4086.7,484.7,552.9,649.4,1.611,0,0,225,220,-9.0,0.223,2,2017-12-13 08:39:31.120
4080,16.801788,-95.155021,-94.128,114.9,4425.4,-391.6,1604.2,1700.1,1674.1,2.179,0,0,6,8,-9.0,0.303,34,2017-12-13 08:42:49.910
4081,15.73149,-94.552743,-47.041,-3773.0,-4321.1,-1917.0,2119.5,748.6,1101.0,1.425,0,0,9,16,-9.0,0.409,9,2017-12-13 09:10:18.680
4082,15.937657,-95.180542,-5.806,2458.3,-35507.2,-3363.7,516.1,381.9,1256.7,1.379,0,0,99,80,-9.0,0.225,2,2017-12-13 09:12:20.680
4083,15.937006,-95.189779,-8.069,1470.4,-35579.3,-1100.3,397.6,312.9,459.5,1.423,0,0,117,103,-9.0,0.176,2,2017-12-13 09:14:25.730
4084,16.236075,-95.337134,-3.896,-14283.3,-2484.1,-5273.5,418.2,497.3,395.0,0.995,0,0,117,166,-9.0,0.189,2,2017-12-13 09:20:17.520
4085,16.480172,-95.141545,-4.526,6621.2,24527.8,-4643.6,261.2,307.7,333.1,1.21,0,0,169,183,-9.0,0.137,2,2017-12-13 09:38:28.200
4086,15.533877,-94.591878,-32.097,10182.5,9877.7,2915.8,731.6,783.2,1214.6,1.933,0,0,90,79,-9.0,0.189,1,2017-12-13 09:38:39.020
4087,15.789172,-95.295679,-30.205,-3105.2,3288.9,-1525.2,11176.1,12494.4,15473.9,1.671,0,0,4,2,-9.0,0.687,26,2017-12-13 09:56:04.770
4088,16.275131,-95.613452,-11.514,-1172.3,-3482.8,3488.8,847.3,1018.0,1312.6,2.469,0,0,50,61,-9.0,0.244,3,2017-12-13 09:56:08.390
4089,15.79171,-94.874854,-29.684,-20169.1,38407.6,502.3,759.5,1017.6,2740.7,2.146,0,0,25,27,-9.0,0.201,1,2017-12-13 10:18:58.510
4090,15.978202,-95.241007,-12.678,-4009.8,-31020.5,3508.1,580.4,569.3,883.9,1.434,0,0,109,81,-9.0,0.231,2,2017-12-13 10:20:43.660
4091,16.529953,-95.09786,-12.722,11287.6,30036.7,3552.6,224.9,345.9,405.6,1.357,0,0,93,119,-9.0,0.126,2,2017-12-13 10:44:17.450
4092,16.073972,-95.147974,-8.782,5940.9,-20422.6,-387.2,465.9,460.1,529.9,1.573,0,0,37,53,-9.0,0.166,2,2017-12-13 13:48:54.500
4093,15.123764,-94.358952,-21.085,35210.7,-35502.2,-8095.7,2102.0,1908.0,2615.8,2.903,0,0,15,14,-9.0,0.401,1,2017-12-13 13:50:57.820
4094,15.335764,-94.666634,-28.116,2162.7,-12043.9,-1065.0,967.9,652.4,963.7,2.287,0,0,145,184,-9.0,0.232,1,2017-12-13 17:16:49.380
4095,16.071114,-95.174219,-15.656,3134.0,-20738.8,6486.7,1002.4,1193.1,789.3,2.197,0,0,22,20,-9.0,0.284,2,2017-12-13 18:30:59.480
4096,15.921927,-95.23125,-8.745,-2966.3,-37247.9,-424.7,446.7,501.3,495.7,1.81,0,0,62,94,-9.0,0.186,2,2017-12-13 20:05:24.720
4097,16.023698,-95.192415,-25.481,1188.4,-25985.9,16311.4,925.4,1432.0,3078.0,1.358,0,0,4,5,-9.0,0.224,2,2017-12-13 21:54:43.360
4098,15.785823,-94.903646,-26.515,-23256.9,37756.2,-2666.5,945.4,998.3,1485.5,2.192,0,0,23,51,-9.0,0.279,1,2017-12-13 22:35:37.240
4099,15.854802,-93.476204,-111.791,4315.5,-359.4,4126.0,3450.2,3780.8,2834.2,1.975,0,0,5,4,-9.0,0.344,33,2017-12-13 23:01:41.340
4100,15.295965,-94.619352,-34.776,7238.7,-16447.8,5594.7,904.8,1077.9,3013.3,1.81,0,0,71,106,-9.0,0.259,1,2017-12-13 23:51:40.560
4101,15.861299,-93.556787,-103.539,-4315.6,359.4,-4126.1,3751.1,3710.9,2869.8,2.375,0,0,5,4,-9.0,0.344,33,2017-12-14 00:56:34.200
4102,16.198774,-95.277214,-24.293,-7878.4,-6611.8,15123.6,1026.4,926.6,1030.9,1.551,0,0,6,5,-9.0,0.271,2,2017-12-14 01:14:23.620
4103,16.14247,-95.375488,-34.616,446.8,5658.8,-6940.2,5512.3,9548.5,9125.3,0.999,0,0,2,4,-9.0,0.426,13,2017-12-14 01:34:45.660
4104,15.42352,-94.839893,-31.45,-16434.3,-2333.5,2269.0,1234.4,1333.4,1360.7,2.007,0,0,74,69,-9.0,0.27,1,2017-12-14 01:42:52.070
4105,16.107799,-97.580493,-9.589,-626.3,-2639.2,-50.5,1190.2,1933.4,3112.5,1.378,0,0,4,5,-9.0,0.173,30,2017-12-14 01:47:55.390
4106,16.002619,-95.115723,-16.958,9391.9,-28318.4,7789.0,651.9,538.9,953.4,1.953,0,0,35,30,-9.0,0.268,2,2017-12-14 03:25:16.220
4107,16.227082,-95.330566,-4.972,-13581.8,-3479.2,-4197.0,397.3,480.3,235.7,1.411,0,0,181,148,-9.0,0.178,2,2017-12-14 03:42:34.500
4108,16.137313,-95.253695,-3.106,-5364.7,-13413.2,-6063.1,331.8,327.2,397.7,1.327,0,0,120,105,-9.0,0.181,2,2017-12-14 03:48:57.910
4109,16.233349,-95.340853,-9.474,-14681.1,-2785.8,304.0,461.4,725.9,844.7,1.381,0,0,109,151,-9.0,0.288,2,2017-12-14 04:15:02.130
4110,15.443366,-94.675464,-30.898,1214.4,-137.4,1716.9,1110.1,1468.1,2064.7,1.342,0,0,285,172,-9.0,0.38,1,2017-12-14 04:18:55.110
4111,15.397501,-94.632308,-35.703,5846.4,-5212.6,6522.0,686.4,729.5,1960.2,1.744,0,0,203,269,-9.0,0.284,1,2017-12-14 04:52:18.740
4112,16.227719,-95.344613,-3.768,-15083.4,-3408.7,-5401.2,286.4,373.2,357.2,1.791,0,0,164,167,-9.0,0.173,2,2017-12-14 04:54:13.060
4113,16.13365,-95.190723,-1.797,1368.6,-13818.5,-7372.8,357.4,427.4,475.5,1.501,0,0,92,106,-9.0,0.177,2,2017-12-14 05:03:40.180
4114,16.349004,-98.215926,-22.575,-15111.4,6592.0,7658.0,1791.9,1847.8,1706.4,2.267,0,0,5,4,-9.0,0.446,4,2017-12-14 05:12:23.850
4115,16.147863,-95.195247,-3.454,885.3,-12245.7,-5715.7,393.8,398.8,586.0,1.254,0,0,90,83,-9.0,0.227,2,2017-12-14 05:23:14.650
4116,16.159878,-95.198047,-5.453,585.8,-10916.2,-3716.9,377.2,398.5,652.4,1.35,0,0,82,101,-9.0,0.219,2,2017-12-14 05:25:31.820
4117,15.460351,-94.695768,-27.822,-964.7,1741.9,-1359.0,614.5,1008.1,1229.4,1.584,0,0,451,396,-9.0,0.261,1,2017-12-14 05:38:30.200
4118,15.755561,-95.022144,-41.789,-35966.9,34407.6,12608.0,1551.2,1367.7,2003.3,1.807,0,0,28,22,-9.0,0.281,1,2017-12-14 06:25:09.720
4119,15.868306,-95.127051,-18.792,8182.8,-43181.6,9622.3,842.1,1016.5,1188.6,2.179,0,0,13,10,-9.0,0.245,2,2017-12-14 06:30:44.230
4120,16.257588,-95.16556,-5.768,4058.6,-103.4,-3401.1,350.7,688.7,821.6,1.608,0,0,41,38,-9.0,0.185,2,2017-12-14 07:35:11.550
4121,15.660223,-94.957104,-33.356,-28998.0,23858.3,4175.3,896.4,862.2,2819.7,1.538,0,0,106,78,-9.0,0.269,1,2017-12-14 08:00:59.660
4122,15.461356,-94.730794,-32.383,-4724.1,1853.1,3201.6,1295.0,1508.2,1197.0,1.451,0,0,194,145,-9.0,0.397,1,2017-12-14 08:44:55.600
4123,15.161767,-94.5021,-27.226,19833.3,-31297.1,-1955.0,864.1,990.3,1546.7,1.944,0,0,46,61,-9.0,0.247,1,2017-12-14 08:47:01.300
4124,16.120324,-95.226587,-10.693,-2466.1,-15293.2,1523.3,549.2,456.2,693.7,1.446,0,0,75,112,-9.0,0.203,2,2017-12-14 09:04:16.520
4125,15.947769,-95.178947,-11.564,2629.4,-34388.2,2394.8,559.6,431.0,1002.8,1.654,0,0,102,88,-9.0,0.208,2,2017-12-14 09:15:44.820
4126,15.32945,-94.690129,-20.219,-360.2,-12742.6,-8962.7,1174.9,1401.8,2107.2,1.623,0,0,48,74,-9.0,0.405,1,2017-12-14 09:26:59.430
4127,15.80974,-94.504801,-51.901,1364.4,4337.6,2943.0,2280.3,1427.7,1983.7,2.193,0,0,13,18,-9.0,0.505,9,2017-12-14 09:29:31.600
4128,15.950938,-95.184578,-9.595,2026.6,-34037.6,425.1,535.1,476.1,1131.9,1.385,0,0,109,100,-9.0,0.185,2,2017-12-14 09:33:08.000
4129,14.966533,-94.273258,-31.523,44430.6,-52900.1,2342.2,1218.2,1221.0,1661.1,1.918,0,0,45,35,-9.0,0.268,1,2017-12-14 09:41:05.740
4130,15.997451,-95.197233,-19.874,672.7,-28890.4,10704.5,632.2,401.3,828.2,1.481,0,0,37,31,-9.0,0.25,2,2017-12-14 09:43:24.450
4131,16.5422,-94.755998,-11.649,-1077.8,-415.1,3219.2,453.2,343.5,1172.5,0.959,0,0,2,4,-9.0,0.173,40,2017-12-14 09:44:44.980
4132,15.789989,-94.518205,-52.909,-71.5,2152.1,3951.0,984.5,848.5,1558.1,1.305,0,0,11,16,-9.0,0.473,9,2017-12-14 09:58:47.130
4133,15.436098,-94.620223,-44.157,7143.3,-941.7,14975.6,706.3,1052.3,2470.9,2.95,0,0,72,74,-9.0,0.313,1,2017-12-14 15:13:00.760
4134,16.476224,-95.077376,-4.386,13477.2,24091.0,-4783.0,302.5,533.6,762.4,1.787,0,0,50,108,-9.0,0.16,2,2017-12-14 15:49:41.760
4135,15.484622,-94.785059,-32.029,-10547.6,4427.7,2847.9,1207.6,827.4,1843.4,1.994,0,0,116,158,-9.0,0.273,1,2017-12-14 16:47:56.530
4136,15.158228,-94.442155,-25.928,26272.1,-31688.7,-3253.6,1651.9,1272.1,1966.1,2.563,0,0,70,28,-9.0,0.404,1,2017-12-14 17:26:06.500
4137,16.283701,-97.834196,-14.34,283.3,331.9,459.9,128.1,100.3,118.3,1.473,0,0,4,4,-9.0,0.055,19,2017-12-14 18:38:36.760
4138,16.364293,-94.938704,-5.729,1760.2,-3035.0,-5860.9,576.2,439.9,1751.9,2.226,0,0,7,12,-9.0,0.184,10,2017-12-14 18:42:25.920
4139,15.202489,-94.513306,-32.876,18628.6,-26791.1,3694.9,730.1,895.1,1052.1,1.833,0,0,60,67,-9.0,0.252,1,2017-12-14 19:11:23.180
4140,17.224963,-93.928239,-37.132,256.5,5474.3,652.2,172775.0,120510.4,603538.1,1.983,0,0,2,5,-9.0,3.496,43,2017-12-14 19:56:33.760
4141,16.4967,-95.035791,-2.278,17919.2,26356.8,-6891.7,379.4,724.9,427.1,1.674,0,0,59,87,-9.0,0.144,2,2017-12-14 20:17:19.680
4142,16.135423,-95.308813,-5.46,-11258.4,-13622.3,-3709.4,230.5,275.9,973.0,2.03,0,0,84,178,-9.0,0.188,2,2017-12-14 20:23:52.760
4143,16.09726,-95.18252,-15.07,2246.6,-17845.5,5900.1,945.8,874.0,651.3,1.992,0,0,45,38,-9.0,0.217,2,2017-12-15 00:46:16.240
4144,16.524787,-95.126001,-4.359,8281.7,29465.1,-4810.8,396.7,661.6,788.7,2.223,0,0,81,168,-9.0,0.179,2,2017-12-15 01:08:59.570
4145,16.234153,-95.320158,-9.594,-12468.8,-2696.8,424.5,209.5,274.5,310.8,1.496,0,0,127,137,-9.0,0.14,2,2017-12-15 01:40:00.770
4146,15.546672,-94.74585,-32.766,-6338.8,11293.6,3585.1,601.8,588.8,564.5,2.593,0,0,426,418,-9.0,0.248,1,2017-12-15 02:31:03.780
4147,16.544793,-95.167586,-6.235,3838.9,31678.9,-2934.4,403.0,528.7,1064.2,1.557,0,0,72,157,-9.0,0.107,2,2017-12-15 02:39:32.030
4148,15.074349,-94.383447,-23.005,32583.0,-40970.1,-6176.6,2170.4,2009.0,2535.0,1.847,0,0,22,13,-9.0,0.413,1,2017-12-15 02:54:05.000
4149,15.937156,-95.211393,-11.772,-841.6,-35562.6,2602.7,315.5,470.7,445.4,1.75,0,0,84,73,-9.0,0.163,2,2017-12-15 03:10:41.830
4150,15.527503,-94.720353,-32.059,-3603.2,9172.5,2877.7,625.2,671.0,855.4,2.779,0,0,428,460,-9.0,0.268,1,2017-12-15 03:16:52.340
4151,16.484902,-95.219246,-8.281,-1679.9,25051.3,-888.4,328.2,296.6,527.3,1.936,0,0,134,142,-9.0,0.199,2,2017-12-15 04:06:21.920
4152,16.128363,-95.255835,-10.304,-5593.8,-14403.5,1134.8,260.9,343.6,391.1,1.588,0,0,96,132,-9.0,0.177,2,2017-12-15 04:08:30.840
4153,15.485744,-94.64165,-40.3,4842.2,4551.7,11118.5,945.5,606.5,1414.7,1.551,0,0,134,195,-9.0,0.214,1,2017-12-15 04:44:08.710
4154,15.31908,-94.388875,-4.758,31981.6,-13890.1,-24422.9,1863.3,1264.7,1514.1,1.799,0,0,8,6,-9.0,0.165,1,2017-12-15 05:11:51.260
4155,16.484685,-95.182463,-4.478,2249.8,25027.3,-4691.3,236.0,267.8,667.3,1.559,0,0,153,206,-9.0,0.141,2,2017-12-15 05:22:38.300
4156,16.487633,-95.18702,-6.522,1763.4,25353.5,-2647.9,311.6,415.0,1013.4,1.822,0,0,172,189,-9.0,0.138,2,2017-12-15 05:24:00.750
4157,16.690496,-94.918815,-6.234,1518.2,-338.1,533.6,376.7,289.1,721.0,1.291,0,0,8,11,-9.0,0.109,11,2017-12-15 05:43:05.850
4158,16.489632,-95.057747,-7.601,15573.7,25574.8,-1568.7,162.9,332.4,701.5,0.925,0,0,57,90,-9.0,0.122,2,2017-12-15 07:29:15.440
4159,16.495249,-95.099593,-6.431,11102.9,26196.4,-2738.6,300.9,305.1,726.3,1.154,0,0,133,162,-9.0,0.129,2,2017-12-15 07:32:12.960
4160,16.488259,-95.185954,-4.288,1877.4,25422.7,-4881.9,337.7,294.4,515.6,1.577,0,0,165,191,-9.0,0.141,2,2017-12-15 07:46:36.760
4161,15.942161,-95.229077,-5.87,-2733.5,-35008.7,-3299.6,469.1,432.0,980.4,1.14,0,0,100,61,-9.0,0.185,2,2017-12-15 07:53:40.850
4162,15.936397,-95.188704,-7.801,1585.0,-35646.6,-1368.4,360.7,302.3,707.6,1.702,0,0,114,88,-9.0,0.179,2,2017-12-15 08:15:12.300
4163,15.225883,-94.506795,-27.668,19326.6,-24202.5,-1513.2,995.7,1249.3,1381.3,1.385,0,0,45,64,-9.0,0.304,1,2017-12-15 08:29:28.060
4164,15.604004,-94.86512,-38.966,-19133.8,17637.5,9785.0,636.2,925.3,2175.0,1.265,0,0,119,74,-9.0,0.232,1,2017-12-15 08:34:06.900
4165,16.523211,-95.444287,-11.02,-2263.6,2218.1,5409.7,1389.5,2301.1,1953.5,2.7,0,0,16,9,-9.0,0.498,6,2017-12-15 08:40:35.850
4166,16.55779,-95.457992,-4.124,-3726.0,6044.7,-1486.2,1998.4,2257.6,2337.1,2.024,0,0,16,10,-9.0,0.387,6,2017-12-15 08:44:26.970
4167,16.56131,-95.451514,-8.906,-3034.8,6434.2,3295.5,1748.9,1237.5,6368.2,1.606,0,0,7,7,-9.0,0.22,6,2017-12-15 08:53:47.780
4168,16.401,-95.147046,-1.134,6035.1,15766.6,-8035.5,410.0,737.5,305.8,1.801,0,0,59,53,-9.0,0.197,2,2017-12-15 09:12:00.660
4169,16.220088,-95.335482,-7.92,-14106.7,-4253.2,-1249.7,316.1,409.4,739.2,1.526,0,0,137,195,-9.0,0.187,2,2017-12-15 09:17:00.330
4170,16.476684,-95.173145,-3.877,3245.4,24141.9,-5292.5,365.3,535.1,416.5,2.118,0,0,93,161,-9.0,0.187,2,2017-12-15 09:31:13.340
4171,16.363292,-94.943498,-9.284,1248.2,-3145.8,-2305.9,422.8,441.2,1368.9,1.395,0,0,8,7,-9.0,0.152,10,2017-12-15 09:35:37.500
4172,15.957299,-95.205941,-6.401,-258.6,-33333.6,-2768.6,474.9,660.5,1085.9,2.47,0,0,113,92,-9.0,0.213,2,2017-12-15 13:27:18.760
4173,15.984723,-95.231535,-7.898,-2996.4,-30298.9,-1271.9,337.8,323.0,964.5,1.878,0,0,79,81,-9.0,0.197,2,2017-12-15 13:29:27.040
4174,16.159001,-95.265063,-2.087,-6580.2,-11013.2,-7082.7,212.4,322.8,324.9,1.533,0,0,114,191,-9.0,0.205,2,2017-12-15 17:46:24.200
4175,15.438501,-94.584684,-31.876,10957.1,-675.9,2694.8,1083.4,948.2,1061.7,2.425,0,0,170,162,-9.0,0.232,1,2017-12-15 19:13:59.300
4176,15.495959,-94.770353,-32.488,-8969.1,5682.0,3306.9,654.5,665.2,1001.1,3.019,0,0,521,441,-9.0,0.27,1,2017-12-15 20:28:40.780
4177,15.446769,-93.646688,-81.472,590.9,-1159.9,-5303.2,4029.5,8849.2,8372.6,3.665,0,0,4,6,-9.0,0.687,41,2017-12-15 20:42:15.020
4178,15.109275,-94.341479,-7.045,37088.3,-37105.4,-22136.7,3106.2,2831.6,3212.9,2.592,0,0,6,3,-9.0,0.295,1,2017-12-15 20:44:50.680
4179,15.585808,-94.605697,-29.792,8699.2,15624.0,611.1,852.8,934.6,1505.5,2.054,0,0,53,49,-9.0,0.203,1,2017-12-15 21:40:59.120
4180,16.100803,-95.25577,-5.745,-5587.3,-17453.4,-3424.3,490.9,590.5,1761.5,1.671,0,0,124,131,-9.0,0.232,2,2017-12-15 21:43:43.840
4181,16.153612,-95.317497,-9.982,-12186.6,-11609.5,812.7,366.1,526.1,425.3,2.031,0,0,122,131,-9.0,0.278,2,2017-12-15 22:49:26.380
4182,16.285187,-95.602157,-8.001,34.6,-2370.1,-24.5,768.1,242.1,1519.7,1.967,0,0,66,68,-9.0,0.274,3,2017-12-16 02:40:27.350
4183,15.588453,-94.796745,-24.758,-11798.8,15916.7,-4423.0,946.3,938.6,1257.9,1.844,0,0,91,108,-9.0,0.221,1,2017-12-16 03:25:23.840
4184,15.255191,-94.595313,-31.683,9820.4,-20959.5,2501.6,994.4,1193.5,1783.4,2.73,0,0,117,100,-9.0,0.312,1,2017-12-16 04:12:54.120
4185,15.593207,-94.8712,-38.348,-19786.3,16442.7,9166.6,1179.4,1446.3,4052.0,1.656,0,0,79,110,-9.0,0.32,1,2017-12-16 05:22:04.900
4186,17.63316,-94.692594,-66.403,-2387.0,2873.2,-2501.7,72044.3,46929.7,88333.0,2.034,0,0,2,6,-9.0,1.933,27,2017-12-16 05:47:16.820
4187,15.384834,-94.654403,-32.262,3475.3,-6614.2,3080.8,1173.7,523.8,1312.1,1.946,0,0,354,281,-9.0,0.326,1,2017-12-16 05:58:08.900
4188,15.529066,-94.785474,-44.605,-10591.0,9345.5,15423.6,801.6,541.4,1151.1,2.058,0,0,163,185,-9.0,0.209,1,2017-12-16 05:59:32.570
4189,15.348352,-94.817204,-35.419,-14001.1,-10651.0,6237.4,1416.2,1390.6,2848.7,3.457,0,0,97,67,-9.0,0.249,1,2017-12-16 06:37:53.020
4190,15.330892,-94.815479,-31.662,-13817.1,-12583.0,2480.5,1505.7,1237.4,2098.4,1.394,0,0,51,54,-9.0,0.263,1,2017-12-16 07:16:36.990
4191,16.134767,-95.225472,-6.449,-2347.2,-13694.9,-2720.6,366.6,408.4,540.4,1.381,0,0,136,140,-9.0,0.218,2,2017-12-16 07:22:41.160
4192,15.375991,-94.815389,-45.997,-13806.0,-7592.8,16815.4,1463.8,1282.1,2329.3,1.742,0,0,67,66,-9.0,0.259,1,2017-12-16 07:46:17.370
4193,15.585118,-94.84515,-29.357,-16991.7,15547.6,175.6,986.5,774.9,1466.8,2.86,0,0,224,146,-9.0,0.307,1,2017-12-16 07:52:39.260
4194,15.480958,-94.644572,-26.423,4529.2,4022.2,-2758.7,796.4,742.9,1162.9,1.991,0,0,284,173,-9.0,0.216,1,2017-12-16 08:07:28.110
4195,16.258302,-95.595662,-10.846,729.2,-5345.2,2820.4,768.5,782.2,1617.1,1.549,0,0,59,57,-9.0,0.312,3,2017-12-16 08:08:52.080
4196,16.312151,-95.621444,-9.672,-2026.8,613.9,1646.9,1675.4,1302.4,2370.4,1.115,0,0,44,56,-9.0,0.319,3,2017-12-16 08:10:16.220
4197,15.729727,-95.23772,-33.263,3105.3,-3289.0,1533.2,11005.4,12113.4,24286.0,1.732,0,0,4,2,-9.0,0.687,26,2017-12-16 08:11:18.280
4198,16.278092,-95.610604,-10.722,-868.4,-3155.1,2696.2,718.9,1061.8,1692.6,1.732,0,0,60,62,-9.0,0.266,3,2017-12-16 08:11:22.580
4199,16.307035,-95.622054,-0.837,-2091.9,47.7,-7188.7,1174.6,1124.3,1113.8,2.531,0,0,71,64,-9.0,0.332,3,2017-12-16 08:18:16.750
4200,15.540132,-94.983512,-25.368,-31839.8,10569.8,-3813.3,1685.4,1071.9,1839.4,1.494,0,0,15,24,-9.0,0.338,1,2017-12-16 08:22:19.140
4201,16.295571,-95.610327,-9.625,-838.2,-1220.9,1599.6,568.9,870.9,1862.7,2.426,0,0,81,73,-9.0,0.351,3,2017-12-16 08:26:52.420
4202,15.471427,-94.651457,-32.194,3790.6,2967.5,3013.0,861.0,588.1,1260.5,1.759,0,0,430,239,-9.0,0.22,1,2017-12-16 08:29:14.670
4203,15.044353,-94.392261,-32.174,31638.5,-44289.1,2992.9,1184.4,535.7,1332.5,1.794,0,0,90,43,-9.0,0.266,1,2017-12-16 08:36:45.300
4204,15.752012,-94.56167,-45.573,-4729.1,-2050.2,-3385.2,1242.8,916.9,2320.2,1.463,0,0,7,11,-9.0,0.274,9,2017-12-16 08:38:51.490
4205,16.294098,-95.608171,-9.24,-607.7,-1384.0,1214.0,551.4,918.0,873.2,1.199,0,0,62,63,-9.0,0.331,3,2017-12-16 08:40:43.410
4206,15.547004,-94.896021,-29.09,-22452.0,11330.3,-91.1,1194.1,1529.3,2039.9,1.405,0,0,51,72,-9.0,0.342,1,2017-12-16 08:46:10.260
4207,16.476483,-95.123787,-4.083,8519.2,24119.7,-5086.4,387.4,385.5,724.2,1.417,0,0,204,201,-9.0,0.218,2,2017-12-16 10:48:21.550
4208,15.478568,-94.760067,-34.368,-7865.6,3757.7,5187.3,862.2,784.5,2397.2,1.939,0,0,286,299,-9.0,0.244,1,2017-12-16 10:49:58.490
4209,15.228735,-94.510563,-22.355,18921.5,-23886.8,-6826.3,1630.9,1140.8,1363.4,1.941,0,0,37,20,-9.0,0.304,1,2017-12-16 11:29:12.580
4210,16.68969,-95.448714,-8.252,2333.6,-1483.8,4112.2,3479.0,3166.5,5726.7,1.55,0,0,5,5,-9.0,0.459,21,2017-12-16 12:24:32.790
4211,15.327765,-94.670199,-37.819,1779.4,-12929.1,8637.6,903.4,811.8,3818.4,2.343,0,0,261,241,-9.0,0.27,1,2017-12-16 12:27:10.350
4212,16.286767,-95.611035,-10.146,-914.0,-2195.2,2120.8,928.1,804.8,1723.2,1.375,0,0,59,61,-9.0,0.243,3,2017-12-16 12:34:50.370
4213,15.56706,-94.781177,-34.219,-10128.9,13549.5,5037.9,628.6,618.5,3892.1,2.272,0,0,254,262,-9.0,0.248,1,2017-12-16 13:04:36.060
4214,15.417803,-94.736483,-28.35,-5335.5,-2966.1,-830.9,906.0,735.6,705.3,2.006,0,0,245,257,-9.0,0.252,1,2017-12-16 13:42:31.210
4215,15.460728,-94.678158,-30.625,925.2,1783.6,1444.1,1087.5,756.2,1475.6,2.369,0,0,273,329,-9.0,0.297,1,2017-12-16 14:02:04.650
4216,15.138928,-94.24043,-24.185,47939.3,-33824.2,-4995.9,2635.8,2368.6,3480.3,1.872,0,0,6,12,-9.0,0.294,1,2017-12-16 15:45:03.810
4217,15.423661,-94.766138,-32.342,-8517.7,-2317.8,3161.2,968.5,943.0,1025.9,2.74,0,0,325,286,-9.0,0.253,1,2017-12-16 19:31:13.780
4218,16.103893,-95.299536,-6.953,-10267.2,-17111.5,-2216.1,640.7,651.5,919.9,2.771,0,0,31,65,-9.0,0.248,2,2017-12-16 21:18:41.720
4219,16.225484,-95.333081,-9.181,-13850.1,-3656.0,11.8,420.8,484.6,703.7,1.71,0,0,133,138,-9.0,0.157,2,2017-12-16 22:00:06.440
4220,16.138499,-95.272078,-11.19,-7330.2,-13281.9,2020.8,946.2,1003.5,1004.6,2.16,0,0,63,19,-9.0,0.308,2,2017-12-16 22:07:37.860
4221,16.124124,-95.311613,-6.604,-11558.2,-14872.6,-2565.7,616.8,692.0,844.7,1.964,0,0,12,26,-9.0,0.183,2,2017-12-16 22:10:43.360
4222,16.228782,-95.328768,-7.56,-13388.8,-3291.1,-1609.9,359.8,455.6,797.4,1.617,0,0,113,190,-9.0,0.194,2,2017-12-16 22:20:03.100
4223,15.546758,-94.796639,-32.591,-11788.2,11303.1,3409.8,1062.0,1081.7,1563.4,2.9,0,0,361,344,-9.0,0.304,1,2017-12-16 22:22:08.480
4224,15.47367,-94.721965,-72.885,-1238.2,-486.3,2531.9,1568.3,1794.3,1899.1,2.4,0,0,11,13,-9.0,0.234,14,2017-12-16 23:06:07.660
4225,16.509284,-95.128182,-4.738,8048.6,27749.5,-4431.6,270.9,307.2,547.2,1.549,0,0,126,213,-9.0,0.15,2,2017-12-16 23:13:48.140
4226,16.293185,-97.984383,-15.287,9633.6,415.1,370.2,1265.6,946.6,1811.5,1.108,0,0,18,17,-9.0,0.402,4,2017-12-16 23:27:11.560
4227,15.439207,-94.73999,-32.534,-5711.1,-597.7,3352.5,1002.4,1290.0,1736.6,1.977,0,0,328,194,-9.0,0.303,1,2017-12-17 00:42:41.520
4228,15.344832,-94.721932,-35.973,-3773.8,-11040.4,6791.9,1001.8,951.4,2131.8,1.859,0,0,152,150,-9.0,0.254,1,2017-12-17 01:22:27.730
4229,15.568866,-95.021061,-31.688,-35866.8,13749.4,2507.2,1317.1,1582.2,2595.9,2.414,0,0,27,22,-9.0,0.307,1,2017-12-17 02:22:04.080
4230,16.466129,-95.235075,-3.182,-3370.7,22973.8,-5987.6,357.2,317.8,327.2,1.422,0,0,79,112,-9.0,0.167,2,2017-12-17 03:14:50.970
4231,16.361323,-95.317326,-14.703,-12162.0,11375.9,5533.7,464.4,647.7,796.0,2.115,0,0,7,4,-9.0,0.127,2,2017-12-17 03:17:35.420
4232,16.203453,-95.340788,-9.449,-14674.6,-6094.1,279.8,222.3,276.7,379.8,1.346,0,0,102,142,-9.0,0.146,2,2017-12-17 03:44:21.950
4233,16.214657,-95.345125,-7.931,-15138.6,-4854.2,-1238.6,366.5,375.8,761.8,1.491,0,0,117,134,-9.0,0.169,2,2017-12-17 03:46:29.670
4234,15.478472,-94.800806,-32.141,-12237.0,3747.0,2960.1,917.8,1315.1,1478.2,2.23,0,0,290,226,-9.0,0.26,1,2017-12-17 04:27:09.660
4235,15.718294,-93.333195,-100.419,1623.8,2478.0,2314.4,1087.9,1844.5,1316.5,1.771,0,0,4,6,-9.0,0.286,25,2017-12-17 05:28:11.780
4236,15.870793,-95.211873,-4.577,-893.0,-42906.4,-4592.5,651.6,795.6,672.0,2.319,0,0,79,60,-9.0,0.222,2,2017-12-17 05:38:49.250
4237,15.76938,-94.450391,-47.404,7195.5,-128.4,-1554.0,2516.3,2408.8,4016.3,2.146,0,0,6,11,-9.0,0.86,9,2017-12-17 06:15:05.550
4238,15.164182,-94.438143,-49.814,26702.1,-31029.9,20633.1,2220.2,1392.1,18198.7,1.652,0,0,56,44,-9.0,0.413,1,2017-12-17 06:57:47.060
4239,15.866546,-94.957682,-46.687,-29045.5,46688.3,17505.7,1042.3,1008.4,1175.2,2.816,0,0,15,16,-9.0,0.23,1,2017-12-17 07:05:46.150
4240,15.336011,-94.667733,-32.273,2043.9,-12016.7,3092.2,1033.6,1076.0,1707.3,1.322,0,0,118,131,-9.0,0.24,1,2017-12-17 07:55:57.890
4241,15.443009,-94.049219,-32.998,-1058.3,3198.9,2923.1,5183.8,3533.7,5761.0,1.872,0,0,3,3,-9.0,0.387,32,2017-12-17 08:23:17.000
4242,15.592171,-94.000309,-67.172,-3520.2,-2198.5,-4525.8,852.8,1077.8,1206.1,2.301,0,0,14,21,-9.0,0.266,8,2017-12-17 08:24:24.430
4243,15.392741,-94.682633,-31.631,444.9,-5739.3,2450.2,904.0,1084.9,1508.5,1.529,0,0,237,123,-9.0,0.29,1,2017-12-17 08:48:18.970
4244,15.59264,-94.978556,-35.964,-31304.1,16380.0,6784.1,1062.6,1058.4,2423.1,1.481,0,0,54,74,-9.0,0.243,1,2017-12-17 08:55:24.320
4245,16.51552,-95.115145,-4.926,9441.1,28439.5,-4243.2,286.6,318.8,443.8,2.244,0,0,141,206,-9.0,0.127,2,2017-12-17 09:00:04.230
4246,16.514038,-95.114795,-11.029,9479.0,28275.5,1859.3,245.8,285.1,317.5,1.469,0,0,155,162,-9.0,0.1,2,2017-12-17 09:06:08.410
4247,16.500757,-95.104574,-4.794,10570.5,26805.8,-4375.4,571.8,611.2,688.7,1.543,0,0,181,174,-9.0,0.194,2,2017-12-17 09:12:03.620
4248,15.083785,-94.384172,-31.891,32504.4,-39926.0,2710.3,831.3,812.0,1363.9,2.47,0,0,145,88,-9.0,0.296,1,2017-12-17 09:15:15.860
4249,16.242252,-95.34834,-1.98,-15480.8,-1800.5,-7189.2,229.4,357.1,479.2,1.488,0,0,112,139,-9.0,0.184,2,2017-12-17 09:23:42.000
4250,15.988645,-95.227694,-8.154,-2585.1,-29864.8,-1015.8,299.6,356.4,885.6,0.966,0,0,103,85,-9.0,0.158,2,2017-12-17 09:39:50.560
4251,15.391533,-94.738704,-31.108,-5573.7,-5872.9,1926.5,1051.2,1358.9,1509.0,1.765,0,0,304,228,-9.0,0.282,1,2017-12-17 10:55:25.950
4252,15.053754,-94.3736,-35.215,33642.6,-43249.0,6033.9,776.7,1136.6,2449.6,3.102,0,0,132,88,-9.0,0.294,1,2017-12-17 11:02:46.860
4253,16.364394,-95.319458,-14.247,-12389.7,11715.9,5078.0,321.2,642.8,718.8,1.79,0,0,7,4,-9.0,0.123,2,2017-12-17 11:36:44.150
4254,14.914293,-93.317505,-17.819,-609.8,3678.3,-4451.3,2029.0,2247.0,2096.0,2.009,0,0,4,3,-9.0,0.238,20,2017-12-17 11:59:10.790
4255,15.492856,-94.692285,-22.349,-591.0,5338.6,-6832.2,911.7,1064.5,1463.2,1.951,0,0,88,149,-9.0,0.371,1,2017-12-17 13:56:05.220
4256,15.532324,-94.845589,-32.619,-17041.2,9705.9,3437.4,1037.4,1022.6,1175.5,2.259,0,0,107,102,-9.0,0.283,1,2017-12-17 16:51:43.000
4257,16.586666,-95.217424,-22.152,-1484.8,36312.5,12982.9,2170.2,1568.8,3275.0,1.571,0,0,3,2,-9.0,0.095,2,2017-12-17 17:33:34.660
4258,15.217433,-94.585433,-32.38,10882.5,-25137.5,3198.3,828.3,792.5,1368.7,2.398,0,0,75,79,-9.0,0.242,1,2017-12-17 20:02:42.600
4259,16.223311,-95.343555,-7.895,-14969.9,-3896.5,-1274.0,348.7,422.5,587.0,1.709,0,0,131,178,-9.0,0.18,2,2017-12-17 20:14:07.480
4260,16.222196,-95.336987,-8.373,-14267.7,-4019.9,-796.6,273.8,339.3,674.0,1.565,0,0,125,134,-9.0,0.139,2,2017-12-17 20:17:55.900
4261,15.062543,-94.305811,-44.142,40924.3,-42276.5,14960.6,1358.7,999.4,2650.6,2.376,0,0,85,60,-9.0,0.367,1,2017-12-17 20:58:04.080
4262,15.758201,-95.754997,-28.13,1623.5,-2948.8,-1815.0,533.3,934.1,807.3,3.273,0,0,6,4,-9.0,0.133,29,2017-12-17 22:04:53.540
4263,15.54303,-94.72854,-25.236,-4481.0,10890.5,-3944.9,739.0,602.1,1189.1,2.113,0,0,243,257,-9.0,0.251,1,2017-12-17 22:48:47.080
4264,15.293582,-94.735254,-27.199,-5204.8,-16711.5,-1982.6,2150.5,1627.5,1786.7,1.618,0,0,41,30,-9.0,0.302,1,2017-12-18 00:43:29.290
4265,15.545933,-94.827124,-32.925,-15059.5,11211.8,3744.1,798.1,507.2,2769.6,2.413,0,0,232,256,-9.0,0.23,1,2017-12-18 01:32:40.760
4266,15.811498,-95.785303,-31.76,-1623.2,2948.9,1815.1,566.8,1030.1,638.6,2.558,0,0,6,4,-9.0,0.133,29,2017-12-18 02:19:57.700
4267,15.55663,-94.856348,-23.461,-18194.2,12395.5,-5720.1,1142.4,834.7,1021.4,1.716,0,0,41,55,-9.0,0.297,1,2017-12-18 03:10:42.120
4268,16.099139,-95.257992,-6.829,-5824.8,-17637.5,-2340.0,478.5,421.6,1181.1,1.152,0,0,71,107,-9.0,0.19,2,2017-12-18 03:33:20.790
4269,15.645872,-94.919735,-37.153,-24990.5,22270.2,7971.8,782.8,621.5,2174.2,1.735,0,0,85,93,-9.0,0.252,1,2017-12-18 03:40:00.390
4270,15.306359,-94.42181,-32.797,28446.7,-15297.7,3615.3,966.5,909.5,1429.3,1.931,0,0,19,24,-9.0,0.224,1,2017-12-18 04:36:16.450
4271,15.930944,-95.236239,-24.317,-3499.7,-36250.1,15147.1,809.5,890.8,1242.2,1.604,0,0,11,10,-9.0,0.188,2,2017-12-18 04:50:09.000
4272,16.065371,-95.093986,-12.173,11714.8,-21374.3,3003.4,945.4,1436.2,1654.4,1.693,0,0,16,7,-9.0,0.305,2,2017-12-18 04:58:29.510
4273,15.550478,-94.741024,-36.869,-5820.4,11714.7,7687.4,1380.2,486.5,4288.7,1.692,0,0,127,124,-9.0,0.274,1,2017-12-18 05:02:07.900
4274,16.385389,-95.48234,-13.047,12837.3,8718.5,5021.7,1617.3,2135.6,1641.4,1.339,0,0,2,4,-9.0,0.455,3,2017-12-18 05:05:44.220
4275,15.536973,-94.729736,-27.064,-4609.8,10220.4,-2116.8,820.3,829.4,934.3,1.982,0,0,239,331,-9.0,0.255,1,2017-12-18 05:11:23.360
4276,16.134377,-95.2566,-9.819,-5675.3,-13738.1,649.5,390.8,336.1,453.5,1.326,0,0,131,130,-9.0,0.195,2,2017-12-18 05:18:25.040
4277,15.77601,-94.784123,-35.387,-10439.4,36670.4,6206.1,1021.6,1054.2,2278.2,1.252,0,0,14,22,-9.0,0.233,1,2017-12-18 05:27:52.030
4278,16.514427,-95.079899,-10.634,13206.6,28318.5,1464.4,362.3,331.4,493.2,1.322,0,0,120,128,-9.0,0.173,2,2017-12-18 06:15:01.670
4279,15.461135,-94.763127,-28.064,-8193.7,1828.7,-1117.5,1261.7,711.3,1153.4,1.66,0,0,306,214,-9.0,0.266,1,2017-12-18 07:12:42.560
4280,16.478967,-95.153027,-4.701,5395.0,24394.5,-4468.9,343.0,373.0,690.0,1.158,0,0,187,185,-9.0,0.175,2,2017-12-18 07:46:35.530
4281,15.352237,-94.660856,-47.972,2782.2,-10221.2,18790.9,1296.0,1757.6,3271.3,1.863,0,0,106,193,-9.0,0.294,1,2017-12-18 08:21:12.310
4282,16.007527,-95.23702,-4.972,-3582.5,-27775.4,-4197.0,421.0,553.3,765.3,1.366,0,0,95,79,-9.0,0.173,2,2017-12-18 09:16:57.900
4283,16.493024,-95.212158,-1.492,-922.7,25950.1,-7677.6,774.3,984.6,752.9,2.146,0,0,87,97,-9.0,0.27,2,2017-12-18 09:18:14.520
4284,15.558008,-93.99161,-68.143,-2588.3,-5978.8,-3554.9,2453.2,1613.5,1223.1,1.577,0,0,8,10,-9.0,0.277,8,2017-12-18 09:21:11.750
4285,16.508233,-95.114022,-12.012,9560.9,27633.1,2842.7,300.0,324.4,409.7,1.278,0,0,155,162,-9.0,0.1,2,2017-12-18 09:34:07.680
4286,16.487322,-95.056681,-10.25,15688.0,25319.1,1080.1,229.8,320.3,946.5,1.575,0,0,92,99,-9.0,0.096,2,2017-12-18 09:50:40.080
4287,16.419527,-95.167277,-9.503,3872.7,17816.8,333.9,470.6,663.9,597.7,3.364,0,0,83,86,-9.0,0.269,2,2017-12-18 10:41:03.490
4288,16.228327,-95.331852,-2.743,-13718.5,-3341.5,-6426.2,501.8,568.2,677.5,0.983,0,0,117,133,-9.0,0.174,2,2017-12-18 10:53:07.020
4289,16.44495,-95.173771,-8.626,3179.2,20630.2,-543.5,812.7,877.0,730.3,2.85,0,0,58,67,-9.0,0.267,2,2017-12-18 11:02:29.810
4290,16.501425,-95.172209,-13.588,3345.4,26879.7,4418.1,629.7,454.7,1043.3,1.588,0,0,147,135,-9.0,0.142,2,2017-12-18 11:11:14.620
4291,16.48263,-95.189583,-7.591,1489.7,24800.0,-1578.7,362.7,302.8,635.1,1.679,0,0,159,177,-9.0,0.182,2,2017-12-18 11:11:42.670
4292,16.495339,-95.184749,-9.075,2005.5,26206.3,-94.5,286.8,340.6,912.9,1.633,0,0,138,150,-9.0,0.112,2,2017-12-18 11:19:04.270
4293,16.489548,-95.18986,-4.939,1459.6,25565.5,-4230.1,339.3,492.5,574.5,1.743,0,0,132,110,-9.0,0.152,2,2017-12-18 11:22:58.100
4294,16.376473,-94.9962,-23.048,-4381.4,-1687.2,11457.6,960.3,733.7,874.7,1.241,0,0,3,4,-9.0,0.219,10,2017-12-18 11:38:35.500
4295,16.525912,-95.043587,-4.932,17085.3,29589.6,-4237.9,287.8,303.8,514.3,2.213,0,0,94,67,-9.0,0.088,2,2017-12-18 12:57:08.890
4296,16.506233,-95.169881,-21.112,3594.1,27411.8,11942.6,620.8,569.6,1501.7,2.125,0,0,30,33,-9.0,0.192,2,2017-12-18 13:04:26.510
4297,15.840788,-94.91862,-60.392,-24858.9,43838.2,31211.2,989.0,1840.1,1852.6,2.116,0,0,6,7,-9.0,0.282,1,2017-12-18 15:27:49.790
4298,16.480265,-95.203678,-3.545,-16.3,24538.2,-5624.1,407.3,423.7,557.5,1.803,0,0,73,137,-9.0,0.18,2,2017-12-18 18:54:19.100
4299,15.037576,-94.361165,-37.002,34980.2,-45039.1,7820.5,1408.6,1050.6,6806.2,2.266,0,0,76,71,-9.0,0.337,1,2017-12-18 20:46:19.600
4300,16.139668,-95.258488,-4.109,-5877.2,-13152.5,-5060.2,528.4,466.4,886.8,1.991,0,0,123,88,-9.0,0.222,2,2017-12-18 21:06:17.060
4301,16.344931,-95.648649,-3.886,-4933.6,4241.3,-4139.2,6805.7,4833.9,6076.9,1.299,0,0,0,2,-9.0,0.538,3,2017-12-18 21:18:23.800
4302,16.121575,-95.276196,-10.499,-7771.4,-15154.7,1329.0,207.2,248.0,427.1,1.9,0,0,115,124,-9.0,0.168,2,2017-12-18 23:22:25.520
4303,16.087636,-95.241545,-28.163,-4065.7,-18910.4,18993.6,964.3,1394.5,1296.5,2.336,0,0,5,7,-9.0,0.16,2,2017-12-19 01:58:46.540
4304,16.03703,-95.041935,-13.322,17282.8,-24510.5,4152.4,745.6,1173.0,1672.9,1.834,0,0,8,5,-9.0,0.231,2,2017-12-19 02:03:20.650
4305,16.451812,-95.199349,-1.033,446.2,21389.6,-8136.9,511.4,908.1,548.5,2.071,0,0,83,58,-9.0,0.303,2,2017-12-19 04:04:59.120
4306,15.348356,-94.455241,-32.147,24855.3,-10650.5,2966.2,692.5,745.0,1129.6,1.792,0,0,26,26,-9.0,0.185,1,2017-12-19 06:56:15.170
4307,16.087482,-95.058464,-8.427,15512.6,-18927.5,-742.8,665.6,1152.3,1224.0,1.869,0,0,15,9,-9.0,0.207,2,2017-12-19 07:34:58.150
4308,15.716503,-94.4455,-15.32,-1029.6,4288.2,-744.8,2083.5,1680.3,2635.4,1.627,0,0,4,4,-9.0,0.228,22,2017-12-19 09:56:45.590
4309,15.366591,-94.669954,-24.237,1805.3,-8632.8,-4943.9,873.8,905.2,843.8,2.479,0,0,128,135,-9.0,0.238,1,2017-12-19 12:05:17.450
4310,16.512067,-95.118994,-8.199,9030.2,28057.3,-970.8,364.9,479.4,501.5,1.946,0,0,137,138,-9.0,0.138,2,2017-12-19 12:10:39.040
4311,15.18265,-94.402319,-5.322,30548.2,-28986.4,-23859.2,2438.5,2412.7,2653.7,2.857,0,0,17,13,-9.0,0.375,1,2017-12-19 17:06:00.600
4312,15.839248,-94.971525,-59.268,4428.9,-706.7,-3779.1,2916.6,3524.5,4043.5,2.658,0,0,14,6,-9.0,0.535,15,2017-12-20 02:28:04.180
4313,16.473985,-98.480208,-30.046,132.1,3024.8,-1353.6,8100.8,6406.8,8985.8,0.891,0,0,4,3,-9.0,0.467,38,2017-12-20 03:13:11.770
4314,15.504701,-94.680998,-27.746,620.2,6649.3,-1434.9,641.8,966.1,1441.5,1.85,0,0,170,197,-9.0,0.205,1,2017-12-20 04:08:25.790
4315,15.515352,-94.677393,-26.688,1007.2,7828.0,-2493.5,699.6,891.7,1123.0,1.617,0,0,167,143,-9.0,0.29,1,2017-12-20 04:13:38.340
4316,15.670162,-94.873348,-40.762,-20012.8,24958.0,11580.9,1019.0,1097.1,2177.7,2.449,0,0,72,68,-9.0,0.316,1,2017-12-20 04:49:20.370
4317,15.51015,-94.674788,-21.494,1286.0,7252.3,-7687.3,971.2,1432.4,1270.8,2.548,0,0,172,124,-9.0,0.293,1,2017-12-20 05:33:11.530
4318,15.401528,-94.693726,-24.339,-746.3,-4767.0,-4842.0,873.6,1228.6,1277.4,2.152,0,0,204,154,-9.0,0.274,1,2017-12-20 06:58:00.790
4319,15.26992,-94.641382,-24.146,4873.8,-19329.7,-5035.7,1026.7,824.5,1001.5,1.787,0,0,65,84,-9.0,0.32,1,2017-12-20 07:28:37.510
4320,15.638691,-94.84751,-35.175,-17242.9,21475.7,5994.0,1295.1,1140.3,3418.2,2.11,0,0,58,67,-9.0,0.301,1,2017-12-20 07:53:06.770
4321,16.650723,-94.829012,-9.65,3401.9,-1662.9,-104.7,7536.0,10274.8,4598.6,3.186,0,0,0,2,-9.0,0.81,35,2017-12-20 10:29:26.660
4322,15.37099,-94.808618,-25.837,-13079.2,-8146.1,-3344.6,1034.7,1135.0,1469.1,1.635,0,0,41,54,-9.0,0.242,1,2017-12-20 11:21:53.660
4323,15.47457,-94.701986,-67.58,905.5,-386.9,-2773.6,1001.6,1817.7,2245.1,2.469,0,0,12,8,-9.0,0.262,14,2017-12-20 12:16:14.660
4324,15.110566,-93.706543,-29.355,7767.2,-66.6,-3118.6,1336.8,1027.8,1040.9,2.678,0,0,17,13,-9.0,0.307,7,2017-12-20 22:33:17.680
4325,15.112602,-94.430998,-31.396,27473.0,-36737.4,2215.0,831.6,827.5,1335.6,2.449,0,0,78,62,-9.0,0.298,1,2017-12-21 01:47:09.240
4326,15.563933,-94.752759,-41.259,-7079.4,13203.5,12077.9,715.1,818.5,1577.8,2.433,0,0,157,216,-9.0,0.232,1,2017-12-21 03:02:10.940
4327,15.7978,-98.473299,-34.761,1429.9,-1687.6,2305.6,7174.3,5168.0,11583.0,3.367,0,0,4,3,-9.0,0.751,37,2017-12-21 03:23:32.190
4328,15.978229,-95.219173,-12.306,-1674.2,-31017.5,3136.8,512.5,627.9,1003.9,1.886,0,0,68,59,-9.0,0.197,2,2017-12-21 03:59:13.340
4329,15.347605,-94.666447,-25.844,2182.1,-10733.6,-3337.1,913.8,712.5,876.7,2.947,0,0,190,158,-9.0,0.238,1,2017-12-21 04:07:44.900
4330,15.619269,-94.966927,-31.796,-30054.4,19326.6,2614.5,1502.3,1637.6,2174.6,1.553,0,0,51,69,-9.0,0.408,1,2017-12-21 06:50:46.960
4331,15.554429,-94.817863,-30.793,-14065.4,12151.9,1612.0,686.2,760.3,856.1,1.835,0,0,170,169,-9.0,0.243,1,2017-12-21 07:05:09.220
4332,15.633316,-93.888477,-58.012,3406.4,1733.5,4471.9,1138.8,1525.9,1757.3,2.25,0,0,6,5,-9.0,0.386,42,2017-12-21 10:05:04.760
4333,15.601982,-93.952018,-49.072,-3407.4,-1733.8,-4468.1,1103.8,1431.6,2211.4,2.943,0,0,6,5,-9.0,0.386,42,2017-12-21 10:54:45.390
4334,15.217755,-94.291431,-35.302,42453.4,-25101.9,6120.8,928.4,1145.8,2846.6,2.842,0,0,43,49,-9.0,0.306,1,2017-12-21 12:14:47.840
4335,15.255062,-94.285034,-32.801,43136.2,-20973.7,3620.3,1115.6,1089.0,1609.0,2.444,0,0,32,40,-9.0,0.359,1,2017-12-21 13:00:52.760
4336,15.408966,-94.619279,-17.904,7244.9,-3943.9,-11277.1,1111.9,1067.5,1077.6,2.611,0,0,57,52,-9.0,0.347,1,2017-12-21 13:20:02.340
4337,15.138963,-93.763826,-29.652,1609.2,3075.5,-2821.1,1039.4,870.9,2132.6,2.943,0,0,28,18,-9.0,0.296,7,2017-12-21 15:04:53.100
4338,15.120002,-93.763859,-29.845,1605.7,977.5,-2628.2,1211.8,1223.2,1869.8,3.435,0,0,28,22,-9.0,0.277,7,2017-12-21 15:07:03.400
4339,16.481945,-95.119051,-3.364,9025.1,24724.0,-5805.5,337.0,482.2,416.1,2.692,0,0,151,128,-9.0,0.16,2,2017-12-21 16:16:47.570
4340,16.173849,-95.274854,-17.826,-7626.1,-9370.0,8656.4,545.7,626.9,711.5,1.832,0,0,35,15,-9.0,0.235,2,2017-12-21 20:48:50.720
4341,15.536685,-94.718368,-29.586,-3390.1,10188.5,404.5,874.2,821.2,1254.9,2.08,0,0,149,234,-9.0,0.199,1,2017-12-21 20:56:15.160
4342,16.509861,-95.038265,-7.344,17654.3,27813.4,-1825.2,305.8,499.2,719.8,2.068,0,0,67,75,-9.0,0.114,2,2017-12-21 23:04:50.320
4343,16.140112,-95.009839,-1.737,20710.6,-13103.3,-7432.2,735.3,1613.8,1308.6,1.801,0,0,5,3,-9.0,0.172,2,2017-12-22 00:22:10.050
4344,16.071082,-95.049015,-29.96,-1969.9,3653.7,1837.0,23469.0,33950.4,32676.4,1.764,0,0,12,8,-9.0,1.353,5,2017-12-22 01:51:27.060
4345,15.65853,-94.729932,-35.317,-4629.5,23670.8,6136.1,1069.6,1385.3,3221.2,2.037,0,0,17,22,-9.0,0.235,1,2017-12-22 05:37:42.480
4346,15.319481,-94.709839,-21.963,-2475.8,-13845.6,-7217.9,1014.1,1100.2,1455.8,1.907,0,0,106,82,-9.0,0.28,1,2017-12-22 07:27:09.790
4347,15.536268,-94.694312,-29.849,-808.2,10142.4,668.0,1024.2,1117.6,1443.1,2.069,0,0,288,209,-9.0,0.288,1,2017-12-22 08:01:45.530
4348,15.658652,-94.921818,-34.739,-25213.4,23684.4,5557.6,1246.3,1244.2,2827.1,2.208,0,0,55,80,-9.0,0.292,1,2017-12-22 08:07:23.930
4349,15.673505,-93.363501,-95.791,-1624.6,-2478.2,-2314.4,1024.1,1713.9,1359.3,1.873,0,0,4,6,-9.0,0.286,25,2017-12-22 08:27:23.010
4350,16.180076,-95.119019,-18.064,9034.8,-8680.9,8894.3,878.4,1302.8,1134.7,2.598,0,0,5,8,-9.0,0.098,2,2017-12-22 09:01:29.560
4351,15.121543,-94.455851,-44.83,24803.0,-35747.9,15649.2,946.2,1324.0,3417.6,2.682,0,0,89,60,-9.0,0.323,1,2017-12-22 09:27:17.480
4352,16.283961,-95.041789,-9.331,17288.0,2815.0,161.9,517.1,1427.8,673.4,2.204,0,0,10,9,-9.0,0.248,2,2017-12-22 11:24:09.810
4353,15.395087,-94.688289,-32.964,-162.5,-5479.7,3783.2,815.0,1229.0,1578.9,2.355,0,0,293,167,-9.0,0.298,1,2017-12-22 11:35:54.630
4354,16.3764,-95.099813,-13.165,11083.2,13044.4,3995.8,738.6,671.0,947.6,1.242,0,0,12,17,-9.0,0.225,2,2017-12-22 11:38:52.710
4355,15.160809,-94.231657,-32.293,48879.0,-31403.1,3111.9,1583.8,1508.5,2523.3,2.133,0,0,17,25,-9.0,0.263,1,2017-12-22 11:40:24.400
4356,16.347812,-95.097656,-14.173,11314.3,9880.8,5003.8,643.0,653.0,638.0,2.041,0,0,30,20,-9.0,0.228,2,2017-12-22 15:23:55.910
4357,16.311333,-95.089429,-15.249,12194.7,5844.1,6079.1,524.9,640.2,654.6,2.052,0,0,35,22,-9.0,0.243,2,2017-12-22 21:07:42.560
4358,16.100003,-95.121118,-29.994,-9684.4,6854.1,1871.1,32406.4,28191.3,17874.2,2.079,0,0,4,3,-9.0,1.445,5,2017-12-22 21:56:01.400
4359,16.465958,-95.176204,-7.461,2918.9,22954.9,-1708.5,280.6,389.4,778.4,1.978,0,0,113,105,-9.0,0.166,2,2017-12-22 22:00:22.260
4360,15.580561,-94.827905,-24.55,-15141.5,15043.5,-4630.8,865.0,771.6,810.0,2.442,0,0,53,92,-9.0,0.253,1,2017-12-22 23:54:43.720
4361,15.467735,-93.657707,-92.078,-590.8,1160.0,5303.3,5095.3,9378.6,7758.3,2.386,0,0,4,6,-9.0,0.687,41,2017-12-23 00:24:15.000
4362,14.921808,-94.370256,-23.451,34012.8,-57849.1,-5730.6,1610.6,1997.1,2443.6,2.367,0,0,11,2,-9.0,0.251,1,2017-12-23 02:56:37.210
4363,17.126044,-93.933073,-35.978,-258.1,-5473.3,-501.1,168120.5,120725.2,318617.9,2.0,0,0,2,5,-9.0,3.496,43,2017-12-23 04:42:29.520
4364,16.557807,-98.511287,-3.741,-2202.6,1455.9,-1603.5,5409.5,3577.7,4517.9,1.249,0,0,4,3,-9.0,0.439,31,2017-12-23 05:31:12.840
4365,15.847246,-95.031274,-66.67,-1970.8,178.5,3623.0,2727.7,4083.6,2166.3,2.332,0,0,16,6,-9.0,0.462,15,2017-12-23 05:33:36.660
4366,16.242073,-95.104272,-18.983,10610.1,-1820.4,9813.5,595.6,667.5,730.4,1.487,0,0,17,16,-9.0,0.184,2,2017-12-23 05:51:28.190
4367,15.37448,-94.722135,-24.898,-3795.4,-7759.9,-4283.5,703.4,640.4,742.8,2.093,0,0,109,135,-9.0,0.311,1,2017-12-23 09:25:15.470
4368,15.204718,-94.665934,-30.377,2237.8,-26544.4,1195.9,2012.2,1912.5,3023.3,1.598,0,0,25,24,-9.0,0.342,1,2017-12-23 10:11:30.340
4369,15.46389,-94.79659,-34.226,-11785.4,2133.5,5044.9,1019.7,757.3,4188.6,2.081,0,0,235,208,-9.0,0.242,1,2017-12-23 11:05:01.690
4370,15.040643,-94.275684,-31.783,44162.5,-44699.7,2601.4,1287.3,1193.0,1945.5,2.598,0,0,38,28,-9.0,0.309,1,2017-12-23 11:44:16.350
4371,16.144582,-95.30533,-5.663,-10885.7,-12608.8,-3506.7,603.4,764.7,1334.6,2.122,0,0,106,85,-9.0,0.268,2,2017-12-23 15:02:00.150
4372,15.393294,-94.809025,-43.6,-13121.8,-5678.0,14419.2,1472.8,1112.0,2583.5,2.635,0,0,87,64,-9.0,0.306,1,2017-12-23 17:08:36.720
4373,16.105483,-95.364193,-41.82,1654.7,1565.8,262.9,4810.3,5947.3,5150.0,1.705,0,0,6,7,-9.0,0.373,13,2017-12-23 17:30:11.700
4374,15.29481,-94.46735,-14.903,23558.3,-16575.6,-14278.3,1646.8,949.4,930.5,2.73,0,0,21,18,-9.0,0.314,1,2017-12-23 18:51:39.880
4375,17.58124,-94.647607,-71.404,2387.4,-2873.2,2499.4,72034.2,47207.7,81545.1,3.124,0,0,2,6,-9.0,1.933,27,2017-12-23 18:57:37.340
4376,15.839236,-94.90367,-45.664,-23256.5,43666.5,16482.6,1006.3,1375.5,1779.4,2.552,0,0,11,11,-9.0,0.231,1,2017-12-23 19:28:36.740
4377,15.785057,-94.816821,-41.194,-13945.7,37671.3,12012.9,1172.0,1175.4,1977.9,1.935,0,0,8,8,-9.0,0.184,1,2017-12-23 22:12:11.880
4378,15.744408,-94.822917,-26.718,-14601.0,33173.5,-2463.6,1088.7,1241.8,2226.1,2.198,0,0,17,20,-9.0,0.36,1,2017-12-24 01:05:44.310
4379,15.850397,-95.035799,-63.203,-2456.0,527.0,156.5,1328.7,4536.7,3535.4,2.079,0,0,16,6,-9.0,0.447,15,2017-12-24 06:08:20.180
4380,16.158174,-95.124129,-14.33,8489.1,-11104.7,5160.7,780.6,1123.5,971.1,1.414,0,0,7,7,-9.0,0.134,2,2017-12-24 07:20:01.510
4381,15.500228,-94.746541,-43.115,-6413.4,6154.5,13933.9,727.4,719.8,1985.7,2.311,0,0,296,331,-9.0,0.333,1,2017-12-24 10:42:44.290
4382,16.077242,-95.292733,-30.45,-9540.3,-20060.7,21280.9,2642.6,3766.9,4375.1,1.539,0,0,3,1,-9.0,0.334,2,2017-12-24 11:35:27.220
4383,15.739701,-94.897843,-54.059,1142.6,4909.4,-3260.9,3324.3,894.2,2329.4,2.294,0,0,11,10,-9.0,0.553,16,2017-12-24 12:48:07.940
4384,15.687135,-94.895662,-9.343,-22406.1,26836.1,-19838.4,1766.4,1631.8,2172.7,2.482,0,0,4,4,-9.0,0.34,1,2017-12-24 12:55:52.820
4385,16.285533,-95.378426,-9.802,-18695.0,2989.0,632.3,748.1,836.5,1858.6,2.42,0,0,23,26,-9.0,0.183,2,2017-12-24 14:28:55.780
4386,15.299602,-94.639754,-25.019,5048.4,-16045.2,-4162.2,1004.4,748.8,962.5,2.349,0,0,110,104,-9.0,0.235,1,2017-12-24 20:59:03.400
4387,16.267637,-95.14585,-10.538,6164.9,1008.6,1368.7,676.8,837.5,739.1,1.717,0,0,19,16,-9.0,0.237,2,2017-12-24 21:15:39.400
4388,15.575161,-94.831893,-44.439,-15570.2,14445.9,15258.0,921.2,911.1,1459.8,2.386,0,0,61,118,-9.0,0.262,1,2017-12-24 22:43:41.600
4389,15.193147,-94.526286,-41.788,17235.1,-27824.8,12606.6,886.9,936.2,2890.6,2.22,0,0,53,75,-9.0,0.266,1,2017-12-24 23:00:13.260
4390,15.712713,-94.951823,-39.267,-28427.9,29666.4,10086.3,1409.9,1262.8,2571.9,2.205,0,0,39,44,-9.0,0.261,1,2017-12-25 00:31:19.540
4391,15.565393,-94.752091,-32.85,-7008.4,13365.1,3668.5,895.8,1123.5,1448.2,1.849,0,0,96,152,-9.0,0.259,1,2017-12-25 01:15:21.190
4392,15.50833,-94.685539,-30.746,132.7,7051.0,1565.2,625.9,662.4,979.7,2.623,0,0,354,330,-9.0,0.288,1,2017-12-25 02:54:16.190
4393,15.484632,-94.812622,-40.729,-13505.5,4428.7,11547.4,1123.0,668.8,1719.6,2.536,0,0,137,195,-9.0,0.224,1,2017-12-25 02:57:48.270
4394,15.714516,-94.841504,-21.642,-16595.9,29865.9,-7539.6,999.0,936.1,1495.9,3.018,0,0,25,22,-9.0,0.337,1,2017-12-25 06:21:17.350
4395,16.34712,-95.084766,-13.2,12691.6,9804.3,4030.5,509.4,791.2,477.0,1.588,0,0,33,19,-9.0,0.218,2,2017-12-25 08:30:10.300
4396,15.566542,-94.787109,-39.51,-10765.3,13492.2,10328.6,1263.6,729.9,2231.1,2.175,0,0,155,122,-9.0,0.27,1,2017-12-25 08:48:54.300
4397,15.520453,-94.711247,-29.183,-2625.6,8392.4,1.3,735.6,708.2,1029.8,1.486,0,0,284,318,-9.0,0.231,1,2017-12-25 09:40:59.820
4398,15.36557,-94.639111,-24.112,5116.5,-8745.7,-5069.6,744.2,854.4,1082.3,1.822,0,0,108,120,-9.0,0.255,1,2017-12-25 10:14:30.070
4399,15.51635,-94.711304,-27.999,-2632.3,7938.3,-1182.2,628.8,634.1,923.8,2.305,0,0,404,361,-9.0,0.266,1,2017-12-25 11:51:21.910
4400,15.530634,-94.695394,-17.674,-924.8,9518.9,-11507.1,850.8,920.9,1043.3,1.662,0,0,101,80,-9.0,0.332,1,2017-12-25 11:57:29.650
4401,15.651053,-94.914185,-59.304,-609.3,-4900.1,1983.5,2062.2,2979.9,3445.7,3.504,0,0,14,12,-9.0,0.444,16,2017-12-25 14:10:25.670
4402,15.503857,-94.733423,-41.256,-5005.8,6556.0,12074.5,921.2,806.6,2020.8,3.138,0,0,336,294,-9.0,0.26,1,2017-12-25 21:24:08.000
4403,15.536327,-94.630664,-43.061,6021.1,10148.8,13879.9,609.4,877.5,1519.0,2.33,0,0,40,58,-9.0,0.189,1,2017-12-25 23:43:07.680
4404,16.019801,-94.9698,-58.218,1008.5,2394.0,1415.0,2832.9,6344.5,3997.6,2.062,0,0,6,8,-9.0,0.515,12,2017-12-26 00:19:28.770
4405,15.45631,-94.659619,-39.91,2914.3,1294.8,10728.7,653.9,1085.5,2570.9,1.796,0,0,100,88,-9.0,0.284,1,2017-12-26 04:21:47.930
4406,15.487038,-94.739697,-20.863,-5679.3,4695.0,-8318.5,913.3,982.4,869.3,2.905,0,0,188,149,-9.0,0.311,1,2017-12-26 04:36:20.450
4407,16.330127,-95.10096,-15.707,10961.3,7923.8,6537.3,500.8,733.7,444.6,1.788,0,0,35,22,-9.0,0.209,2,2017-12-26 05:49:11.930
4408,16.488648,-95.40271,-0.038,2175.8,-1606.8,-5572.2,2026.0,3447.4,2906.6,1.681,0,0,5,6,-9.0,0.617,6,2017-12-26 07:04:27.870
4409,15.507751,-94.713778,-27.794,-2897.6,6986.9,-1386.9,737.1,708.9,919.8,1.55,0,0,202,251,-9.0,0.288,1,2017-12-26 08:51:36.710
4410,15.524452,-94.72098,-23.075,-3670.3,8834.9,-6106.4,775.1,781.4,1162.1,4.126,0,0,256,180,-9.0,0.233,1,2017-12-26 09:13:39.210
4411,15.530659,-94.710864,-31.295,-2584.6,9521.7,2113.8,575.2,544.9,1180.8,2.427,0,0,402,300,-9.0,0.259,1,2017-12-26 09:19:55.030
4412,15.541473,-94.728255,-27.946,-4450.5,10718.3,-1235.2,735.7,688.3,1087.2,1.919,0,0,231,243,-9.0,0.204,1,2017-12-26 09:22:37.130
4413,15.56072,-94.725806,-30.132,-4187.6,12848.0,950.3,836.5,854.2,1227.4,2.249,0,0,222,233,-9.0,0.254,1,2017-12-26 09:24:11.750
4414,16.235266,-97.959538,-12.676,12290.9,-5994.4,-2240.2,972.0,903.5,1041.2,1.044,0,0,12,12,-9.0,0.368,4,2017-12-26 09:32:28.950
4415,15.568003,-94.73488,-21.498,-5161.3,13654.0,-7683.1,1348.5,1435.3,1400.1,2.054,0,0,126,95,-9.0,0.277,1,2017-12-26 10:25:54.410
4416,15.377943,-94.717798,-39.826,-3329.9,-7376.7,10644.8,1050.1,762.4,2550.6,1.938,0,0,169,182,-9.0,0.276,1,2017-12-26 10:47:07.160
4417,15.371957,-94.453247,-31.207,25067.5,-8039.1,2025.5,1259.0,1128.0,1669.6,2.664,0,0,21,12,-9.0,0.201,1,2017-12-26 18:15:34.600
4418,15.523692,-94.663005,-32.791,2550.4,8750.7,3609.7,650.4,869.9,1030.2,2.116,0,0,158,142,-9.0,0.189,1,2017-12-26 20:29:32.200
4419,15.499002,-94.625635,-52.753,6561.3,6018.8,23571.5,763.5,1073.8,1564.2,2.197,0,0,4,5,-9.0,0.105,1,2017-12-26 21:39:18.920
4420,16.531492,-98.470011,-6.948,2202.5,-1456.2,1602.9,5410.9,3722.0,6115.3,1.445,0,0,4,3,-9.0,0.439,31,2017-12-26 22:40:00.580
4421,15.685543,-94.818408,-17.36,-14119.5,26660.0,-11820.9,1228.8,1480.5,1545.6,2.301,0,0,17,21,-9.0,0.307,1,2017-12-27 00:47:43.210
4422,15.468045,-94.565047,-18.979,13064.0,2593.3,-10202.2,1352.1,1242.5,1354.8,2.035,0,0,22,24,-9.0,0.408,1,2017-12-27 03:31:20.930
4423,15.550618,-94.73304,-16.818,-4963.9,11730.3,-12363.1,982.9,969.2,907.3,1.83,0,0,59,63,-9.0,0.214,1,2017-12-27 05:10:26.410
4424,15.614321,-94.776221,-15.918,-9595.8,18779.0,-13263.4,1121.0,1070.7,915.9,2.321,0,0,40,39,-9.0,0.278,1,2017-12-27 07:12:49.280
4425,15.561665,-94.70083,-41.244,-1508.2,12952.6,12063.1,856.0,501.0,1213.3,2.012,0,0,227,161,-9.0,0.266,1,2017-12-27 07:58:56.400
4426,15.54163,-94.729207,-29.608,-4553.3,10735.7,427.1,682.8,765.1,1016.8,1.936,0,0,305,260,-9.0,0.244,1,2017-12-27 08:03:21.120
4427,15.309546,-94.627051,-44.683,6412.0,-14945.0,15502.1,1346.0,1368.4,3250.8,2.194,0,0,70,59,-9.0,0.237,1,2017-12-27 09:07:59.790
4428,15.041002,-93.594198,-25.141,-725.6,-237.6,-2073.5,284.4,277.8,743.4,1.948,0,0,4,3,-9.0,0.072,24,2017-12-27 09:09:01.340
4429,15.400797,-94.729793,-35.717,-4617.0,-4847.9,6535.7,795.3,746.3,1702.3,1.519,0,0,151,192,-9.0,0.246,1,2017-12-27 09:49:34.610
4430,15.972641,-95.240723,-16.026,-3979.5,-31635.9,6856.3,384.2,500.3,765.7,1.719,0,0,48,51,-9.0,0.186,2,2017-12-27 10:30:23.350
4431,15.365195,-94.483545,-30.887,21815.6,-8787.4,1705.5,629.9,821.6,1235.7,1.938,0,0,23,24,-9.0,0.152,1,2017-12-27 11:58:48.710
4432,15.529076,-94.708577,-28.079,-2339.3,9346.6,-1102.0,685.9,851.5,1130.8,2.45,0,0,396,297,-9.0,0.271,1,2017-12-27 12:38:40.000
4433,15.563805,-94.747062,-42.021,-6468.4,13189.4,12839.6,986.6,990.6,1862.9,2.471,0,0,111,105,-9.0,0.273,1,2017-12-27 12:57:26.050
4434,15.786686,-94.891081,-32.634,-21908.8,37851.7,3453.1,764.1,1195.8,1306.4,2.136,0,0,32,36,-9.0,0.242,1,2017-12-27 16:06:53.750
4435,16.137287,-95.101725,-30.063,-7608.6,10979.9,1940.9,27058.5,60128.4,41872.3,1.37,0,0,3,3,-9.0,1.308,5,2017-12-27 22:48:35.520
4436,15.25036,-94.600814,-26.472,9229.8,-21494.0,-2708.7,1129.4,865.4,1171.8,2.67,0,0,91,108,-9.0,0.279,1,2017-12-28 00:47:11.640
4437,15.120832,-94.370052,-26.65,34018.2,-35826.6,-2531.0,1038.8,927.4,1424.0,1.984,0,0,49,31,-9.0,0.321,1,2017-12-28 01:15:08.670
4438,16.34758,-95.139453,-18.243,6847.3,9855.1,9073.7,723.4,853.7,764.2,2.085,0,0,11,17,-9.0,0.188,2,2017-12-28 01:57:50.680
4439,15.672013,-94.756657,-32.312,-7495.6,25162.8,3130.4,1231.2,950.4,2130.8,3.389,0,0,30,29,-9.0,0.352,1,2017-12-28 03:15:15.360
4440,15.903993,-95.066423,-40.848,-40700.5,50831.9,11666.8,1096.2,1390.0,1369.2,2.837,0,0,7,7,-9.0,0.181,1,2017-12-28 03:54:26.800
4441,15.548612,-94.6111,-42.166,8119.7,11508.3,12984.3,780.6,576.4,1451.4,2.72,0,0,181,139,-9.0,0.224,1,2017-12-28 07:11:43.300
4442,16.721812,-95.157186,-94.912,-116.1,-4425.3,391.6,1602.3,1721.7,1641.5,1.9,0,0,6,8,-9.0,0.303,34,2017-12-28 08:28:09.220
4443,17.843164,-97.006226,-65.662,-1195.9,-1083.2,2857.1,7882.5,6983.1,10464.5,0.701,0,0,4,4,-9.0,0.773,36,2017-12-28 09:00:40.570
4444,15.828301,-98.5,-30.15,-1430.4,1687.5,-2305.4,7085.3,5250.8,7614.0,1.357,0,0,4,3,-9.0,0.751,37,2017-12-28 09:54:45.010
4445,15.313156,-94.646558,-27.092,4317.7,-14545.6,-2089.0,809.5,792.1,1024.0,1.828,0,0,125,156,-9.0,0.272,1,2017-12-28 10:32:07.520
4446,16.155655,-95.272542,-24.103,-7379.7,-11383.4,14933.6,634.1,1083.2,866.6,1.715,0,0,24,11,-9.0,0.159,2,2017-12-28 12:42:04.010
4447,15.809955,-95.223446,-8.911,-2131.8,-49638.8,-258.7,1078.0,1618.4,1880.0,1.829,0,0,4,1,-9.0,0.277,2,2017-12-29 00:36:49.780
4448,15.523037,-94.792855,-27.602,-11383.0,8678.3,-1579.1,686.5,939.7,1344.4,2.582,0,0,172,188,-9.0,0.268,1,2017-12-29 01:46:10.350
4449,16.218831,-95.2795,-30.297,-8122.1,-4392.3,21128.0,1498.1,2714.6,3194.3,1.96,0,0,9,3,-9.0,0.267,2,2017-12-29 01:53:17.920
4450,16.13513,-95.278442,-25.064,-8011.2,-13654.7,15894.8,710.1,952.4,920.7,1.725,0,0,16,10,-9.0,0.182,2,2017-12-29 05:44:05.670
4451,15.522264,-94.760327,-30.703,-7892.2,8592.7,1522.2,933.3,1094.6,1641.9,1.904,0,0,202,135,-9.0,0.303,1,2017-12-29 07:03:22.040
4452,16.545858,-95.04375,-9.128,17066.7,31796.7,-41.2,733.9,705.6,683.8,2.245,0,0,26,20,-9.0,0.16,2,2017-12-29 08:33:38.790
4453,15.522909,-94.79585,-42.416,-11704.2,8664.1,13235.1,878.5,716.5,1514.3,2.223,0,0,195,169,-9.0,0.24,1,2017-12-29 08:43:44.620
4454,16.323626,-95.179207,-11.678,2599.3,7204.3,2508.6,547.4,760.3,871.9,2.17,0,0,31,17,-9.0,0.217,2,2017-12-29 09:49:21.570
4455,15.558995,-94.778687,-38.765,-9861.3,12657.1,9584.0,911.4,720.8,1700.2,2.553,0,0,228,207,-9.0,0.234,1,2017-12-29 09:55:31.620
4456,15.367407,-94.47452,-40.117,22785.0,-8542.5,10935.5,1238.8,1168.8,3353.2,1.479,0,0,17,17,-9.0,0.152,1,2017-12-29 11:38:24.940
4457,15.40831,-94.540422,-41.838,15709.1,-4016.5,12657.0,1095.5,1055.0,2523.7,2.378,0,0,21,32,-9.0,0.149,1,2017-12-29 15:02:42.240
4458,16.211826,-95.294629,-17.132,-9739.6,-5167.5,7962.6,418.5,480.0,804.1,1.643,0,0,47,18,-9.0,0.177,2,2017-12-29 18:05:01.840
4459,16.026073,-95.399325,-48.229,-2103.5,-7221.6,6672.4,6942.6,11606.0,7346.8,1.67,0,0,4,3,-9.0,0.32,13,2017-12-29 19:58:29.440
4460,15.183706,-94.512109,-26.364,18758.0,-28869.5,-2816.8,1066.9,813.8,1216.9,2.217,0,0,53,54,-9.0,0.244,1,2017-12-29 21:14:49.920
4461,15.453511,-94.662557,-30.364,2599.2,985.0,1183.0,696.0,826.0,977.7,2.471,0,0,273,212,-9.0,0.303,1,2017-12-30 00:20:05.590
4462,15.49143,-94.636466,-39.899,5399.2,5180.8,10717.7,788.5,622.0,1627.3,2.171,0,0,93,89,-9.0,0.27,1,2017-12-30 05:35:56.960
4463,16.282635,-95.180583,-13.041,2452.5,2668.3,3871.6,656.1,880.1,747.7,2.126,0,0,18,12,-9.0,0.245,2,2017-12-30 06:09:15.380
4464,15.376407,-94.687834,-35.865,-113.9,-7546.7,6683.7,739.8,721.8,1463.9,2.096,0,0,234,212,-9.0,0.248,1,2017-12-30 10:38:34.570
4465,15.330995,-94.618229,-28.184,7358.5,-12571.6,-996.7,2139.8,1813.9,3282.7,1.656,0,0,54,37,-9.0,0.384,1,2017-12-30 10:57:04.940
4466,15.178292,-94.388932,-30.464,31986.1,-29468.6,1282.9,1299.7,1144.7,1582.0,2.183,0,0,36,53,-9.0,0.332,1,2017-12-30 12:58:19.810
4467,15.479548,-94.750741,-23.49,-6864.5,3866.2,-5691.4,1039.7,742.5,924.0,2.12,0,0,185,232,-9.0,0.277,1,2017-12-30 15:57:06.730
4468,16.394307,-95.24869,-15.018,-4826.7,15026.0,5848.8,514.7,1056.6,930.8,1.834,0,0,6,5,-9.0,0.079,2,2017-12-30 17:35:12.560
4469,15.165352,-94.515202,-46.375,18426.5,-30900.4,17194.1,1048.6,1255.4,2995.4,2.307,0,0,39,48,-9.0,0.232,1,2017-12-30 19:25:19.600
4470,15.213442,-94.53055,-44.994,16776.1,-25579.1,15813.2,1418.8,1569.1,3774.5,3.007,0,0,80,81,-9.0,0.294,1,2017-12-30 20:16:06.020
4471,15.999826,-95.163444,-13.812,4286.7,-28627.6,4642.2,628.8,537.0,1309.0,2.612,0,0,53,48,-9.0,0.232,2,2017-12-31 04:02:44.670
4472,15.222458,-94.474357,-17.116,22809.6,-24581.5,-12065.6,1171.5,995.1,1088.8,2.703,0,0,27,22,-9.0,0.318,1,2017-12-31 05:02:19.600
4473,15.308872,-94.672168,-27.296,1568.2,-15019.5,-1885.3,1105.1,1323.4,1341.8,1.78,0,0,63,60,-9.0,0.349,1,2017-12-31 06:49:49.310
4474,15.422034,-94.741333,-28.042,-5855.9,-2498.0,-1139.0,1144.4,1201.0,1489.0,1.904,0,0,247,162,-9.0,0.222,1,2017-12-31 07:21:54.300
4475,15.527175,-94.794816,-42.921,-11592.9,9136.1,13739.6,969.0,812.7,1558.3,1.755,0,0,106,169,-9.0,0.258,1,2017-12-31 07:22:54.470
4476,15.132968,-94.668734,-24.741,1937.8,-34483.7,-4439.8,2323.6,2346.5,2976.6,1.72,0,0,8,4,-9.0,0.251,1,2017-12-31 07:50:38.130
4477,15.481152,-94.582715,-34.781,11167.0,4043.7,5599.9,823.6,859.3,3966.9,1.907,0,0,75,73,-9.0,0.183,1,2017-12-31 09:03:24.800
4478,15.331562,-94.633634,-26.821,5705.3,-12508.9,-2359.9,1005.6,938.1,1393.9,2.274,0,0,187,161,-9.0,0.319,1,2017-12-31 09:41:25.360
4479,15.156369,-94.45883,-28.435,24481.0,-31894.4,-746.6,1055.3,969.5,1516.7,2.228,0,0,85,74,-9.0,0.315,1,2017-12-31 09:51:15.150
4480,15.127272,-94.29375,-32.206,42213.1,-35114.1,3024.9,1726.2,1593.9,2699.6,2.14,0,0,50,49,-9.0,0.357,1,2017-12-31 09:56:51.800
4481,15.574483,-94.850049,-37.733,-17517.6,14370.9,8551.5,778.4,665.5,2101.3,1.98,0,0,110,156,-9.0,0.224,1,2017-12-31 10:04:56.640
4482,16.680776,-94.89279,-9.86,-3400.7,1662.9,104.8,7685.4,10364.3,3723.1,1.856,0,0,0,2,-9.0,0.81,35,2017-12-31 10:50:57.930
4483,15.570573,-94.635701,-31.406,5480.1,13938.3,2225.1,815.2,951.1,1306.3,2.197,0,0,217,165,-9.0,0.31,1,2017-12-31 11:06:21.840
4484,15.788758,-95.01534,-32.887,-35233.8,38081.0,3706.0,1200.9,1128.8,1877.2,2.57,0,0,48,47,-9.0,0.228,1,2017-12-31 11:31:56.040
4485,16.344528,-95.585929,-9.731,1768.8,4196.7,1705.0,849.8,1487.4,1545.1,2.121,0,0,53,46,-9.0,0.322,3,2017-12-31 13:22:39.370
4486,15.544307,-94.922225,-29.945,3001.6,3348.2,-449.6,40049.9,61434.8,58255.2,1.86,0,0,4,1,-9.0,1.455,17,2017-12-31 14:40:32.850
4487,16.239,-95.230599,-8.103,-5843.7,-635.3,-1387.9,570.0,638.4,673.6,1.057,0,0,72,140,-9.0,0.198,2,2018-01-01 00:20:49.360
4488,15.477057,-94.772127,-40.226,-10642.1,7958.4,8902.7,722.2,518.7,1039.0,2.131,0,0,339,330,-9.0,0.234,1,2018-01-01 00:26:09.100
4489,16.248981,-95.237801,-5.163,-6613.1,469.0,-4327.9,520.2,341.8,531.8,1.624,0,0,109,121,-9.0,0.16,2,2018-01-01 01:34:46.860
4490,16.169553,-95.370239,-31.191,19056.5,-10241.0,17846.9,3115.2,3618.4,5005.3,1.308,0,0,4,8,-9.0,0.254,3,2018-01-01 02:10:17.120
4491,14.916611,-94.14873,-35.067,56340.0,-54056.0,3743.8,1212.6,1307.3,3303.0,2.345,0,0,36,20,-9.0,0.221,1,2018-01-01 02:12:53.320
4492,15.512865,-94.667399,-31.457,598.1,11920.6,133.3,953.8,1121.2,1364.2,2.728,0,0,413,246,-9.0,0.269,1,2018-01-01 02:18:30.900
4493,15.936827,-95.189282,-6.552,-1427.6,-34074.1,-2938.3,208.0,497.6,772.3,1.784,0,0,64,59,-9.0,0.176,2,2018-01-01 03:43:04.530
4494,16.244927,-95.272778,-0.218,-10353.0,20.5,-9272.4,685.1,1050.0,671.5,1.468,0,0,33,26,-9.0,0.241,2,2018-01-01 04:21:56.400
4495,16.134152,-95.268799,-8.507,-9930.1,-12237.9,-983.7,456.3,389.4,615.6,1.271,0,0,68,96,-9.0,0.187,2,2018-01-01 04:36:04.540
4496,16.254573,-95.193547,-6.113,-1882.7,1087.9,-3377.8,553.7,481.6,525.6,1.496,0,0,109,124,-9.0,0.183,2,2018-01-01 04:44:44.090
4497,16.30174,-98.249707,-14.923,-106.8,-2723.6,-651.9,11339.3,10055.6,8395.9,1.143,0,0,6,3,-9.0,0.564,33,2018-01-01 04:50:23.620
4498,15.941293,-95.18479,-6.775,-946.9,-33579.7,-2715.2,301.0,448.4,651.3,1.533,0,0,65,59,-9.0,0.174,2,2018-01-01 07:12:08.500
4499,15.138201,-94.469076,-40.121,21901.5,-29536.6,8798.1,1165.8,830.8,3043.5,2.239,0,0,75,72,-9.0,0.279,1,2018-01-01 07:15:41.180
4500,15.671889,-94.960889,-53.052,-30886.8,29517.0,21729.0,1266.2,2860.7,3764.3,1.659,0,0,3,4,-9.0,0.189,1,2018-01-01 07:57:24.480
4501,16.178711,-95.354028,-19.808,-19042.0,-7307.0,10317.8,783.7,1406.0,897.2,2.609,0,0,27,27,-9.0,0.291,2,2018-01-01 08:32:07.080
4502,15.818837,-95.082015,-48.053,-43865.6,45777.1,16729.8,1107.7,1357.7,1413.7,1.853,0,0,10,20,-9.0,0.244,1,2018-01-01 08:34:16.290
4503,15.541406,-94.872762,-32.787,-21439.2,15078.8,1463.6,828.1,773.9,2659.2,2.091,0,0,219,170,-9.0,0.26,1,2018-01-01 08:41:12.960
4504,16.474484,-95.17194,-4.986,426.9,25423.4,-4504.1,512.2,534.9,642.3,1.343,0,0,92,111,-9.0,0.176,2,2018-01-01 09:00:57.630
4505,15.33891,-94.568514,-25.731,11215.2,-7327.9,-5591.7,827.6,762.3,993.1,2.105,0,0,168,134,-9.0,0.299,1,2018-01-01 10:05:05.690
4506,16.668255,-94.612288,-2.285,1270.8,2879.6,157.9,11523.2,9972.1,9480.9,1.444,0,0,4,2,-9.0,0.645,21,2018-01-01 10:30:00.410
4507,16.127084,-95.268213,-8.531,-9867.4,-13020.1,-959.3,608.1,464.9,576.3,0.815,0,0,57,64,-9.0,0.177,2,2018-01-01 11:29:08.520
4508,16.398367,-95.232479,-8.465,-6042.2,17000.2,-1026.0,346.8,335.9,762.1,0.718,0,0,45,49,-9.0,0.156,2,2018-01-01 11:39:07.450
4509,15.466037,-94.703874,-31.844,-3316.4,6739.0,520.5,627.0,392.1,931.5,1.7,0,0,460,359,-9.0,0.266,1,2018-01-01 14:36:56.930
4510,15.555373,-94.863916,-33.986,-20489.3,16624.2,2662.7,680.6,700.5,1748.1,2.279,0,0,265,158,-9.0,0.251,1,2018-01-01 14:59:52.790
4511,16.185699,-95.321859,-11.347,-15602.0,-6533.7,1856.7,587.6,717.5,749.5,2.135,0,0,151,149,-9.0,0.264,2,2018-01-01 15:55:59.250
4512,16.027116,-95.039624,-54.518,34965.3,626.1,9103.6,2914.9,4781.2,6832.5,2.238,0,0,4,3,-9.0,0.35,4,2018-01-01 16:55:12.430
4513,16.053661,-95.171012,-14.012,526.5,-21145.1,4521.2,744.5,566.8,662.2,1.459,0,0,54,38,-9.0,0.261,2,2018-01-01 17:00:41.600
4514,15.9657,-95.817301,-23.68,-3629.2,547.8,-2364.8,454.3,528.1,559.2,2.397,0,0,3,3,-9.0,0.131,27,2018-01-01 17:13:17.480
4515,15.414516,-94.59353,-37.805,8527.6,1038.1,6481.7,776.8,1202.3,4288.8,2.295,0,0,160,147,-9.0,0.288,1,2018-01-01 17:13:35.360
4516,14.909785,-94.155469,-30.748,55616.6,-54811.3,-575.4,1178.0,1794.9,2800.7,2.609,0,0,48,32,-9.0,0.299,1,2018-01-01 20:22:21.080
4517,15.548113,-94.83842,-38.488,-17754.2,15820.9,7164.8,1071.3,876.8,6350.3,1.966,0,0,171,148,-9.0,0.235,1,2018-01-01 21:13:23.320
4518,15.277406,-94.592106,-30.56,8683.3,-14133.4,-762.9,1043.4,1476.4,1560.0,2.079,0,0,105,63,-9.0,0.245,1,2018-01-01 21:40:43.360
4519,15.5434,-94.865934,-40.965,-20706.4,15299.4,9641.8,864.6,585.7,1564.8,2.439,0,0,272,227,-9.0,0.267,1,2018-01-01 22:31:10.180
4520,16.015036,-95.427026,-38.834,-6495.3,-710.6,-6579.8,3160.6,3235.6,4382.5,1.388,0,0,18,21,-9.0,0.635,4,2018-01-01 23:14:44.560
4521,16.129778,-94.999764,-6.397,18838.4,-12721.9,-3092.4,721.7,1714.2,1377.4,1.532,0,0,3,3,-9.0,0.128,2,2018-01-02 01:02:53.480
4522,16.471825,-95.117749,-21.963,6216.8,25129.2,12472.1,799.4,694.4,705.2,1.631,0,0,2,2,-9.0,0.134,2,2018-01-02 02:14:55.220
4523,15.280838,-94.271541,-31.006,43104.4,-13753.6,-317.3,1443.7,1354.7,1929.2,2.44,0,0,20,21,-9.0,0.362,1,2018-01-02 03:05:27.530
4524,16.52176,-95.037386,-5.952,14801.1,30654.9,-3538.7,296.4,629.3,864.1,1.927,0,0,76,68,-9.0,0.215,2,2018-01-02 03:09:00.670
4525,15.248656,-94.531917,-23.317,15147.0,-17314.6,-8006.3,776.0,690.1,965.8,2.309,0,0,111,98,-9.0,0.27,1,2018-01-02 03:21:15.290
4526,16.243742,-95.232845,-6.886,-6084.0,-110.6,-2604.5,417.5,447.5,455.2,1.199,0,0,104,108,-9.0,0.16,2,2018-01-02 03:37:46.050
4527,14.919689,-94.166805,-32.857,54397.2,-53715.5,1533.8,999.0,1164.3,1855.9,2.189,0,0,53,29,-9.0,0.24,1,2018-01-02 04:21:42.330
4528,15.5093,-94.796297,-20.192,-13234.7,11526.1,-11131.1,1117.5,1511.1,2077.4,1.666,0,0,96,77,-9.0,0.313,1,2018-01-02 04:59:22.040
4529,16.101393,-95.263224,-20.2,-9334.9,-15863.1,10709.7,515.4,627.4,880.5,1.094,0,0,30,26,-9.0,0.218,2,2018-01-02 05:29:33.180
4530,15.506598,-94.831828,-33.998,-17048.1,11227.2,2674.8,1469.9,1785.6,5089.8,2.088,0,0,71,61,-9.0,0.332,1,2018-01-02 06:18:28.110
4531,15.625412,-94.699113,-21.948,-2804.0,24374.2,-9375.7,1513.2,1436.6,1248.4,1.992,0,0,15,13,-9.0,0.342,1,2018-01-02 06:18:29.240
4532,16.510537,-95.127995,-4.841,5121.4,29413.0,-4649.1,404.7,391.2,447.7,1.279,0,0,82,86,-9.0,0.158,2,2018-01-02 07:36:35.180
4533,16.260067,-95.353141,-9.029,-18943.3,1695.9,-461.1,673.1,708.9,1658.0,1.21,0,0,60,74,-9.0,0.21,2,2018-01-02 08:19:33.760
4534,15.459936,-94.760384,-19.229,-9382.3,6063.9,-12094.1,1624.4,845.6,1400.8,1.639,0,0,88,85,-9.0,0.338,1,2018-01-02 08:24:42.250
4535,15.31393,-94.536833,-23.642,14617.0,-10091.9,-7680.8,669.9,744.5,865.4,1.845,0,0,114,66,-9.0,0.241,1,2018-01-02 08:29:14.670
4536,15.429906,-94.646826,-31.855,2807.1,2741.0,531.5,1111.6,1342.9,1350.6,1.699,0,0,226,225,-9.0,0.334,1,2018-01-02 09:11:44.260
4537,15.070113,-94.355933,-29.196,34059.8,-37070.7,-2127.4,1605.1,1733.9,2840.3,2.25,0,0,91,65,-9.0,0.237,1,2018-01-02 09:26:02.900
4538,15.00187,-94.228857,-31.531,47718.8,-44622.0,207.9,820.9,1064.6,1186.9,1.685,0,0,41,53,-9.0,0.274,1,2018-01-02 09:27:23.170
4539,15.79873,-94.896509,-49.529,-23972.6,43552.2,18205.5,1209.0,981.8,1032.0,2.418,0,0,24,19,-9.0,0.306,1,2018-01-02 10:17:44.000
4540,15.097621,-94.366992,-47.428,32869.2,-34026.9,16105.1,1143.3,1194.4,2887.5,1.882,0,0,67,76,-9.0,0.282,1,2018-01-02 11:30:42.640
4541,15.325586,-94.614421,-14.89,6286.8,-8802.1,-16433.6,957.8,1065.4,878.1,1.699,0,0,40,30,-9.0,0.324,1,2018-01-02 11:46:32.530
4542,16.48725,-95.190047,-4.412,-1508.0,26836.1,-5078.1,336.1,463.8,546.3,1.798,0,0,64,65,-9.0,0.158,2,2018-01-02 14:16:53.000
4543,15.960926,-95.521908,-43.384,-16652.9,-6698.3,-2030.6,3021.6,5660.1,3817.5,2.276,0,0,14,10,-9.0,0.672,4,2018-01-02 15:04:15.520
4544,16.682524,-94.913997,-7.0,-3052.3,185.1,729.0,567.2,1006.2,1141.9,2.403,0,0,9,4,-9.0,0.246,6,2018-01-02 19:38:52.060
4545,16.507507,-95.141992,-4.565,3625.9,29077.8,-4925.0,677.6,829.4,673.9,2.582,0,0,120,100,-9.0,0.286,2,2018-01-02 22:37:22.340
4546,14.1797,-92.74152,-32.287,5395.9,1465.8,267.4,26615.3,16660.8,33154.6,2.839,0,0,4,4,-9.0,0.798,32,2018-01-03 02:20:21.630
4547,15.247704,-94.554419,-19.72,12731.5,-17419.9,-11603.2,762.5,1066.5,803.7,3.171,0,0,118,69,-9.0,0.273,1,2018-01-03 02:29:02.930
4548,15.632138,-94.749528,-61.389,-8213.1,25118.5,30065.5,1296.2,1730.3,2009.3,2.453,0,0,13,9,-9.0,0.249,1,2018-01-03 02:56:54.590
4549,15.478472,-94.762663,-22.96,-9625.9,8114.9,-8363.4,951.9,1102.1,1634.8,1.939,0,0,194,154,-9.0,0.287,1,2018-01-03 03:29:46.810
4550,15.972133,-95.225187,-7.075,-5268.4,-30167.0,-2415.9,228.2,410.7,876.3,1.286,0,0,62,63,-9.0,0.162,2,2018-01-03 04:38:31.660
4551,15.254535,-94.528874,-15.615,15474.0,-16664.1,-15707.9,854.4,1153.5,1197.6,1.343,0,0,22,32,-9.0,0.336,1,2018-01-03 05:15:20.650
4552,15.004154,-94.251571,-27.674,45278.5,-44369.1,-3649.6,758.0,806.0,1193.6,2.688,0,0,93,55,-9.0,0.229,1,2018-01-03 05:52:44.750
4553,15.460269,-94.934269,-32.236,-28045.3,6100.8,912.3,1375.1,1661.3,2025.6,3.341,0,0,70,53,-9.0,0.343,1,2018-01-03 05:57:04.050
4554,15.607032,-94.915462,-38.185,-26017.3,22340.4,6861.9,636.4,1036.3,3033.2,2.105,0,0,178,148,-9.0,0.236,1,2018-01-03 06:28:41.220
4555,15.995805,-95.214331,-8.182,-4106.7,-27547.5,-1308.7,311.5,316.8,879.1,1.287,0,0,105,83,-9.0,0.181,2,2018-01-03 06:32:09.490
4556,16.538391,-95.122176,-10.312,5742.7,32495.4,821.8,387.7,319.5,1244.1,1.401,0,0,80,83,-9.0,0.188,2,2018-01-03 06:39:01.300
4557,15.50371,-94.711084,-31.083,-4090.2,10907.6,-240.1,1057.9,710.0,1360.8,1.928,0,0,346,334,-9.0,0.29,1,2018-01-03 06:42:44.510
4558,16.001559,-97.648665,-17.451,-3662.7,-1432.0,-3923.6,7063.7,9804.7,12170.8,2.219,0,0,4,6,-9.0,1.046,24,2018-01-03 06:56:27.510
4559,16.050015,-95.517122,-42.629,-16137.0,3160.1,-2785.0,2846.6,2739.1,3528.0,1.105,0,0,23,23,-9.0,0.621,4,2018-01-03 07:24:16.010
4560,16.38143,-95.197461,-13.855,-2300.0,15125.9,4364.9,677.9,908.5,704.4,1.485,0,0,28,10,-9.0,0.359,2,2018-01-03 07:35:18.860
4561,15.38516,-94.708577,-39.226,-3822.2,-2210.1,7902.6,732.3,560.4,2480.7,2.025,0,0,326,294,-9.0,0.249,1,2018-01-03 07:55:14.200
4562,15.972988,-95.220703,-5.187,-4789.2,-30072.4,-4303.8,351.9,322.6,699.4,1.562,0,0,80,60,-9.0,0.179,2,2018-01-03 09:01:48.930
4563,15.231171,-94.461475,-31.431,22713.0,-19249.4,107.7,1121.5,993.5,1351.5,2.26,0,0,99,66,-9.0,0.289,1,2018-01-03 09:24:48.190
4564,16.24422,-95.245182,-4.468,-7402.7,-57.8,-5022.8,475.4,329.1,490.9,1.023,0,0,119,127,-9.0,0.148,2,2018-01-03 09:52:58.380
4565,15.905393,-95.172778,-9.194,337.5,-37552.5,-296.6,387.9,522.6,818.6,1.717,0,0,56,32,-9.0,0.189,2,2018-01-03 10:15:26.490
4566,15.489971,-94.696232,-24.986,-2496.6,9387.3,-6336.9,986.9,773.6,1272.4,1.709,0,0,298,243,-9.0,0.262,1,2018-01-03 11:34:24.790
4567,16.0612,-95.272363,-53.726,10055.9,4397.8,8311.6,4028.4,4006.6,7266.1,1.491,0,0,5,6,-9.0,0.625,4,2018-01-03 14:28:20.140
4568,15.480799,-94.743449,-35.332,-7564.0,8372.5,4008.8,1543.3,1115.8,3170.4,1.988,0,0,433,230,-9.0,0.327,1,2018-01-03 15:45:54.100
4569,15.268379,-94.632528,-30.428,4342.8,-15132.3,-894.9,985.7,1317.7,1532.9,2.14,0,0,69,82,-9.0,0.276,1,2018-01-03 18:06:13.520
4570,15.36852,-94.718538,-43.047,-4891.3,-4051.4,11723.7,773.4,960.5,1957.9,1.957,0,0,196,174,-9.0,0.267,1,2018-01-03 19:41:36.480
4571,15.839864,-95.263045,-6.839,-9322.0,-44804.0,-2651.7,601.1,536.8,1304.3,2.52,0,0,24,17,-9.0,0.168,2,2018-01-04 00:24:52.210
4572,15.47879,-94.783675,-32.799,-11881.0,8150.2,1476.1,886.4,734.0,1174.3,1.773,0,0,271,309,-9.0,0.234,1,2018-01-04 01:12:35.300
4573,16.472622,-95.201082,-6.252,-2686.6,25217.3,-3238.0,444.2,560.6,868.6,1.92,0,0,76,86,-9.0,0.21,2,2018-01-04 02:26:25.400
4574,16.003764,-95.394694,-31.661,-3035.3,-1958.0,-13753.1,2770.3,5511.2,5315.3,1.426,0,0,5,8,-9.0,0.7,4,2018-01-04 02:29:41.130
4575,15.834843,-95.251343,-7.338,-8069.8,-45359.7,-2152.2,720.5,906.0,1708.9,1.929,0,0,23,15,-9.0,0.218,2,2018-01-04 02:36:57.780
4576,16.027436,-97.580233,-25.283,3661.6,1431.5,3908.4,7910.3,9803.6,22881.5,1.855,0,0,4,6,-9.0,1.046,24,2018-01-04 02:38:09.520
4577,16.119255,-95.449967,-25.349,10533.2,-15806.9,12004.8,1514.4,2598.8,2797.5,1.359,0,0,12,13,-9.0,0.418,3,2018-01-04 02:43:35.250
4578,16.421884,-95.198763,-7.276,-2439.6,19602.6,-2214.8,654.6,1463.4,1226.0,1.63,0,0,25,15,-9.0,0.283,2,2018-01-04 02:47:31.560
4579,15.647882,-94.906234,-35.528,-25025.1,26860.5,4204.5,909.3,929.0,2078.8,2.083,0,0,98,98,-9.0,0.334,1,2018-01-04 03:05:02.230
4580,15.764019,-94.508333,-32.309,1963.2,-2487.6,693.8,9917.6,8545.2,15565.4,2.557,0,0,4,5,-9.0,0.835,37,2018-01-04 03:31:41.200
4581,16.712961,-94.903507,-0.516,-1932.9,3553.4,-5755.3,558.1,742.6,820.8,1.648,0,0,10,9,-9.0,0.282,6,2018-01-04 03:47:49.900
4582,16.112112,-95.236165,-6.539,-6440.7,-14676.8,-2951.2,701.6,655.0,1586.0,1.852,0,0,88,97,-9.0,0.231,2,2018-01-04 07:00:23.800
4583,16.018397,-95.257943,-12.853,-8771.8,-25047.5,3362.4,639.3,667.9,1177.8,1.407,0,0,69,48,-9.0,0.355,2,2018-01-04 07:30:58.200
4584,15.808978,-94.544971,-30.915,-1962.8,2487.4,-699.9,9351.2,9007.6,21617.8,1.35,0,0,4,5,-9.0,0.835,37,2018-01-04 07:50:47.470
4585,15.404818,-94.760083,-31.524,-9350.5,-35.0,200.9,1092.8,1251.5,1464.4,1.82,0,0,124,152,-9.0,0.24,1,2018-01-04 08:45:43.240
4586,15.486441,-94.709212,-22.883,-3889.2,8996.8,-8439.9,1130.9,703.7,1133.4,1.628,0,0,216,137,-9.0,0.269,1,2018-01-04 09:24:56.990
4587,16.318422,-95.084977,-22.018,9722.0,8153.5,12527.3,1362.3,1439.2,1073.4,1.268,0,0,14,10,-9.0,0.245,2,2018-01-04 10:33:58.990
4588,15.933962,-95.207625,-11.364,-3390.2,-34391.0,1873.7,469.2,681.1,635.1,2.64,0,0,69,49,-9.0,0.23,2,2018-01-04 10:39:57.460
4589,15.987925,-95.226571,-6.856,-5416.5,-28419.4,-2634.4,409.5,345.7,852.1,1.276,0,0,85,74,-9.0,0.258,2,2018-01-04 10:50:35.600
4590,15.668451,-95.072762,-31.123,-42888.9,29136.5,-200.5,1923.2,1630.8,2184.1,1.493,0,0,14,9,-9.0,0.41,1,2018-01-04 12:02:46.620
4591,16.278476,-95.042277,-32.423,14287.3,3733.1,22932.5,1711.9,1317.2,2841.8,1.672,0,0,10,5,-9.0,0.205,2,2018-01-04 12:28:28.910
4592,16.112545,-95.21429,-5.62,-4101.5,-14629.0,-3870.9,783.9,1111.1,968.9,2.14,0,0,21,20,-9.0,0.293,2,2018-01-04 12:30:46.530
4593,16.235699,-95.229118,-9.01,-5685.6,-1000.7,-480.2,474.7,373.1,477.7,1.735,0,0,97,103,-9.0,0.152,2,2018-01-04 12:57:56.860
4594,16.262124,-95.267261,-2.771,-9762.1,1923.5,-6719.3,308.2,318.4,349.1,1.687,0,0,119,159,-9.0,0.157,2,2018-01-04 13:35:24.760
4595,16.489489,-95.194149,-4.881,-1945.6,27083.8,-4609.1,255.9,334.1,557.6,1.656,0,0,103,109,-9.0,0.18,2,2018-01-04 13:40:14.270
4596,15.554946,-94.746696,-35.268,-7910.7,16576.9,3945.6,1037.2,860.3,2422.6,2.25,0,0,274,222,-9.0,0.26,1,2018-01-04 16:50:53.310
4597,16.323033,-95.102165,-18.06,7884.7,8663.7,8569.5,1010.0,1327.3,826.4,1.757,0,0,14,18,-9.0,0.275,2,2018-01-04 20:30:15.600
4598,15.528625,-94.616862,-36.617,6021.2,13664.6,5293.9,727.1,1184.5,3517.8,2.274,0,0,132,85,-9.0,0.271,1,2018-01-04 22:34:27.420
4599,15.356577,-94.680802,-41.088,-840.6,-5372.9,9765.0,818.9,921.4,2283.0,2.379,0,0,302,290,-9.0,0.307,1,2018-01-04 22:40:25.840
4600,15.482305,-94.791504,-32.813,-12721.4,8539.1,1490.2,710.6,687.8,831.9,2.893,0,0,510,327,-9.0,0.258,1,2018-01-05 00:47:57.160
4601,15.505791,-94.794889,-32.448,-13084.2,11138.0,1125.2,775.1,709.6,1133.8,1.807,0,0,284,249,-9.0,0.239,1,2018-01-05 01:32:16.390
4602,16.083524,-95.253451,-12.851,-8290.0,-17840.6,3360.3,580.9,618.4,762.0,1.324,0,0,59,66,-9.0,0.221,2,2018-01-05 02:48:55.330
4603,16.380953,-95.182104,-4.664,-659.4,15073.1,-4826.1,694.5,733.1,1224.6,1.505,0,0,50,65,-9.0,0.231,2,2018-01-05 03:20:20.530
4604,16.082936,-95.233455,-11.265,-6151.6,-17905.6,1774.5,429.3,560.7,387.1,1.598,0,0,85,71,-9.0,0.211,2,2018-01-05 04:27:53.280
4605,15.301113,-94.648918,-34.037,2583.1,-11510.1,2714.2,998.6,820.6,2042.8,2.355,0,0,177,183,-9.0,0.312,1,2018-01-05 05:03:57.580
4606,15.264179,-94.640991,-37.481,3434.3,-15596.9,6157.7,1290.0,887.4,4848.4,1.729,0,0,112,105,-9.0,0.236,1,2018-01-05 05:26:49.940
4607,15.16937,-94.289079,-32.547,41231.9,-26087.8,1224.1,1337.4,1664.6,2661.4,2.203,0,0,41,32,-9.0,0.294,1,2018-01-05 06:15:54.670
4608,15.09435,-94.420426,-34.848,27129.6,-34388.9,3524.5,1141.6,1246.1,3141.9,1.891,0,0,90,71,-9.0,0.247,1,2018-01-05 06:46:55.740
4609,15.429344,-94.747721,-33.861,-8023.2,2678.9,2537.4,651.4,625.7,2180.3,2.137,0,0,454,400,-9.0,0.263,1,2018-01-05 08:32:01.160
4610,17.000189,-95.499202,-42.178,-1981.2,-322.3,4798.4,14886.2,10584.3,26558.2,2.0,0,0,2,3,-9.0,1.3,25,2018-01-05 09:14:17.970
4611,15.310464,-94.488582,-28.78,19797.8,-10475.4,-2543.5,1165.4,1360.7,2199.5,1.778,0,0,46,73,-9.0,0.359,1,2018-01-05 10:02:08.240
4612,16.473286,-95.091895,-2.702,8979.2,25290.8,-6788.4,228.2,524.0,341.2,1.766,0,0,70,74,-9.0,0.198,2,2018-01-05 10:08:08.960
4613,15.991047,-95.222982,-5.871,-5032.7,-28074.0,-3619.5,310.2,312.0,929.4,1.265,0,0,91,74,-9.0,0.156,2,2018-01-05 10:42:55.160
4614,15.436397,-94.725342,-20.965,-5620.9,3459.3,-10358.0,945.5,614.3,747.9,1.945,0,0,183,217,-9.0,0.298,1,2018-01-05 11:02:42.690
4615,15.818189,-95.250277,-4.791,-7955.9,-47202.5,-4699.8,569.9,686.1,866.0,1.464,0,0,16,9,-9.0,0.226,2,2018-01-05 11:29:25.790
4616,16.381294,-94.976864,-15.544,21273.8,15111.0,6053.9,871.8,687.1,1113.4,1.641,0,0,15,9,-9.0,0.239,2,2018-01-05 13:14:15.460
4617,15.604207,-93.967725,-71.571,2579.8,1271.1,2926.6,719.4,236.4,554.9,2.35,0,0,18,26,-9.0,0.218,11,2018-01-05 13:22:26.130
4618,16.293266,-98.076204,-14.919,-2469.3,725.4,-294.9,958.9,763.4,834.8,2.743,0,0,30,31,-9.0,0.251,5,2018-01-05 13:51:19.220
4619,15.518674,-94.990137,-27.934,-34036.8,12563.4,-3389.2,1188.3,1481.4,1695.1,2.553,0,0,39,34,-9.0,0.315,1,2018-01-05 15:46:03.440
4620,16.271813,-95.365617,-7.072,-20276.4,2995.8,-2418.4,469.7,368.4,1110.4,1.417,0,0,52,57,-9.0,0.206,2,2018-01-05 18:22:28.600
4621,15.45802,-94.762557,-18.379,-9615.0,5851.9,-12944.5,1289.4,846.7,1119.4,2.975,0,0,104,68,-9.0,0.291,1,2018-01-05 18:48:02.280
4622,15.405156,-94.70813,-27.042,-3773.6,2.5,-4281.0,566.4,648.6,939.7,3.022,0,0,482,375,-9.0,0.258,1,2018-01-05 19:36:13.960
4623,15.663534,-94.971509,-31.835,-32026.6,28592.4,512.7,1797.1,2277.4,2757.7,1.653,0,0,36,34,-9.0,0.383,1,2018-01-05 19:48:30.780
4624,15.35127,-94.695923,-32.629,-2464.2,-5960.2,1305.9,941.6,1006.5,1649.6,1.74,0,0,183,176,-9.0,0.297,1,2018-01-05 22:20:14.280
4625,15.439125,-94.668408,-30.296,489.7,3761.1,-1027.5,732.3,1421.7,1458.2,2.057,0,0,340,283,-9.0,0.318,1,2018-01-05 22:22:43.640
4626,14.92331,-93.450301,-14.282,11896.1,-10937.6,1185.5,699.1,928.6,1142.2,2.76,0,0,4,6,-9.0,0.412,10,2018-01-06 00:00:45.910
4627,15.455662,-94.708431,-31.983,-3805.9,5591.0,660.1,803.5,898.6,1053.8,1.73,0,0,333,319,-9.0,0.263,1,2018-01-06 01:41:35.310
4628,15.405884,-94.740731,-32.574,-7273.4,82.9,1250.9,817.1,1056.6,776.4,1.768,0,0,207,255,-9.0,0.291,1,2018-01-06 03:27:05.440
4629,16.364435,-95.159066,-18.358,1802.8,13245.3,8867.0,738.6,776.0,680.0,1.727,0,0,12,27,-9.0,0.322,2,2018-01-06 04:00:40.520
4630,16.265893,-95.145947,-29.551,3205.5,2340.6,20060.4,1335.4,2009.3,1673.3,1.862,0,0,7,2,-9.0,0.217,2,2018-01-06 05:34:56.550
4631,15.287152,-94.598877,-19.356,7956.3,-13055.0,-11967.6,639.6,1088.9,884.2,2.102,0,0,97,92,-9.0,0.281,1,2018-01-06 05:55:47.550
4632,15.310181,-94.559937,-32.434,12137.2,-10506.8,1110.7,1253.0,895.7,1025.9,1.787,0,0,114,101,-9.0,0.307,1,2018-01-06 06:38:33.920
4633,16.478224,-95.254972,-11.625,-8444.4,25837.2,2134.4,503.4,443.1,1096.9,0.825,0,0,36,40,-9.0,0.14,2,2018-01-06 06:45:41.420
4634,15.842712,-95.131047,-41.678,-49120.6,48418.9,10355.0,1349.5,1352.3,1606.7,1.731,0,0,21,20,-9.0,0.36,1,2018-01-06 07:06:35.790
4635,15.893303,-95.237435,-6.853,-6580.4,-38890.3,-2637.3,769.4,823.0,1567.4,1.204,0,0,63,56,-9.0,0.253,2,2018-01-06 07:33:43.680
4636,15.816848,-94.915592,-48.062,-26018.7,45556.9,16738.8,1061.6,830.4,1306.6,2.491,0,0,31,22,-9.0,0.237,1,2018-01-06 07:36:13.200
4637,14.979794,-94.33728,-32.541,36070.9,-47064.6,1218.2,1466.9,1275.1,2128.2,1.39,0,0,53,34,-9.0,0.231,1,2018-01-06 07:44:43.030
4638,16.324793,-94.274691,-4.199,-460.2,714.2,-457.2,151.3,281.5,348.5,1.993,0,0,5,4,-9.0,0.088,12,2018-01-06 07:55:39.190
4639,15.203603,-94.522583,-20.72,16151.3,-22299.8,-10603.4,861.3,789.2,1088.5,2.052,0,0,66,47,-9.0,0.251,1,2018-01-06 08:09:01.550
4640,16.486242,-95.20245,-4.794,-2832.3,26724.5,-4696.3,436.8,315.1,694.8,0.904,0,0,73,78,-9.0,0.147,2,2018-01-06 08:54:12.540
4641,16.61371,-94.914673,-3.977,-3124.7,-7430.3,-2293.8,725.8,293.4,828.4,1.204,0,0,4,7,-9.0,0.213,6,2018-01-06 08:56:59.580
4642,16.410998,-94.375505,-5.078,-549.5,-1745.1,-165.3,181.9,138.2,1676.8,1.075,0,0,6,4,-9.0,0.053,18,2018-01-06 10:45:02.810
4643,15.349771,-94.682048,-27.779,-973.8,-6126.0,-3543.8,600.2,835.2,1164.8,2.277,0,0,250,229,-9.0,0.29,1,2018-01-06 12:37:16.730
4644,16.069963,-95.255477,-10.368,-8506.7,-19341.1,877.5,352.4,391.2,456.9,1.497,0,0,62,74,-9.0,0.209,2,2018-01-06 13:05:43.550
4645,15.881287,-94.863509,-52.994,-20430.1,52687.2,21670.9,1040.2,1067.8,989.5,2.375,0,0,21,21,-9.0,0.206,1,2018-01-06 19:32:21.980
4646,16.249656,-95.256201,-7.006,-8580.1,543.9,-2484.3,436.1,439.7,583.8,2.294,0,0,117,162,-9.0,0.161,2,2018-01-06 22:22:45.840
4647,17.029999,-96.856315,-64.97,1249.5,-1842.8,-3359.7,4210.6,2303.0,3316.7,0.963,0,0,4,4,-9.0,0.246,35,2018-01-07 01:34:52.480
4648,16.207294,-97.307699,-25.198,187.1,-886.2,2733.4,1140.2,969.8,1537.7,1.293,0,0,5,3,-9.0,0.118,34,2018-01-07 01:46:58.480
4649,15.078692,-94.396956,-33.9,29651.8,-36121.4,2576.9,682.2,815.3,2302.9,2.352,0,0,146,82,-9.0,0.238,1,2018-01-07 02:28:20.190
4650,15.351399,-94.685937,-32.694,-1391.6,-5945.9,1370.7,802.1,659.2,1214.9,1.281,0,0,225,205,-9.0,0.27,1,2018-01-07 02:30:36.570
4651,16.095445,-95.228101,-8.84,-5578.4,-16521.3,-650.7,474.2,378.2,572.6,1.362,0,0,50,51,-9.0,0.214,2,2018-01-07 02:39:32.860
4652,15.397584,-94.708187,-21.781,-3779.9,-835.5,-9542.1,1006.5,781.3,1000.5,2.17,0,0,232,184,-9.0,0.279,1,2018-01-07 05:09:51.040
4653,16.10842,-95.174845,-54.948,20489.4,9623.1,9534.2,3028.8,3438.7,5277.0,2.006,0,0,7,6,-9.0,0.42,4,2018-01-07 05:29:46.640
4654,16.402335,-95.178564,-10.084,-280.9,17439.3,593.4,954.7,766.3,817.9,2.009,0,0,52,17,-9.0,0.294,2,2018-01-07 05:37:35.180
4655,15.40442,-94.735946,-19.927,-6759.7,-79.0,-11396.0,1153.6,1218.5,1199.2,1.89,0,0,146,109,-9.0,0.257,1,2018-01-07 08:20:01.750
4656,15.749306,-94.777205,-40.968,-48.5,-856.9,468.4,2548.1,4331.6,6759.1,1.501,0,0,5,4,-9.0,0.39,40,2018-01-07 08:34:50.870
4657,16.243974,-95.330786,-1.76,-16554.0,-85.0,-7730.5,398.5,446.5,556.2,0.447,0,0,88,95,-9.0,0.156,2,2018-01-07 08:40:58.800
4658,16.372773,-94.943034,-9.345,24889.5,14168.0,-145.5,577.5,492.5,1285.4,1.734,0,0,14,13,-9.0,0.103,2,2018-01-07 10:31:09.490
4659,16.526244,-95.111117,-11.048,6924.8,31151.2,1557.4,415.7,445.3,632.5,1.213,0,0,76,79,-9.0,0.148,2,2018-01-07 10:55:37.890
4660,15.371124,-94.718148,-19.917,-4849.3,-3763.2,-11406.5,1018.7,753.1,1307.0,1.404,0,0,81,57,-9.0,0.285,1,2018-01-07 11:00:11.330
4661,16.24392,-95.128166,-11.823,5106.9,-90.9,2332.9,584.3,1074.5,465.6,1.71,0,0,35,45,-9.0,0.321,2,2018-01-07 11:35:24.620
4662,16.146186,-95.288485,-0.565,-12034.5,-10906.2,-8925.7,444.9,482.8,630.0,1.287,0,0,37,52,-9.0,0.209,2,2018-01-07 11:37:17.310
4663,15.080348,-94.30603,-18.749,39420.0,-35938.2,-12574.3,744.0,925.3,1048.0,2.228,0,0,31,19,-9.0,0.201,1,2018-01-07 13:15:38.240
4664,15.449055,-94.75175,-17.163,-8455.5,4859.9,-14160.4,1181.8,801.5,1020.6,1.662,0,0,103,81,-9.0,0.288,1,2018-01-07 13:30:42.090
4665,16.297727,-98.07526,-13.063,-2368.4,1219.2,-2151.0,695.5,819.0,492.7,1.489,0,0,18,27,-9.0,0.271,5,2018-01-07 14:14:40.310
4666,16.274927,-98.137174,-16.92,-8986.5,-1304.0,1706.0,1208.6,945.0,807.0,1.603,0,0,19,18,-9.0,0.348,5,2018-01-07 14:22:57.220
4667,16.02151,-95.48715,-18.223,6558.8,-26623.4,4879.6,950.2,2483.9,3632.6,1.707,0,0,9,5,-9.0,0.612,3,2018-01-07 15:03:39.900
4668,16.121234,-95.24585,-14.0,-7476.4,-13667.4,4509.0,795.9,375.5,592.7,1.86,0,0,67,74,-9.0,0.242,2,2018-01-07 15:12:01.520
4669,15.955799,-95.749495,-28.41,3629.4,-547.8,2364.8,390.7,534.0,585.2,1.854,0,0,3,3,-9.0,0.131,27,2018-01-07 16:43:22.860
4670,15.083513,-94.338021,-31.193,35983.2,-35587.9,-130.3,1032.0,953.8,1679.3,2.602,0,0,112,70,-9.0,0.259,1,2018-01-07 18:30:53.520
4671,15.113149,-94.256478,-19.247,44739.3,-32308.7,-12076.7,1170.6,1186.2,1638.7,2.764,0,0,142,84,-9.0,0.3,1,2018-01-07 19:04:06.480
4672,15.405701,-94.83256,-32.544,-17130.8,62.7,1220.4,2541.6,2206.2,1210.1,1.701,0,0,61,59,-9.0,0.416,1,2018-01-07 20:22:02.160
4673,15.241797,-94.47548,-31.378,21208.2,-18073.5,55.2,1067.4,924.5,1455.3,2.423,0,0,116,80,-9.0,0.259,1,2018-01-07 20:22:44.000
4674,15.551326,-94.761353,-40.833,-9484.1,16176.5,9509.8,848.5,965.1,1857.4,3.276,0,0,235,247,-9.0,0.243,1,2018-01-07 20:58:02.640
4675,15.434309,-94.742269,-35.204,-7438.0,3228.2,3880.6,909.0,1447.6,2331.2,1.819,0,0,286,259,-9.0,0.349,1,2018-01-07 21:13:19.720
4676,16.387982,-95.349479,-31.188,4793.9,2792.1,583.2,10288.0,9279.4,16355.9,1.25,0,0,5,3,-9.0,1.048,41,2018-01-07 21:49:08.280
4677,16.388198,-95.60804,-0.071,-6365.4,13954.5,-13272.8,901.2,1610.7,1598.9,2.274,0,0,43,38,-9.0,0.404,3,2018-01-07 22:10:24.200
4678,15.822777,-95.090332,-50.864,-44757.0,46213.1,19540.6,2007.8,1979.7,2957.3,1.657,0,0,2,2,-9.0,0.422,1,2018-01-07 22:22:57.080
4679,16.381808,-95.60813,-0.345,-6375.4,13247.5,-12998.8,1042.7,1633.3,1100.4,1.657,0,0,26,30,-9.0,0.298,3,2018-01-07 22:23:00.760
4680,17.620498,-94.708952,-73.58,-8256.0,2685.3,-1116.6,4788.3,5952.9,6486.4,2.0,0,0,4,8,-9.0,0.553,16,2018-01-08 00:24:44.830
4681,15.496075,-94.718188,-33.112,-4852.6,10062.9,1788.3,621.9,1042.9,1244.8,1.741,0,0,335,274,-9.0,0.291,1,2018-01-08 01:33:33.330
4682,15.480026,-94.807096,-30.052,-14395.1,8286.9,-1271.6,994.3,945.7,913.8,1.603,0,0,203,245,-9.0,0.342,1,2018-01-08 01:37:08.320
4683,15.115704,-93.713517,-29.612,3831.2,2788.8,-21.6,387.7,438.4,1238.6,2.262,0,0,13,13,-9.0,0.196,9,2018-01-08 02:20:17.740
4684,16.35285,-95.204281,-10.419,-3029.6,11963.4,928.5,554.0,467.0,625.2,1.724,0,0,61,70,-9.0,0.199,2,2018-01-08 02:37:28.550
4685,16.101316,-95.515902,-24.927,3482.9,-17792.0,11583.7,1827.5,2795.4,2593.7,1.146,0,0,23,10,-9.0,0.536,3,2018-01-08 03:48:04.910
4686,16.368689,-94.936312,-8.149,25608.7,13716.0,-1341.3,543.5,683.2,1398.9,1.563,0,0,19,17,-9.0,0.192,2,2018-01-08 03:53:23.790
4687,15.469606,-94.68505,-25.27,-1295.9,7133.9,-6052.9,985.6,719.2,1518.6,1.209,0,0,238,109,-9.0,0.397,1,2018-01-08 04:03:33.900
4688,15.886082,-95.355143,-29.445,1198.2,-14980.4,-15969.2,4709.1,3942.1,5803.7,1.599,0,0,6,4,-9.0,0.808,4,2018-01-08 04:24:21.790
4689,16.363453,-95.591064,-8.83,-4552.1,11216.2,-4513.5,1165.0,1883.4,1850.0,2.512,0,0,46,42,-9.0,0.489,3,2018-01-08 05:02:17.970
4690,16.327466,-95.591504,-12.035,-4599.2,7233.8,-1309.1,1640.2,1426.9,2779.6,1.368,0,0,23,29,-9.0,0.529,3,2018-01-08 05:38:38.180
4691,14.888801,-94.08383,-33.688,63319.1,-57133.2,2364.2,1228.2,1732.8,4391.6,2.881,0,0,38,25,-9.0,0.271,1,2018-01-08 06:12:14.440
4692,15.969718,-95.160181,-27.96,1685.0,-30434.3,18469.2,1660.8,1013.6,1901.8,1.448,0,0,3,2,-9.0,0.257,2,2018-01-08 06:26:47.740
4693,16.264674,-98.070369,-13.668,-1846.0,-2438.6,-1546.1,1077.1,875.7,949.1,1.212,0,0,29,24,-9.0,0.212,5,2018-01-08 06:32:00.600
4694,16.242323,-95.169434,-4.856,695.2,-267.7,-4634.8,845.9,887.6,584.9,1.133,0,0,68,66,-9.0,0.169,2,2018-01-08 06:32:29.790
4695,16.380488,-95.598853,-0.087,-5384.1,13101.3,-13257.0,2028.4,2111.7,2040.5,1.494,0,0,33,24,-9.0,0.347,3,2018-01-08 06:33:36.090
4696,16.414021,-95.621029,-8.891,-7752.7,16812.1,-4453.0,2071.4,1523.9,3295.4,1.468,0,0,37,34,-9.0,0.46,3,2018-01-08 06:34:50.870
4697,14.982705,-94.224455,-31.896,48194.1,-46742.6,573.0,1210.3,1056.9,1535.3,1.991,0,0,57,23,-9.0,0.307,1,2018-01-08 06:54:41.730
4698,17.117161,-94.817765,-55.504,-518.1,4953.6,3074.0,59436.9,119750.3,151265.2,1.962,0,0,3,4,-9.0,2.385,39,2018-01-08 07:18:22.550
4699,16.23954,-95.31556,-6.943,-14926.1,-575.7,-2547.9,584.2,522.5,806.8,0.797,0,0,124,131,-9.0,0.229,2,2018-01-08 08:20:57.200
4700,16.134964,-95.243359,-24.035,-7209.7,-12148.1,14544.6,762.0,1071.0,1009.9,1.526,0,0,6,7,-9.0,0.215,2,2018-01-08 08:28:51.720
4701,17.579392,-94.760685,-0.115,8849.7,-2671.7,44.8,38944.0,25291.4,28012.5,2.841,0,0,2,4,-9.0,1.509,19,2018-01-08 08:31:09.460
4702,15.433583,-94.975448,-33.648,-32467.4,3147.9,2324.2,1633.4,1906.0,4112.2,1.322,0,0,9,13,-9.0,0.369,1,2018-01-08 09:04:21.030
4703,16.063593,-95.222599,-8.21,-4990.5,-20046.1,-1280.7,617.4,646.2,968.6,2.01,0,0,117,110,-9.0,0.2,2,2018-01-08 09:13:29.380
4704,16.420099,-95.635864,-9.245,-9338.0,17484.7,-4098.9,2565.0,1830.2,3920.1,0.838,0,0,25,25,-9.0,0.397,3,2018-01-08 09:24:01.530
4705,15.476299,-94.651676,-8.3,2285.6,7874.6,-23023.1,2366.3,2440.1,2955.1,1.204,0,0,9,10,-9.0,0.149,1,2018-01-08 09:41:26.360
4706,15.280211,-94.649113,-30.996,2562.2,-13822.9,-327.0,1186.7,957.5,1635.6,3.179,0,0,126,105,-9.0,0.263,1,2018-01-08 12:44:46.800
4707,15.619215,-94.933944,-33.873,-27999.3,23688.5,2550.2,1017.1,1624.2,5686.6,2.035,0,0,64,73,-9.0,0.352,1,2018-01-08 16:49:34.920
4708,15.252315,-94.574577,-32.677,10566.6,-16909.7,1353.4,745.4,632.9,1130.0,1.719,0,0,124,101,-9.0,0.221,1,2018-01-09 00:44:59.410
4709,15.463218,-94.756372,-31.732,-8950.9,6427.1,408.4,609.8,976.6,816.5,2.813,0,0,506,460,-9.0,0.265,1,2018-01-09 03:06:10.790
4710,16.835791,-98.886507,-30.637,-2468.5,1730.9,197.3,2002.8,2908.4,3355.7,2.717,0,0,9,5,-9.0,0.317,36,2018-01-09 03:50:15.530
4711,15.385585,-94.748413,-32.834,-8098.3,-2163.2,1510.5,699.6,934.9,1017.4,1.624,0,0,229,255,-9.0,0.263,1,2018-01-09 03:57:04.410
4712,15.502638,-94.733268,-27.715,-6470.6,10788.9,-3607.8,1060.0,749.1,1226.7,2.187,0,0,352,257,-9.0,0.278,1,2018-01-09 05:00:08.150
4713,15.607332,-94.979484,-30.908,-32887.1,22373.6,-415.0,1220.7,902.6,1355.4,1.898,0,0,64,79,-9.0,0.286,1,2018-01-09 05:03:12.660
4714,16.207537,-95.30577,-14.421,-13880.7,-4117.1,4930.8,564.3,751.8,653.8,1.193,0,0,62,82,-9.0,0.281,2,2018-01-09 05:06:51.120
4715,15.03398,-94.245296,-25.11,45949.2,-41068.9,-6213.2,725.5,877.4,809.7,3.744,0,0,83,60,-9.0,0.27,1,2018-01-09 07:27:26.770
4716,15.550811,-94.634204,-31.033,4160.2,16119.4,-290.6,1250.9,1452.4,2234.0,2.012,0,0,94,54,-9.0,0.286,1,2018-01-09 08:01:03.250
4717,16.407479,-95.613477,-9.059,-6946.4,16088.1,-4285.1,2296.4,1524.7,3416.6,1.028,0,0,27,34,-9.0,0.431,3,2018-01-09 08:45:17.980
4718,16.487343,-95.121102,-4.935,5858.3,26846.4,-4555.8,578.4,627.6,689.9,1.349,0,0,128,126,-9.0,0.194,2,2018-01-09 09:12:39.610
4719,15.052009,-93.545524,-14.413,1652.8,3302.7,1316.6,1680.7,1149.8,1752.1,2.198,0,0,6,11,-9.0,0.296,10,2018-01-09 09:18:10.850
4720,15.005092,-94.251807,-31.713,45253.5,-44265.3,389.9,902.1,888.5,1652.3,2.4,0,0,94,65,-9.0,0.259,1,2018-01-09 11:16:04.940
4721,16.355811,-95.30498,-0.098,-13791.8,12290.9,-9392.2,477.6,670.9,825.4,1.287,0,0,10,16,-9.0,0.211,2,2018-01-09 11:31:19.980
4722,16.129441,-95.274935,-10.602,-10586.1,-12759.2,1111.9,368.1,417.5,532.0,1.539,0,0,89,96,-9.0,0.149,2,2018-01-09 11:35:03.740
4723,16.072482,-95.179159,-14.474,-345.0,-19062.3,4983.4,682.3,522.5,721.7,1.902,0,0,68,49,-9.0,0.308,2,2018-01-09 12:17:30.150
4724,16.084608,-95.178044,-13.905,-225.4,-17720.5,4414.9,802.2,709.5,836.7,1.9,0,0,57,28,-9.0,0.267,2,2018-01-09 12:53:35.210
4725,16.052351,-95.16263,-24.283,1422.9,-21290.1,14792.2,868.5,983.0,912.5,1.516,0,0,15,11,-9.0,0.235,2,2018-01-09 12:59:48.330
4726,16.233805,-95.333577,-7.402,-16853.3,-1210.3,-2089.0,309.2,520.6,893.6,2.755,0,0,44,113,-9.0,0.173,2,2018-01-09 14:08:13.280
4727,16.123032,-95.302075,-0.229,-13488.8,-13468.6,-9261.3,552.0,693.1,713.5,2.69,0,0,8,13,-9.0,0.235,2,2018-01-09 14:22:22.810
4728,16.013564,-95.305868,-0.273,-13898.2,-25582.3,-9217.6,1171.5,894.1,1203.4,2.104,0,0,7,2,-9.0,0.285,2,2018-01-09 14:30:22.480
4729,16.352176,-98.001131,-19.995,5553.5,7244.5,4782.0,1177.8,1012.6,336.9,1.504,0,0,14,11,-9.0,0.272,5,2018-01-09 15:23:15.900
4730,15.861127,-95.104118,-50.7,-46231.0,50456.5,19376.4,563.2,1171.8,1275.8,3.368,0,0,33,30,-9.0,0.313,1,2018-01-09 16:49:09.160
4731,15.005522,-94.252116,-31.632,45219.6,-44217.9,308.7,836.4,824.0,1430.8,2.385,0,0,66,52,-9.0,0.215,1,2018-01-09 17:15:51.840
4732,15.960783,-95.185514,-7.346,-1024.5,-31423.0,-2144.4,833.3,709.9,925.6,1.524,0,0,59,66,-9.0,0.235,2,2018-01-09 18:28:47.920
4733,15.43333,-94.760669,-32.918,-9412.7,3120.0,1594.4,1287.7,1232.8,1767.4,2.113,0,0,264,293,-9.0,0.381,1,2018-01-09 18:46:39.120
4734,16.026198,-95.501229,-47.632,-14436.8,524.6,2217.5,2639.1,3298.7,3642.3,2.126,0,0,35,30,-9.0,0.575,4,2018-01-09 20:25:59.500
4735,16.108257,-95.297624,-2.883,-13012.8,-15103.5,-6607.1,619.3,1066.7,844.7,2.684,0,0,42,26,-9.0,0.283,2,2018-01-09 21:02:44.700
4736,16.24421,-95.344759,-3.599,-18047.8,-58.8,-5891.9,473.3,333.8,584.5,1.782,0,0,101,96,-9.0,0.183,2,2018-01-09 21:17:15.560
4737,16.237729,-95.330957,-7.418,-16572.6,-776.0,-2072.4,401.9,309.1,1065.1,2.144,0,0,103,158,-9.0,0.178,2,2018-01-09 21:17:45.600
4738,16.230512,-95.086401,-8.566,9572.1,-1574.6,-924.1,767.0,1513.1,682.0,1.929,0,0,8,29,-9.0,0.237,2,2018-01-09 21:33:23.080
4739,16.170799,-95.278263,-16.35,-10941.3,-8182.5,6859.6,1406.1,925.0,663.8,1.596,0,0,5,4,-9.0,0.326,2,2018-01-09 23:27:50.100
4740,15.530793,-96.535002,-9.538,-2671.2,1028.4,-846.7,4553.0,3968.4,5194.2,1.659,0,0,3,5,-9.0,0.544,23,2018-01-09 23:37:13.680
4741,15.448542,-94.737402,-18.76,-6915.7,4803.2,-12563.2,1119.5,861.1,1120.5,1.815,0,0,113,69,-9.0,0.282,1,2018-01-10 00:33:28.510
4742,15.512206,-96.485205,-11.232,2670.9,-1028.4,846.7,4684.3,3847.0,5210.3,1.758,0,0,3,5,-9.0,0.544,23,2018-01-10 02:07:13.550
4743,15.233487,-94.485148,-39.693,20170.7,-18993.1,8369.8,1267.8,1102.5,3630.7,2.474,0,0,53,64,-9.0,0.249,1,2018-01-10 02:08:25.700
4744,15.449644,-94.797388,-31.712,-13354.0,4925.1,388.5,790.9,1354.5,941.2,1.551,0,0,181,137,-9.0,0.258,1,2018-01-10 02:34:47.230
4745,16.08428,-95.198877,-9.646,-2453.5,-17756.7,155.3,505.9,451.7,715.4,1.72,0,0,97,88,-9.0,0.197,2,2018-01-10 02:41:30.130
4746,15.080117,-94.498397,-30.46,18754.5,-35963.8,-862.8,1966.7,2040.8,3035.3,1.712,0,0,8,9,-9.0,0.418,1,2018-01-10 02:52:11.150
4747,16.023073,-95.552327,-43.2,-19905.8,178.8,-2214.1,2584.4,4627.6,4315.3,1.722,0,0,14,16,-9.0,0.65,4,2018-01-10 03:33:37.880
4748,16.142946,-95.305534,-2.101,-13857.6,-11264.8,-7389.7,482.3,618.0,436.4,1.748,0,0,35,51,-9.0,0.235,2,2018-01-10 03:51:24.290
4749,15.56615,-94.856478,-34.299,-19690.4,17816.8,2976.1,727.2,779.7,2623.4,2.194,0,0,285,235,-9.0,0.318,1,2018-01-10 04:14:27.730
4750,15.477436,-94.764543,-46.481,-9827.8,8000.4,15157.4,1459.9,750.4,1730.6,2.228,0,0,292,211,-9.0,0.271,1,2018-01-10 04:36:41.820
4751,15.336801,-94.463062,-9.692,22536.4,-7561.2,-21631.7,2327.8,1476.6,1810.2,1.353,0,0,3,4,-9.0,0.238,1,2018-01-10 05:02:17.390
4752,15.564306,-94.753394,-58.13,-8629.2,17612.7,26806.8,1107.6,1078.7,1444.3,1.95,0,0,21,13,-9.0,0.257,1,2018-01-10 06:02:55.420
4753,15.935104,-95.252474,-4.162,-8188.4,-34264.7,-5328.6,461.1,341.4,938.2,1.622,0,0,61,65,-9.0,0.184,2,2018-01-10 06:22:16.660
4754,15.406865,-94.661084,-29.147,1276.4,191.5,-2175.8,749.6,828.8,1070.1,1.597,0,0,325,270,-9.0,0.289,1,2018-01-10 08:20:04.400
4755,16.531756,-95.125407,-6.35,5397.8,31761.1,-3140.2,505.6,369.5,1580.4,1.664,0,0,85,103,-9.0,0.184,2,2018-01-10 08:29:54.170
4756,16.242802,-95.341309,-6.658,-17678.7,-214.7,-2832.5,499.5,371.7,702.5,1.224,0,0,93,112,-9.0,0.171,2,2018-01-10 08:48:50.940
4757,16.292448,-95.187891,-0.04,-1278.0,5279.2,-9450.9,618.7,553.8,760.5,1.503,0,0,75,87,-9.0,0.171,2,2018-01-10 09:09:26.830
4758,16.250491,-95.315088,-7.362,-14875.9,636.2,-2128.3,767.7,591.6,1014.9,1.365,0,0,103,64,-9.0,0.174,2,2018-01-10 09:48:30.550
4759,15.306171,-94.642489,-32.23,3273.2,-10950.5,907.2,1001.5,1020.9,1339.4,1.399,0,0,53,129,-9.0,0.332,1,2018-01-10 10:32:28.750
4760,15.300782,-94.454744,-14.244,23431.6,-11546.8,-17078.9,1167.0,1032.4,1069.3,1.936,0,0,25,23,-9.0,0.33,1,2018-01-10 10:45:56.890
4761,15.632226,-94.889054,-24.049,-23183.1,25128.1,-7274.5,1432.7,983.6,1244.7,2.158,0,0,57,50,-9.0,0.343,1,2018-01-10 13:06:59.930
4762,14.982394,-94.179443,-42.382,53031.2,-46776.9,11058.5,1191.4,1396.1,4752.0,2.466,0,0,52,40,-9.0,0.238,1,2018-01-10 15:36:03.930
4763,16.294849,-95.009896,-32.666,17748.2,5544.8,23175.2,1620.7,1304.1,2407.7,1.873,0,0,3,2,-9.0,0.324,2,2018-01-10 16:25:31.660
4764,15.619766,-94.949862,-30.598,-29707.1,23749.5,-725.3,837.2,1010.0,1455.0,2.429,0,0,127,114,-9.0,0.253,1,2018-01-10 16:57:20.230
4765,15.410526,-94.71298,-43.475,-4294.6,596.6,12151.7,652.2,629.7,1652.7,1.97,0,0,369,305,-9.0,0.241,1,2018-01-10 17:40:44.240
4766,16.376013,-94.998039,-24.885,19011.8,14526.5,15395.0,1237.7,940.4,1527.2,1.601,0,0,11,11,-9.0,0.267,2,2018-01-10 17:52:54.520
4767,16.569701,-95.618799,-5.87,-79.5,-3032.0,2924.8,2712.8,1776.4,1142.9,1.254,0,0,3,4,-9.0,0.325,38,2018-01-10 19:01:46.520
4768,15.439387,-94.672485,-35.656,52.0,3790.2,4332.6,554.3,888.0,1999.4,1.36,0,0,242,248,-9.0,0.273,1,2018-01-10 20:18:01.720
4769,15.394629,-94.633089,-34.874,4281.8,-1162.4,3550.4,1033.1,1218.3,1939.7,1.62,0,0,138,134,-9.0,0.323,1,2018-01-10 21:56:45.760
4770,15.577552,-94.884538,-30.623,-22701.2,19078.4,-700.0,1108.0,1400.1,2380.1,2.408,0,0,62,58,-9.0,0.23,1,2018-01-10 22:19:17.800
4771,15.588425,-94.762467,-31.772,-9602.5,20281.5,448.9,892.2,790.5,1074.6,2.278,0,0,150,198,-9.0,0.311,1,2018-01-10 23:08:12.480
4772,15.076863,-94.358903,-31.625,33740.5,-36323.8,301.6,597.6,800.4,1239.3,2.617,0,0,134,62,-9.0,0.221,1,2018-01-11 00:49:40.340
4773,15.05675,-93.846175,-32.655,-10431.2,-3734.3,3021.3,686.0,567.2,969.9,2.651,0,0,10,10,-9.0,0.172,9,2018-01-11 01:14:27.520
4774,16.145686,-95.382316,-13.127,-22067.9,-10961.6,3636.9,618.4,880.0,828.4,2.564,0,0,42,41,-9.0,0.257,2,2018-01-11 01:35:06.330
4775,16.489694,-95.17583,-4.95,10.9,27106.6,-4540.3,336.5,268.0,736.4,1.793,0,0,94,143,-9.0,0.146,2,2018-01-11 01:41:09.660
4776,16.137249,-95.279419,-10.187,-11065.6,-11895.2,696.6,401.8,427.1,528.0,1.38,0,0,75,85,-9.0,0.178,2,2018-01-11 03:08:57.990
4777,15.091963,-94.400464,-15.756,29274.7,-34653.1,-15567.0,999.6,1310.5,1329.6,1.45,0,0,19,9,-9.0,0.241,1,2018-01-11 04:11:36.300
4778,15.453656,-94.767301,-32.547,-10124.1,5369.1,1223.6,774.1,786.7,1332.0,1.52,0,0,269,278,-9.0,0.274,1,2018-01-11 04:13:21.250
4779,15.170131,-94.48999,-45.845,19653.1,-26003.5,14521.2,912.5,890.1,2160.6,2.242,0,0,73,44,-9.0,0.258,1,2018-01-11 05:08:18.800
4780,15.499367,-94.741064,-34.728,-7307.6,10427.0,3404.9,1039.2,1069.0,3618.9,1.932,0,0,378,311,-9.0,0.235,1,2018-01-11 05:11:41.230
4781,16.082956,-95.196582,-9.797,-2208.0,-17903.3,306.1,366.3,347.3,844.6,1.497,0,0,96,90,-9.0,0.247,2,2018-01-11 05:26:11.630
4782,15.504986,-94.794686,-33.027,-13062.4,11048.8,1703.3,904.0,849.0,867.8,2.124,0,0,354,287,-9.0,0.282,1,2018-01-11 05:58:58.030
4783,15.480733,-94.836515,-48.244,-17552.0,8365.2,16920.5,788.8,817.5,2353.2,1.749,0,0,198,209,-9.0,0.293,1,2018-01-11 06:32:55.560
4784,16.562297,-95.102604,-4.004,7833.0,35140.8,-5486.2,404.8,360.8,697.9,1.551,0,0,48,76,-9.0,0.138,2,2018-01-11 06:43:29.710
4785,15.621887,-94.916642,-30.629,-26143.3,23984.1,-693.9,1549.7,1124.4,1999.6,1.698,0,0,118,49,-9.0,0.333,1,2018-01-11 06:47:48.830
4786,15.49347,-94.624992,-29.419,5149.7,9774.5,-1904.6,1408.5,1227.5,2043.5,1.593,0,0,95,74,-9.0,0.355,1,2018-01-11 06:55:11.770
4787,15.485021,-94.699268,-28.973,-2821.8,8839.6,-2350.5,820.4,647.6,965.3,1.31,0,0,342,293,-9.0,0.279,1,2018-01-11 07:04:21.760
4788,15.838491,-95.082292,-61.999,-7881.3,7270.8,799.1,2889.6,2537.7,1950.1,2.153,0,0,11,7,-9.0,0.315,7,2018-01-11 07:51:01.370
4789,17.00601,-95.461995,-32.573,1981.1,321.9,-4807.0,14146.4,10595.5,20328.3,2.0,0,0,2,3,-9.0,1.3,25,2018-01-11 07:56:30.960
4790,15.283565,-94.610335,-23.762,6725.8,-13451.8,-7561.6,1084.2,951.1,1045.5,1.802,0,0,156,137,-9.0,0.319,1,2018-01-11 07:57:29.010
4791,15.328585,-94.667342,-14.9,604.6,-8470.4,-16423.5,981.6,1254.6,1218.5,1.857,0,0,53,50,-9.0,0.36,1,2018-01-11 08:02:12.270
4792,16.419611,-95.202515,-7.303,-2839.9,19351.1,-2187.5,717.3,869.1,1028.2,1.471,0,0,67,68,-9.0,0.272,2,2018-01-11 08:10:51.090
4793,16.239088,-95.339526,-6.712,-17488.9,-625.7,-2778.7,382.3,578.0,935.3,1.248,0,0,100,118,-9.0,0.179,2,2018-01-11 09:25:56.370
4794,16.49411,-95.106974,-4.833,7367.7,27595.2,-4657.7,436.5,486.1,386.7,1.436,0,0,112,122,-9.0,0.174,2,2018-01-11 09:39:13.690
4795,15.689014,-94.936694,-16.107,-28290.2,31411.8,-15216.4,1776.4,1809.8,1975.1,1.344,0,0,7,5,-9.0,0.214,1,2018-01-11 09:43:49.970
4796,15.071556,-94.358911,-30.618,33739.8,-36911.1,-705.3,1235.2,1162.7,1963.0,2.205,0,0,111,68,-9.0,0.189,1,2018-01-11 09:53:15.660
4797,16.141025,-95.360653,-34.318,20083.0,-13397.9,20974.1,3534.4,3805.4,6880.5,1.067,0,0,2,4,-9.0,0.148,3,2018-01-11 11:00:45.150
4798,15.022454,-94.24825,-25.846,45633.4,-42344.3,-5476.8,658.3,809.2,1260.5,2.932,0,0,78,51,-9.0,0.197,1,2018-01-11 12:21:59.200
4799,15.648011,-94.831193,-27.824,-16974.0,26874.9,-3499.0,1612.0,896.3,1218.3,1.592,0,0,38,45,-9.0,0.315,1,2018-01-11 13:44:10.740
4800,15.507011,-94.728394,-34.885,-5948.0,11272.9,3561.8,661.8,786.6,2121.6,2.129,0,0,346,343,-9.0,0.219,1,2018-01-11 14:51:04.000
4801,16.132993,-97.532218,-11.255,4637.0,-1070.7,-568.7,245.3,128.4,365.8,2.044,0,0,16,17,-9.0,0.122,8,2018-01-11 16:05:25.410
4802,16.284017,-95.361784,-0.957,-19865.7,4346.2,-8533.3,382.3,538.0,638.0,1.646,0,0,77,64,-9.0,0.211,2,2018-01-11 16:22:23.940
4803,16.404561,-95.066577,-9.917,11685.8,17685.7,426.0,394.8,847.1,572.6,2.638,0,0,60,70,-9.0,0.272,2,2018-01-11 19:47:57.720
4804,16.171155,-95.543148,-19.977,569.2,-10063.6,6632.9,1731.9,1524.0,2229.7,1.994,0,0,31,19,-9.0,0.511,3,2018-01-11 19:58:06.320
4805,15.764794,-94.776294,-40.032,48.7,857.0,-468.3,2652.2,4356.4,6857.7,2.802,0,0,5,4,-9.0,0.39,40,2018-01-11 22:10:02.160
4806,17.063301,-96.879785,-71.69,-1249.1,1842.7,3359.8,4349.9,2082.4,3163.4,2.063,0,0,4,4,-9.0,0.246,35,2018-01-11 23:58:18.440
4807,16.450542,-95.261287,-1.441,-9119.8,22773.9,-8049.1,1463.8,1961.0,1739.1,1.844,0,0,1,1,-9.0,0.087,2,2018-01-12 05:16:18.700
4808,16.307991,-95.035856,-3.414,14972.3,6999.2,-6076.1,904.2,1921.5,1557.8,1.269,0,0,13,24,-9.0,0.277,2,2018-01-12 06:12:50.000
4809,15.013953,-94.318848,-44.051,38048.8,-43285.0,12727.5,1232.1,870.2,2472.8,3.553,0,0,82,71,-9.0,0.252,1,2018-01-12 06:45:32.920
4810,15.937056,-95.403882,-35.87,-4019.1,-9339.7,-9544.1,2326.8,3326.5,2715.2,1.425,0,0,13,14,-9.0,0.687,4,2018-01-12 08:14:46.460
4811,16.228353,-95.33418,-7.617,-16917.6,-1813.6,-1873.0,421.7,636.0,780.9,1.345,0,0,89,94,-9.0,0.168,2,2018-01-12 09:10:17.940
4812,16.134752,-95.297021,-2.165,-12948.3,-12171.4,-7325.7,432.4,586.6,552.5,1.978,0,0,28,28,-9.0,0.193,2,2018-01-12 09:13:57.760
4813,15.49452,-94.778467,-46.018,-11322.0,9890.7,14694.5,1291.8,1018.7,1816.0,2.212,0,0,242,270,-9.0,0.298,1,2018-01-12 10:16:14.300
4814,15.412061,-94.693953,-31.907,-2251.9,766.5,583.8,953.4,1539.4,1177.3,2.108,0,0,162,176,-9.0,0.343,1,2018-01-12 10:52:48.760
4815,15.3899,-94.631551,-15.358,4446.3,-1685.7,-15965.4,1351.7,868.7,839.6,2.509,0,0,42,44,-9.0,0.302,1,2018-01-12 10:56:28.470
4816,15.096554,-94.461174,-42.646,22752.4,-34145.0,11322.5,1206.3,1125.0,3480.3,3.087,0,0,45,32,-9.0,0.214,1,2018-01-12 11:06:41.650
4817,15.322087,-94.528027,-29.114,15562.6,-9189.3,-2208.9,1315.5,1111.1,1627.0,2.82,0,0,79,53,-9.0,0.332,1,2018-01-12 19:07:08.740
4818,15.619311,-94.773722,-42.344,-10809.2,23699.1,11020.4,1206.9,693.2,1517.9,2.842,0,0,54,87,-9.0,0.301,1,2018-01-13 01:42:12.600
4819,15.508876,-94.783634,-31.636,-11875.8,11479.2,312.9,770.3,1164.1,1252.5,1.913,0,0,140,166,-9.0,0.238,1,2018-01-13 02:09:59.730
4820,16.52159,-95.144588,-11.745,3348.7,30636.2,2254.3,540.8,501.7,423.8,2.039,0,0,75,79,-9.0,0.164,2,2018-01-13 07:12:18.910
4821,15.509519,-94.732308,-39.82,-6367.6,11550.5,8496.6,1079.9,1075.7,2708.4,2.061,0,0,214,214,-9.0,0.215,1,2018-01-13 07:25:04.710
4822,16.32157,-95.385034,-8.529,-22349.2,8501.8,-961.5,609.3,836.8,1043.5,3.136,0,0,6,9,-9.0,0.18,2,2018-01-13 08:05:54.280
4823,15.871059,-95.383,-35.597,-1784.7,-16642.8,-9816.9,3181.9,4067.5,3420.7,1.922,0,0,8,6,-9.0,0.685,4,2018-01-13 08:31:08.520
4824,15.442362,-94.725212,-27.043,-5607.2,4119.4,-4280.7,965.6,1126.6,1815.8,2.471,0,0,221,167,-9.0,0.31,1,2018-01-13 11:10:14.220
4825,16.346129,-95.047135,-8.317,13765.9,11219.6,-1173.2,423.4,931.8,1313.7,2.014,0,0,14,35,-9.0,0.264,2,2018-01-13 18:45:58.880
4826,15.54673,-94.253271,-25.934,3636.8,-2420.0,1451.4,2550.6,2123.1,4071.6,2.596,0,0,16,17,-9.0,0.444,13,2018-01-14 03:09:13.490
4827,15.109897,-94.375977,-32.709,31903.1,-32668.6,1386.1,1089.1,847.9,1239.7,2.317,0,0,81,51,-9.0,0.221,1,2018-01-14 04:24:27.170
4828,16.19589,-95.556738,-14.073,-883.8,-7326.4,729.4,697.5,2512.3,2246.7,2.42,0,0,23,20,-9.0,0.463,3,2018-01-14 04:47:52.680
4829,17.649644,-94.84209,-0.04,208.9,5103.5,-29.6,30571.2,29416.4,24433.1,2.0,0,0,5,7,-9.0,2.201,19,2018-01-14 06:07:36.960
4830,15.13119,-93.7875,-29.384,-4121.6,4502.3,-249.7,329.1,336.4,1032.9,2.63,0,0,13,13,-9.0,0.184,9,2018-01-14 06:19:16.020
4831,15.020186,-94.3632,-32.195,33282.8,-42595.2,871.2,1264.6,1072.6,1753.4,2.401,0,0,65,45,-9.0,0.221,1,2018-01-14 06:48:15.980
4832,15.149546,-94.447925,-32.204,24172.2,-28281.3,881.2,696.4,1105.3,1568.8,2.938,0,0,79,46,-9.0,0.245,1,2018-01-14 07:25:43.620
4833,15.805661,-95.018245,-59.271,-1019.0,3638.0,-1929.4,2198.7,4066.6,3413.3,2.876,0,0,18,15,-9.0,0.59,7,2018-01-14 07:44:32.540
4834,15.702731,-94.932023,-60.632,8221.3,-7751.8,-567.7,881.8,2561.4,3011.4,2.201,0,0,16,12,-9.0,0.581,7,2018-01-14 09:06:11.770
4835,16.5888,-94.726497,-6.354,-1718.3,612.3,-4809.6,1064.9,1299.6,5223.8,2.107,0,0,7,7,-9.0,0.203,15,2018-01-14 10:56:34.480
4836,15.507804,-94.783309,-31.976,-11841.4,11360.7,653.0,1175.2,1219.1,1335.3,3.442,0,0,284,246,-9.0,0.405,1,2018-01-14 11:05:46.810
4837,15.181686,-95.157992,-29.978,-1649.0,-18.1,497.6,2794.9,4003.6,4165.4,2.301,0,0,4,3,-9.0,0.308,31,2018-01-14 11:05:49.960
4838,15.637724,-94.902572,-26.574,-24632.4,25736.5,-4749.6,1118.0,847.0,1535.6,1.89,0,0,46,56,-9.0,0.276,1,2018-01-14 11:43:41.080
4839,15.569338,-94.686849,-31.718,-1488.6,18169.5,395.2,1457.8,1146.8,1113.4,2.394,0,0,101,82,-9.0,0.354,1,2018-01-14 12:06:03.870
4840,15.370424,-94.633846,-30.202,4200.2,-3840.7,-1121.7,1786.3,1424.7,1398.9,2.423,0,0,156,138,-9.0,0.271,1,2018-01-14 12:39:47.320
4841,15.539714,-94.274137,-19.558,1398.3,-3196.4,-4924.4,2428.3,3046.3,3012.9,2.437,0,0,7,9,-9.0,0.277,13,2018-01-14 14:22:39.310
4842,16.239351,-95.574821,-13.509,-2817.3,-2516.9,165.4,1142.4,2307.6,2646.2,2.124,0,0,29,24,-9.0,0.394,3,2018-01-14 15:06:38.390
4843,16.13378,-95.230811,-30.043,-5867.9,-12279.1,20552.1,1084.6,1520.2,1006.5,2.019,0,0,3,2,-9.0,0.139,2,2018-01-14 17:36:10.320
4844,15.906626,-95.151424,-48.174,-51297.9,55491.1,16851.2,1380.1,1754.8,1640.0,2.352,0,0,6,4,-9.0,0.251,1,2018-01-14 20:54:29.920
4845,15.050811,-93.654679,-27.004,10157.2,-4391.6,-2629.2,450.7,294.7,573.4,3.553,0,0,8,9,-9.0,0.152,9,2018-01-14 21:23:06.480
4846,15.446681,-94.054069,-33.48,2836.9,233.8,-13.5,1965.0,880.0,6450.6,3.152,0,0,10,9,-9.0,0.309,20,2018-01-15 01:03:20.580
4847,15.398789,-94.737899,-30.171,-6969.2,-702.0,-1152.5,507.2,619.8,851.3,2.735,0,0,222,299,-9.0,0.265,1,2018-01-15 02:43:54.800
4848,15.644708,-94.916862,-24.817,-26165.4,26509.4,-6506.1,1310.5,1012.7,1167.3,1.963,0,0,39,38,-9.0,0.288,1,2018-01-15 07:53:49.980
4849,16.472549,-95.112231,-4.957,6805.9,25209.3,-4533.4,441.7,568.8,911.2,1.799,0,0,86,102,-9.0,0.194,2,2018-01-15 08:03:13.360
4850,15.42643,-94.668351,-18.62,496.0,2356.5,-12703.7,1130.7,1254.5,1360.7,1.947,0,0,91,101,-9.0,0.281,1,2018-01-15 08:10:02.220
4851,15.241311,-94.595972,-44.237,8268.8,-18127.4,12913.4,1320.5,1360.5,3252.0,1.88,0,0,65,72,-9.0,0.296,1,2018-01-15 09:02:25.890
4852,15.407656,-94.690137,-29.856,-1842.1,279.1,-1467.2,627.6,1005.1,843.5,2.341,0,0,296,293,-9.0,0.293,1,2018-01-15 10:43:00.860
4853,15.577975,-94.02762,-64.727,-3843.7,-1631.6,-3916.7,1026.8,830.1,921.3,2.654,0,0,15,20,-9.0,0.213,11,2018-01-15 10:46:10.580
4854,15.576289,-94.011938,-65.178,-2162.3,-1818.2,-3466.1,828.1,600.6,526.9,2.883,0,0,16,20,-9.0,0.21,11,2018-01-15 11:30:41.680
4855,15.717263,-94.939543,-65.497,7414.8,-6143.8,4296.8,2299.5,3488.1,3560.1,3.523,0,0,9,7,-9.0,0.512,7,2018-01-15 13:07:16.790
4856,15.531844,-94.647689,-42.821,2713.1,14020.7,11497.5,1006.2,1067.7,2119.7,3.258,0,0,112,90,-9.0,0.256,1,2018-01-15 15:04:24.010
4857,15.090677,-93.705477,-11.025,-15545.4,7581.1,-2070.5,1815.2,1715.9,2236.0,2.986,0,0,3,5,-9.0,0.216,10,2018-01-15 15:56:44.690
4858,15.541569,-94.649316,-47.801,2539.0,15096.7,16477.4,1133.3,1487.9,2362.0,2.894,0,0,19,20,-9.0,0.248,1,2018-01-15 16:38:24.050
4859,14.918669,-94.031047,-32.99,68987.0,-53828.4,1666.5,2231.2,2408.8,3983.1,3.039,0,0,20,18,-9.0,0.274,1,2018-01-15 19:03:05.720
4860,15.842854,-94.812866,-62.164,-15000.9,48434.5,30841.0,1394.1,1372.2,1453.9,2.923,0,0,4,4,-9.0,0.261,1,2018-01-15 20:15:36.400
4861,15.433584,-94.716292,-27.568,-4650.0,3148.0,-3754.9,1077.0,1025.0,1487.2,2.117,0,0,277,305,-9.0,0.315,1,2018-01-16 04:11:35.020
4862,15.287828,-94.615877,-21.489,6130.9,-12980.2,-9834.2,1202.5,971.3,1326.1,1.984,0,0,65,48,-9.0,0.344,1,2018-01-16 04:58:02.300
4863,15.435709,-94.129989,-33.383,-5311.3,-980.3,-110.0,992.3,567.1,4011.8,2.054,0,0,8,10,-9.0,0.295,20,2018-01-16 05:51:21.260
4864,15.451309,-94.057438,-33.572,2474.9,745.9,78.4,1843.5,612.3,5981.8,2.287,0,0,10,9,-9.0,0.241,20,2018-01-16 06:58:32.450
4865,15.159411,-94.486686,-25.45,20008.3,-27189.8,-5873.0,1248.8,1239.1,1751.8,2.724,0,0,51,38,-9.0,0.322,1,2018-01-16 11:22:59.740
4866,15.268845,-94.480575,-14.488,20660.0,-15080.7,-16835.8,1028.1,1132.1,908.5,3.595,0,0,32,31,-9.0,0.237,1,2018-01-16 17:03:33.240
4867,15.448222,-94.939054,-18.887,-28559.9,4767.7,-12435.8,1871.7,1983.4,2156.5,2.043,0,0,5,1,-9.0,0.151,1,2018-01-17 01:58:31.640
4868,15.967362,-95.217025,-5.343,-4395.9,-30694.9,-4147.8,494.1,479.2,1238.0,1.251,0,0,63,47,-9.0,0.171,2,2018-01-17 03:30:55.570
4869,16.064338,-95.414852,-51.97,-5191.9,4745.1,6556.1,3194.7,2528.0,5625.1,1.888,0,0,24,14,-9.0,0.403,4,2018-01-17 03:38:23.630
4870,15.64607,-94.779826,-19.846,-11463.9,26660.1,-11477.4,1640.6,1262.3,1112.9,2.144,0,0,30,23,-9.0,0.318,1,2018-01-17 04:38:20.840
4871,15.570813,-93.999756,-67.226,-855.6,-2424.2,-1418.1,565.5,626.3,634.3,2.34,0,0,20,30,-9.0,0.189,11,2018-01-17 05:05:19.620
4872,16.073267,-95.495939,-26.557,5617.7,-20896.0,13213.2,1893.0,2445.9,2160.0,1.818,0,0,13,9,-9.0,0.598,3,2018-01-17 05:08:43.520
4873,16.162313,-95.556234,-13.878,-829.9,-11042.1,533.8,1810.3,2477.5,3178.4,1.378,0,0,16,15,-9.0,0.46,3,2018-01-17 05:13:59.900
4874,15.123741,-94.337386,-28.376,36047.7,-31136.8,-2946.9,1014.7,1037.9,1697.9,2.33,0,0,101,60,-9.0,0.216,1,2018-01-17 06:03:15.230
4875,16.523534,-95.246729,-5.023,-7562.9,30851.3,-4467.3,641.0,456.4,859.5,1.428,0,0,39,40,-9.0,0.197,2,2018-01-17 07:16:16.110
4876,15.691721,-94.961849,-28.366,-30987.8,31711.3,-2956.8,1116.2,1256.1,1470.0,1.787,0,0,50,73,-9.0,0.317,1,2018-01-17 08:08:38.530
4877,15.638778,-94.809766,-27.479,-14676.1,25853.1,-3844.7,1453.4,1308.5,2260.0,2.763,0,0,61,69,-9.0,0.317,1,2018-01-17 08:54:25.180
4878,16.498516,-95.117643,-9.01,6227.3,28082.8,-480.3,372.4,490.5,797.9,1.504,0,0,68,78,-9.0,0.148,2,2018-01-17 09:59:12.670
4879,16.339299,-95.234253,-9.582,-6232.6,10463.7,91.3,351.0,255.9,530.7,1.31,0,0,81,78,-9.0,0.122,2,2018-01-17 10:39:38.210
4880,16.282125,-97.986621,-13.529,7105.5,-507.4,-1685.8,921.3,747.8,694.1,0.799,0,0,23,21,-9.0,0.244,5,2018-01-17 11:18:04.150
4881,15.553832,-94.77452,-41.514,-10896.8,16453.7,10190.3,887.6,1250.0,2321.4,2.363,0,0,212,186,-9.0,0.284,1,2018-01-17 12:17:53.950
4882,16.295263,-98.068433,-15.292,-1638.7,946.4,77.5,1370.5,720.7,631.4,1.956,0,0,32,26,-9.0,0.234,5,2018-01-17 14:56:14.150
4883,15.851866,-95.047705,-61.857,-4175.0,8750.8,657.3,2843.1,3214.9,2427.8,3.998,0,0,10,10,-9.0,0.52,7,2018-01-17 16:14:14.880
4884,16.342495,-95.157764,-8.805,1942.0,10817.4,-685.5,456.2,356.6,548.1,1.889,0,0,54,103,-9.0,0.228,2,2018-01-17 16:40:58.510
4885,15.063476,-94.3462,-26.29,35106.0,-37805.2,-5033.2,1039.1,1015.3,1610.7,2.288,0,0,80,71,-9.0,0.271,1,2018-01-17 21:01:13.360
4886,15.364803,-94.653564,-21.978,2083.5,-4462.7,-9345.3,932.7,1144.8,1304.8,3.059,0,0,173,127,-9.0,0.32,1,2018-01-17 23:02:18.120
4887,15.230761,-94.479639,-55.342,20762.2,-19294.8,24018.9,1296.4,1802.0,3564.9,2.194,0,0,49,59,-9.0,0.337,1,2018-01-18 00:22:33.340
4888,16.694496,-94.839795,-8.717,4862.9,1510.0,2445.7,526.0,191.9,1427.6,1.801,0,0,13,16,-9.0,0.175,6,2018-01-18 03:08:03.650
4889,15.511167,-94.728011,-31.006,-5906.7,11732.8,-317.5,789.1,855.2,1144.6,1.86,0,0,262,251,-9.0,0.231,1,2018-01-18 05:00:33.590
4890,15.232155,-94.576367,-23.977,10374.6,-19140.4,-7346.8,833.7,1678.2,1488.4,2.028,0,0,42,17,-9.0,0.289,1,2018-01-18 05:01:47.200
4891,16.277745,-95.134123,-10.479,4470.0,3652.1,988.8,559.2,905.9,940.1,1.775,0,0,46,73,-9.0,0.292,2,2018-01-18 05:06:44.410
4892,15.438124,-94.728556,-23.89,-5965.7,3650.4,-7433.6,946.2,418.6,864.2,1.637,0,0,131,72,-9.0,0.292,1,2018-01-18 05:38:35.940
4893,15.72798,-95.184188,-21.345,2000.3,-400.6,-3339.7,5445.3,8093.2,10312.5,1.929,0,0,6,2,-9.0,0.666,44,2018-01-18 05:57:21.810
4894,14.995997,-93.464974,-14.659,10315.8,-2895.0,1563.2,1482.5,897.9,1243.4,2.747,0,0,8,13,-9.0,0.362,10,2018-01-18 06:00:23.970
4895,15.234221,-94.518717,-31.889,16565.2,-18911.9,565.6,998.1,813.2,1368.7,1.626,0,0,68,62,-9.0,0.209,1,2018-01-18 07:19:11.450
4896,15.181636,-94.420638,-16.331,27101.6,-24730.5,-14991.8,1068.0,1219.1,1283.8,2.073,0,0,19,10,-9.0,0.325,1,2018-01-18 07:23:49.730
4897,15.532954,-94.7434,-31.42,-7557.2,14143.5,96.7,829.0,967.2,1130.0,2.496,0,0,412,348,-9.0,0.263,1,2018-01-18 07:30:35.490
4898,16.984536,-94.828271,-113.819,2537.5,2936.7,1614.0,6252.1,6543.2,5122.1,3.512,0,0,8,9,-9.0,0.579,42,2018-01-18 08:43:56.550
4899,15.537163,-94.865601,-34.726,-20670.9,14609.3,3403.0,1118.4,1305.4,3218.2,1.567,0,0,127,119,-9.0,0.321,1,2018-01-18 10:30:27.060
4900,16.434364,-95.093099,-5.897,8851.7,20983.6,-3593.4,311.4,687.2,806.1,1.879,0,0,79,104,-9.0,0.249,2,2018-01-18 11:28:06.030
4901,16.236929,-97.963371,-12.397,9591.6,-5508.8,-2816.9,961.6,1030.7,1728.8,2.879,0,0,8,6,-9.0,0.239,5,2018-01-18 12:44:05.670
4902,15.149907,-94.470719,-32.149,21724.2,-28241.4,826.0,1054.1,989.5,1591.1,2.166,0,0,63,66,-9.0,0.283,1,2018-01-18 12:55:56.720
4903,15.634314,-93.951953,-74.52,4271.1,4602.5,5875.8,1151.3,577.8,715.0,2.681,0,0,11,16,-9.0,0.227,11,2018-01-18 15:16:10.810
4904,15.831969,-95.085612,-47.958,-44249.4,47230.1,16634.7,575.6,1198.6,1402.3,3.684,0,0,23,22,-9.0,0.276,1,2018-01-18 15:21:17.080
4905,15.532201,-94.730664,-24.561,-6190.5,14060.3,-6762.7,1158.3,675.8,1153.9,2.925,0,0,283,184,-9.0,0.31,1,2018-01-18 16:07:37.130
4906,16.241737,-95.342041,-3.493,-17756.9,-332.5,-5997.7,704.9,592.4,632.7,1.79,0,0,108,102,-9.0,0.188,2,2018-01-18 18:08:17.780
4907,15.462817,-94.784611,-32.136,-11982.1,6382.7,812.7,816.3,1075.7,1085.5,2.013,0,0,349,213,-9.0,0.223,1,2018-01-18 18:16:43.240
4908,15.50664,-94.82321,-31.964,-16123.5,11231.8,640.7,764.2,518.2,805.1,1.98,0,0,207,236,-9.0,0.281,1,2018-01-18 18:37:01.240
4909,16.279518,-95.172534,-2.337,363.8,3848.4,-7153.6,455.1,361.5,527.3,1.773,0,0,97,95,-9.0,0.158,2,2018-01-18 18:47:53.020
4910,15.735221,-95.221509,-28.034,-1999.8,400.7,3348.8,5500.2,8176.2,21795.3,2.37,0,0,6,2,-9.0,0.666,44,2018-01-18 19:04:09.640
4911,15.916384,-95.114478,-12.276,6575.3,-36336.2,2785.4,1093.4,1161.4,1337.4,1.962,0,0,7,3,-9.0,0.273,2,2018-01-18 19:40:18.280
4912,16.088176,-95.158716,-16.397,1841.4,-17325.7,6906.5,1045.0,957.5,924.3,2.01,0,0,32,19,-9.0,0.264,2,2018-01-18 20:03:12.800
4913,15.705664,-94.980672,-34.502,-33006.3,33254.2,3179.0,1367.1,1293.5,3292.1,2.496,0,0,64,49,-9.0,0.267,1,2018-01-18 20:06:22.840
4914,16.264903,-95.299902,-2.991,-13251.5,2231.0,-6499.3,696.8,528.4,473.8,2.106,0,0,96,110,-9.0,0.224,2,2018-01-18 20:09:46.440
4915,15.456377,-94.757357,-35.352,-9056.7,5670.1,4028.5,718.1,708.1,2054.4,2.312,0,0,498,443,-9.0,0.262,1,2018-01-18 20:17:55.200
4916,15.548903,-94.846802,-31.212,-18653.2,15908.4,-111.3,522.7,1365.8,1739.8,1.984,0,0,197,124,-9.0,0.258,1,2018-01-19 05:01:36.980
4917,16.408379,-95.144727,-8.291,3334.7,18108.1,-1199.7,355.8,953.9,1034.3,1.963,0,0,99,101,-9.0,0.313,2,2018-01-19 05:21:22.940
4918,15.586027,-94.885604,-24.74,-22815.3,20016.2,-6582.8,1209.8,1056.9,1375.7,1.639,0,0,37,36,-9.0,0.239,1,2018-01-19 05:24:37.300
4919,16.496559,-95.141707,-7.594,3657.0,27866.2,-1896.9,390.2,521.2,764.4,1.42,0,0,86,93,-9.0,0.166,2,2018-01-19 05:44:46.990
4920,15.286113,-94.663184,-35.954,1050.9,-13169.8,4631.0,1156.9,719.7,1712.3,3.088,0,0,119,119,-9.0,0.258,1,2018-01-19 06:09:35.850
4921,16.235627,-95.016545,-4.403,17039.5,-1008.6,-5087.8,720.3,854.8,812.5,1.602,0,0,12,16,-9.0,0.22,2,2018-01-19 08:00:55.940
4922,15.323743,-94.595321,-18.828,8337.5,-9006.1,-12495.7,823.0,779.6,753.3,2.367,0,0,112,63,-9.0,0.262,1,2018-01-19 08:30:51.230
4923,15.515966,-94.622974,-26.972,5365.9,12263.7,-4350.8,1421.8,1197.4,1633.5,2.225,0,0,129,87,-9.0,0.325,1,2018-01-19 08:52:25.860
4924,16.134668,-95.385596,-13.467,-22419.9,-12180.8,3976.2,693.9,849.3,841.8,1.94,0,0,25,23,-9.0,0.206,2,2018-01-19 10:36:14.860
4925,15.251512,-94.513403,-41.714,17135.5,-16998.7,10390.3,1351.7,1079.7,3462.3,1.713,0,0,67,64,-9.0,0.239,1,2018-01-19 11:34:14.380
4926,16.247679,-95.333285,-7.519,-16821.1,325.0,-1971.9,602.1,664.8,1214.1,1.868,0,0,85,78,-9.0,0.218,2,2018-01-19 13:33:09.440
4927,16.461006,-94.356795,-4.109,1448.4,3789.0,-1134.3,242.3,252.6,317.3,1.722,0,0,6,4,-9.0,0.059,18,2018-01-19 17:10:22.400
4928,15.182013,-95.127303,-28.982,1648.2,18.1,-497.6,2783.8,4026.8,4165.4,2.199,0,0,4,3,-9.0,0.308,31,2018-01-19 17:23:36.320
4929,16.506223,-95.037288,-6.552,14811.8,28935.6,-2938.1,414.3,434.2,780.0,1.879,0,0,57,65,-9.0,0.162,2,2018-01-19 17:29:11.160
4930,16.514394,-95.095589,-6.366,8583.6,29839.9,-3124.1,353.7,499.2,733.7,2.454,0,0,67,93,-9.0,0.165,2,2018-01-19 18:21:39.960
4931,15.364791,-94.723006,-54.204,-5371.1,-4464.1,22880.4,1080.2,1063.6,1451.3,1.844,0,0,99,114,-9.0,0.296,1,2018-01-19 19:09:42.540
4932,17.608278,-94.618286,-72.44,1367.1,1333.0,-2256.5,2239.0,5393.1,6999.3,2.95,0,0,11,15,-9.0,0.996,16,2018-01-19 19:12:41.180
4933,15.446074,-94.672005,-34.059,104.2,4530.1,2736.0,811.3,654.3,2125.5,1.863,0,0,333,246,-9.0,0.248,1,2018-01-19 19:16:53.760
4934,15.363909,-94.550203,-33.441,13179.8,-4561.7,2117.9,750.2,594.5,1883.2,2.322,0,0,136,94,-9.0,0.32,1,2018-01-19 22:48:28.020
4935,16.529755,-95.110734,-5.232,6965.5,31539.7,-4258.2,420.4,342.6,706.2,1.861,0,0,64,107,-9.0,0.127,2,2018-01-20 01:31:07.150
4936,15.803763,-94.919946,-26.85,27396.0,-48799.0,17359.5,1042.3,1166.1,1582.8,2.227,0,0,16,16,-9.0,0.337,2,2018-01-20 01:51:46.630
4937,16.292764,-95.189494,-4.537,-1449.5,5314.2,-4953.5,373.8,289.1,578.2,1.148,0,0,100,106,-9.0,0.16,2,2018-01-20 02:30:08.200
4938,15.651555,-94.949894,-44.306,-29708.4,27267.0,12982.7,973.4,1100.0,2279.8,2.495,0,0,118,106,-9.0,0.3,1,2018-01-20 02:38:32.320
4939,16.122508,-95.375122,-13.019,-21300.4,-13526.4,3528.2,531.7,616.7,925.6,1.572,0,0,27,37,-9.0,0.238,2,2018-01-20 03:48:21.890
4940,15.405667,-94.739697,-47.183,-7162.1,59.0,15859.7,1068.7,785.0,1510.8,1.714,0,0,62,64,-9.0,0.213,1,2018-01-20 04:32:30.810
4941,15.635068,-94.30625,-28.343,-2045.6,7354.9,3860.8,3638.8,2188.2,4326.0,2.845,0,0,15,12,-9.0,0.579,13,2018-01-20 06:10:41.310
4942,16.242857,-95.297778,-7.355,-13025.0,-208.6,-2135.2,779.1,688.0,764.4,1.434,0,0,83,91,-9.0,0.251,2,2018-01-20 07:06:20.420
4943,16.482981,-95.159237,-5.072,1783.9,26363.7,-4418.9,428.7,311.7,563.8,1.708,0,0,119,137,-9.0,0.151,2,2018-01-20 07:23:23.450
4944,15.612419,-95.050382,-32.798,-40493.2,22936.4,1475.2,1165.7,1026.4,1197.0,2.373,0,0,41,42,-9.0,0.27,1,2018-01-20 07:41:50.280
4945,15.420766,-95.106958,-31.894,-46584.9,1729.8,570.5,2716.9,3975.6,5319.9,2.373,0,0,7,2,-9.0,0.103,1,2018-01-20 07:41:50.660
4946,16.367498,-94.944442,-14.416,24740.0,13584.3,4925.5,664.4,702.4,1391.3,1.231,0,0,10,13,-9.0,0.151,2,2018-01-20 07:49:28.160
4947,16.25075,-95.280322,-9.944,-11158.9,664.8,454.0,324.8,276.1,387.6,1.47,0,0,101,147,-9.0,0.162,2,2018-01-20 07:51:28.830
4948,14.1532,-92.841479,-31.752,-5395.3,-1466.1,-268.0,27085.5,16648.0,28107.1,2.649,0,0,4,4,-9.0,0.798,32,2018-01-20 07:58:48.510
4949,16.384492,-94.785189,-91.449,4531.5,2560.9,249.0,1316.3,2896.3,1956.5,1.813,0,0,6,4,-9.0,0.466,29,2018-01-20 08:24:35.990
4950,15.548419,-94.719963,-44.696,-5042.2,15854.8,13372.8,872.1,1385.3,1536.6,2.24,0,0,231,152,-9.0,0.301,1,2018-01-20 10:50:47.380
4951,16.460189,-95.29908,-17.11,-13157.5,23841.5,7619.0,1626.0,1685.4,1330.8,1.207,0,0,3,0,-9.0,0.182,2,2018-01-20 11:04:40.970
4952,15.907584,-95.212321,-6.29,-3893.0,-37310.1,-3200.4,622.5,531.4,861.5,1.72,0,0,63,51,-9.0,0.193,2,2018-01-20 12:48:45.890
4953,16.804509,-98.840194,-30.243,2468.0,-1731.0,-197.3,2017.9,2871.6,3370.8,2.493,0,0,9,5,-9.0,0.317,36,2018-01-20 17:35:40.480
4954,15.526072,-94.745801,-45.449,-7815.6,13382.0,14126.2,738.5,1046.4,1506.4,3.412,0,0,188,133,-9.0,0.217,1,2018-01-20 18:12:27.880
4955,15.590492,-94.788818,-14.778,-12430.2,20510.2,-16545.3,2280.6,2050.2,1977.0,3.412,0,0,5,2,-9.0,0.049,1,2018-01-20 18:12:29.660
4956,15.780195,-94.98833,-46.69,-33821.6,41501.2,15366.7,1061.9,2076.3,1811.1,2.154,0,0,18,10,-9.0,0.449,1,2018-01-20 18:37:20.120
4957,15.313271,-94.657576,-30.748,1652.7,-10164.8,-575.5,965.2,768.5,1197.9,1.75,0,0,195,171,-9.0,0.271,1,2018-01-20 20:45:58.440
4958,15.47762,-94.725822,-41.399,-5671.7,8020.7,10075.8,569.4,833.8,1625.1,3.157,0,0,332,347,-9.0,0.301,1,2018-01-20 21:49:52.480
4959,15.19467,-94.513713,-22.956,17104.6,-23288.3,-8366.9,1291.7,793.1,1128.3,1.642,0,0,69,37,-9.0,0.291,1,2018-01-20 21:56:44.360
4960,16.283241,-98.099438,-17.167,-4952.7,-383.9,1952.9,1301.8,1066.1,1020.8,1.038,0,0,19,18,-9.0,0.293,5,2018-01-20 22:54:45.400
4961,16.367037,-94.94196,-10.228,25004.8,13533.2,738.0,512.5,463.7,1215.4,1.831,0,0,15,20,-9.0,0.215,2,2018-01-21 00:05:46.750
4962,15.586206,-94.884855,-33.455,-22734.9,20035.9,2131.6,1001.3,1076.4,2480.0,1.856,0,0,94,114,-9.0,0.293,1,2018-01-21 00:27:16.810
4963,16.338206,-94.87002,-90.951,-4531.6,-2561.2,-249.0,1359.6,2826.9,1996.1,2.06,0,0,6,4,-9.0,0.466,29,2018-01-21 02:02:11.070
4964,16.159307,-97.535498,-10.773,4285.5,1841.2,-1050.6,148.3,178.9,435.3,1.109,0,0,15,17,-9.0,0.126,8,2018-01-21 02:06:45.230
4965,16.168209,-97.588306,-17.093,-1362.3,2826.4,5269.8,263.3,219.8,388.1,0.621,0,0,15,17,-9.0,0.119,8,2018-01-21 03:09:03.250
4966,16.382038,-95.252498,-5.5,-8181.8,15193.3,-3990.3,534.3,347.0,1378.9,1.557,0,0,31,29,-9.0,0.205,2,2018-01-21 03:33:15.350
4967,15.132442,-94.406698,-17.396,28601.6,-30173.9,-13927.3,1027.0,1094.0,948.0,2.319,0,0,33,25,-9.0,0.326,1,2018-01-21 03:55:55.480
4968,16.48884,-95.106844,-5.003,7381.5,27012.0,-4487.2,508.5,360.8,785.1,1.605,0,0,88,74,-9.0,0.131,2,2018-01-21 04:40:24.940
4969,15.539435,-94.797746,-44.529,-13389.7,14860.6,13206.2,888.2,1006.8,2088.1,1.737,0,0,252,158,-9.0,0.314,1,2018-01-21 04:47:29.270
4970,15.422723,-94.769661,-32.092,-10378.7,1946.3,769.1,804.3,922.5,1037.4,1.881,0,0,224,212,-9.0,0.262,1,2018-01-21 04:55:47.670
4971,15.720736,-95.032593,-57.945,-2557.0,-5759.5,-3255.0,3031.2,2983.5,2919.5,2.959,0,0,14,11,-9.0,0.653,7,2018-01-21 07:30:16.640
4972,15.415542,-94.619995,-24.537,5686.9,1151.6,-6786.2,945.2,856.5,788.2,2.173,0,0,235,189,-9.0,0.306,1,2018-01-21 07:56:44.530
4973,15.610805,-94.379297,-10.941,-738.7,-1421.2,-2398.6,1387.5,974.1,1455.7,1.897,0,0,4,4,-9.0,0.242,22,2018-01-21 08:02:22.000
4974,15.927553,-95.046566,-18.969,13840.8,-35100.2,9478.0,495.4,348.1,661.9,2.455,0,0,20,16,-9.0,0.157,2,2018-01-21 08:06:37.010
4975,15.861515,-94.980965,-24.331,20863.0,-42408.1,14841.0,1647.2,1428.1,1951.9,1.327,0,0,14,10,-9.0,0.31,2,2018-01-21 08:08:33.690
4976,15.070336,-94.381144,-19.701,31351.2,-37046.0,-11622.7,988.9,719.4,1042.5,1.454,0,0,35,26,-9.0,0.245,1,2018-01-21 08:23:58.420
4977,15.559533,-95.067782,-32.535,-42365.6,17084.5,1211.7,1127.3,1250.7,1652.4,3.279,0,0,35,19,-9.0,0.244,1,2018-01-21 09:00:45.440
4978,15.036273,-94.287915,-32.711,41370.2,-40815.1,1387.5,858.4,596.0,1007.2,1.766,0,0,139,81,-9.0,0.222,1,2018-01-21 09:44:00.330
4979,15.512045,-94.794377,-27.313,-13028.5,11830.0,-4010.6,784.6,1104.6,1829.9,1.463,0,0,268,258,-9.0,0.345,1,2018-01-21 10:54:43.330
4980,15.455012,-94.759603,-22.25,-9298.0,5519.1,-9072.9,1079.2,738.4,1240.7,2.067,0,0,243,146,-9.0,0.274,1,2018-01-21 11:22:55.640
4981,16.350954,-98.247705,-16.227,107.4,2722.6,652.3,11129.8,11179.4,7824.3,1.283,0,0,6,3,-9.0,0.564,33,2018-01-21 11:40:18.740
4982,16.408297,-94.378792,-6.52,-900.7,-2044.0,1277.1,231.3,268.0,326.7,1.555,0,0,6,4,-9.0,0.058,18,2018-01-21 14:56:26.230
4983,17.581868,-94.929281,-0.04,-9046.1,-2397.5,-30.3,36947.2,48813.1,35312.8,2.0,0,0,3,3,-9.0,2.722,19,2018-01-21 15:13:32.290
4984,15.536806,-94.759253,-36.814,-9259.0,14569.7,5490.6,729.2,805.1,4217.0,2.048,0,0,222,229,-9.0,0.261,1,2018-01-21 20:16:55.960
4985,16.421974,-95.106364,-7.777,7434.5,19612.6,-1713.7,365.8,763.8,797.7,2.321,0,0,67,59,-9.0,0.287,2,2018-01-21 20:23:05.960
4986,15.221652,-94.229427,-43.429,47633.6,-20302.6,12106.0,1432.2,1612.5,4020.3,1.952,0,0,19,25,-9.0,0.318,1,2018-01-21 21:07:06.840
4987,15.89682,-94.908602,-51.441,-25264.1,54406.0,20117.8,1021.0,1083.6,1192.4,2.571,0,0,24,19,-9.0,0.253,1,2018-01-21 23:17:52.120
4988,16.065588,-95.120166,-52.396,26342.7,4883.4,6981.9,2684.1,4914.7,5776.5,1.649,0,0,8,6,-9.0,0.278,4,2018-01-22 00:57:21.470
4989,16.525296,-94.875293,-16.22,1883.5,3349.0,-2679.9,4312.3,7540.8,9016.4,2.366,0,0,6,8,-9.0,0.893,14,2018-01-22 01:09:50.890
4990,16.289887,-95.185742,-4.886,-1048.3,4995.8,-4604.3,367.7,403.3,562.6,1.194,0,0,100,109,-9.0,0.172,2,2018-01-22 03:45:44.550
4991,16.264912,-95.198551,-24.28,-2417.9,2232.0,14789.4,1481.2,2740.8,1579.0,1.868,0,0,3,0,-9.0,0.078,2,2018-01-22 04:54:21.930
4992,15.931522,-95.043319,-17.116,14188.1,-34661.2,7625.0,455.7,687.8,796.7,2.182,0,0,20,14,-9.0,0.158,2,2018-01-22 05:05:29.100
4993,16.19227,-95.499658,-18.395,5218.7,-7727.0,5051.0,1411.1,3370.9,1096.4,1.619,0,0,22,26,-9.0,0.549,3,2018-01-22 05:27:40.670
4994,16.336459,-94.275789,-2.983,-577.3,2005.1,-1673.0,150.6,249.7,229.4,2.26,0,0,13,11,-9.0,0.129,12,2018-01-22 05:42:24.790
4995,15.31503,-94.640462,-22.891,3491.0,-9970.2,-8432.6,1485.8,822.7,1142.7,1.585,0,0,108,113,-9.0,0.33,1,2018-01-22 05:48:43.290
4996,17.498751,-96.39672,-0.236,1197.8,1381.6,132.4,1860.3,1833.7,1682.2,2.882,0,0,20,8,-9.0,0.351,17,2018-01-22 06:36:39.680
4997,15.513909,-94.748714,-39.059,-8128.5,12036.2,7735.2,472.9,683.8,1482.6,2.19,0,0,387,303,-9.0,0.216,1,2018-01-22 06:52:48.920
4998,16.180531,-95.150057,-3.156,2766.8,-7105.6,-6334.6,420.7,551.4,715.5,1.487,0,0,39,52,-9.0,0.177,2,2018-01-22 07:32:08.520
4999,16.754799,-94.787777,-4.726,10409.5,8183.5,-1545.5,690.7,605.1,1314.0,1.72,0,0,4,3,-9.0,0.174,6,2018-01-22 08:23:39.980
5000,15.636495,-94.365511,-15.737,739.1,1421.4,2397.4,1411.5,1053.0,2444.8,1.424,0,0,4,4,-9.0,0.242,22,2018-01-22 08:38:22.830
5001,17.492639,-96.408512,-0.063,-54.3,705.2,-40.7,777.0,2801.9,1208.3,2.002,0,0,18,9,-9.0,0.315,17,2018-01-22 08:44:29.250
5002,15.971207,-97.052205,-39.61,2611.4,4255.5,2389.9,469.7,719.2,830.9,2.011,0,0,3,4,-9.0,0.106,26,2018-01-22 08:46:14.800
5003,17.467413,-96.418766,-0.011,-1143.5,-2086.6,-92.1,2069.1,2833.1,2122.9,2.07,0,0,18,9,-9.0,0.401,17,2018-01-22 08:55:05.400
5004,16.28773,-95.185441,-5.365,-1016.0,4757.1,-4125.3,339.3,531.0,979.8,1.29,0,0,57,111,-9.0,0.164,2,2018-01-22 09:09:06.370
5005,16.346704,-94.866105,-17.206,33113.4,11283.2,7715.5,2249.9,1752.1,2540.5,2.206,0,0,3,4,-9.0,0.207,2,2018-01-22 09:10:59.430
5006,16.494645,-95.112695,-4.871,6756.4,27654.4,-4619.1,371.6,296.2,564.1,1.394,0,0,84,96,-9.0,0.11,2,2018-01-22 09:34:56.820
5007,15.691811,-94.916357,-15.415,-26108.4,31721.3,-15908.2,1729.4,1564.0,2155.5,1.349,0,0,11,9,-9.0,0.294,1,2018-01-22 09:40:28.590
5008,15.593197,-94.870524,-45.694,-21196.7,20809.4,14371.0,729.1,1128.9,1919.2,2.134,0,0,173,110,-9.0,0.283,1,2018-01-22 09:59:13.620
5009,15.459017,-94.782056,-40.695,-11708.4,5962.3,9371.6,991.2,387.7,1880.1,1.512,0,0,266,223,-9.0,0.225,1,2018-01-22 10:01:39.910
5010,15.420823,-94.599121,-33.439,7927.4,1736.0,2115.6,1117.2,1119.2,3233.4,2.33,0,0,241,177,-9.0,0.303,1,2018-01-22 11:08:23.080
5011,15.048802,-93.638216,-11.101,-8314.1,2947.7,-1995.3,1476.1,1572.6,1856.9,2.849,0,0,5,9,-9.0,0.24,10,2018-01-22 13:14:23.970
5012,15.788632,-94.930941,-29.404,26220.4,-50473.4,19913.9,1478.8,1095.9,1281.3,1.444,0,0,1,5,-9.0,0.239,2,2018-01-22 14:18:14.980
5013,16.470514,-95.093018,-3.825,8858.8,24984.1,-5665.7,395.0,717.7,523.3,1.913,0,0,92,106,-9.0,0.198,2,2018-01-22 14:57:33.170
5014,16.403818,-95.02535,-9.64,16091.4,17603.4,150.0,534.8,851.9,851.0,2.05,0,0,29,53,-9.0,0.333,2,2018-01-22 17:04:33.880
5015,16.562995,-94.691007,-16.757,2068.9,-2243.4,5593.9,762.7,873.3,1670.2,1.46,0,0,7,7,-9.0,0.288,15,2018-01-22 19:40:15.260
5016,16.277771,-95.059261,-6.496,12472.0,3655.1,-2994.1,417.1,430.0,658.1,1.893,0,0,26,35,-9.0,0.233,2,2018-01-23 01:54:54.270
5017,16.360928,-95.107552,-12.375,7308.5,12857.2,2884.5,407.5,902.9,696.4,2.017,0,0,59,65,-9.0,0.291,2,2018-01-23 02:03:37.990
5018,15.612793,-94.783732,-62.734,-11883.9,22977.9,31410.4,1208.5,1822.2,2156.5,2.463,0,0,10,8,-9.0,0.246,1,2018-01-23 06:07:53.690
5019,15.550027,-94.976636,-32.429,-32585.8,16032.7,1105.4,1820.9,1379.7,1216.2,1.58,0,0,75,55,-9.0,0.38,1,2018-01-23 06:24:01.580
5020,15.380019,-94.697974,-32.297,-2684.1,-2779.0,973.7,766.2,839.0,1422.2,2.215,0,0,375,315,-9.0,0.303,1,2018-01-23 06:26:39.800
5021,15.403445,-94.724642,-31.902,-5546.4,-186.9,578.9,816.1,768.4,1313.8,1.644,0,0,342,230,-9.0,0.264,1,2018-01-23 06:50:23.340
5022,15.243228,-94.26932,-30.194,43346.8,-17915.2,-1129.5,1645.1,1285.0,2126.4,1.7,0,0,12,21,-9.0,0.364,1,2018-01-23 07:03:39.990
5023,15.471957,-94.637573,-23.869,3799.3,7394.2,-7454.6,1284.0,859.3,1169.5,1.414,0,0,111,97,-9.0,0.246,1,2018-01-23 07:32:34.260
5024,15.44624,-94.770418,-12.609,-10459.2,4548.5,-18713.9,1458.3,962.7,1033.5,2.674,0,0,87,37,-9.0,0.221,1,2018-01-23 07:35:06.400
5025,16.510076,-95.038493,-6.563,14683.4,29362.0,-2927.2,361.9,392.3,761.5,1.355,0,0,43,75,-9.0,0.13,2,2018-01-23 08:26:29.820
5026,16.312321,-94.278703,-4.902,-888.7,-666.1,245.9,105.8,120.1,265.4,1.243,0,0,13,11,-9.0,0.099,12,2018-01-23 08:33:26.910
5027,15.455906,-94.754451,-29.368,-8745.3,5618.0,-1955.4,975.2,579.5,1092.6,2.506,0,0,496,372,-9.0,0.274,1,2018-01-23 08:45:42.300
5028,15.358734,-94.656445,-16.797,1774.4,-5134.2,-14526.6,851.4,1365.1,1359.0,1.84,0,0,72,37,-9.0,0.244,1,2018-01-23 08:51:57.620
5029,16.480256,-94.879492,-25.071,1435.2,-1635.3,6171.1,2112.5,5655.6,18866.2,1.403,0,0,6,7,-9.0,0.856,14,2018-01-23 09:21:34.360
5030,15.104686,-94.370125,-25.226,32532.8,-33245.1,-6097.4,712.9,901.6,1330.1,2.186,0,0,113,67,-9.0,0.262,1,2018-01-23 09:25:00.690
5031,15.408241,-94.66543,-24.296,810.1,343.7,-7025.9,676.5,1047.1,10078.8,1.872,0,0,279,208,-9.0,0.346,1,2018-01-23 09:30:42.330
5032,15.394078,-94.504582,-8.109,18076.7,-1223.4,-23214.3,1204.5,845.8,1359.1,0.826,0,0,7,5,-9.0,0.355,1,2018-01-23 09:33:00.530
5033,16.598003,-94.713704,-10.401,-353.4,1630.8,-762.3,846.2,853.8,2352.1,1.546,0,0,8,8,-9.0,0.219,15,2018-01-23 10:41:00.790
5034,15.010971,-94.193197,-45.354,51550.0,-43614.9,14030.8,890.5,928.6,2648.8,1.998,0,0,59,37,-9.0,0.241,1,2018-01-23 11:00:22.500
5035,16.337515,-95.439225,-30.015,-4794.4,-2792.6,-590.4,10302.1,9733.5,22082.5,1.738,0,0,5,3,-9.0,1.048,41,2018-01-23 11:30:57.120
5036,16.146546,-95.192464,-29.914,-1767.4,-10866.3,20423.4,1084.9,1376.1,1011.7,1.552,0,0,3,3,-9.0,0.127,2,2018-01-23 11:52:25.730
5037,15.772461,-94.914282,-23.144,28004.6,-52262.8,13653.9,966.4,1069.5,1342.9,1.915,0,0,9,15,-9.0,0.281,2,2018-01-23 12:05:14.960
5038,15.474603,-94.664754,-34.971,882.3,7686.9,3647.7,1248.5,1155.5,3108.2,1.93,0,0,304,290,-9.0,0.289,1,2018-01-23 12:35:34.780
5039,15.386446,-94.71932,-23.823,-4975.3,-2067.9,-7500.2,894.9,637.0,923.1,2.848,0,0,226,172,-9.0,0.237,1,2018-01-23 13:42:25.000
5040,15.122249,-93.863826,-30.306,-12326.9,3513.1,672.2,588.4,556.5,948.2,2.658,0,0,9,9,-9.0,0.177,9,2018-01-23 13:47:05.730
5041,15.066292,-93.629207,-28.842,12895.7,-2678.6,-791.8,196.4,296.2,761.6,2.254,0,0,7,8,-9.0,0.158,9,2018-01-23 18:02:34.160
5042,15.260259,-94.629313,-45.917,4688.2,-16030.7,14593.9,1307.4,1032.9,1717.4,3.364,0,0,135,89,-9.0,0.307,1,2018-01-23 20:52:58.960
5043,16.074705,-97.146305,-22.99,3754.5,-1509.7,-2984.9,1575.4,1257.0,1021.0,1.352,0,0,5,4,-9.0,0.251,30,2018-01-24 01:34:10.310
5044,15.663452,-94.709163,-32.301,-3882.6,28583.3,977.9,1830.7,1071.3,1518.4,3.045,0,0,29,31,-9.0,0.303,1,2018-01-24 02:41:08.670
5045,16.318378,-94.989469,-9.739,19930.6,8148.6,249.0,864.6,1054.8,1070.1,1.712,0,0,26,42,-9.0,0.272,2,2018-01-24 02:44:11.110
5046,16.931461,-94.875928,-110.591,-2538.2,-2937.0,-1614.0,6092.1,6672.6,5230.1,1.963,0,0,8,9,-9.0,0.579,42,2018-01-24 03:58:46.130
5047,15.466596,-94.713411,-39.715,-4340.1,6800.9,8391.9,1158.4,762.2,9559.6,2.283,0,0,538,281,-9.0,0.283,1,2018-01-24 05:13:41.590
5048,15.494449,-94.711133,-45.952,-4095.4,9882.9,14629.0,1040.6,725.5,1282.2,1.564,0,0,332,229,-9.0,0.254,1,2018-01-24 05:19:36.220
5049,15.521209,-94.613615,-10.858,6370.3,12843.9,-20465.1,2900.2,2341.6,2979.9,1.352,0,0,4,7,-9.0,0.277,1,2018-01-24 05:31:28.010
5050,16.266094,-95.157813,-4.63,1937.1,2362.8,-4860.6,321.9,345.9,578.7,1.557,0,0,95,120,-9.0,0.195,2,2018-01-24 05:48:46.610
5051,16.679792,-94.903507,-6.67,-1933.5,-117.2,398.9,591.8,345.4,1033.4,1.145,0,0,9,11,-9.0,0.183,6,2018-01-24 06:56:15.430
5052,15.502472,-94.766797,-56.056,-10068.9,10770.6,24733.1,1175.0,975.2,1146.4,2.214,0,0,322,322,-9.0,0.228,1,2018-01-24 06:58:07.410
5053,16.434647,-95.193709,-10.836,-1899.5,21014.9,1345.9,632.5,759.5,870.5,1.866,0,0,31,39,-9.0,0.307,2,2018-01-24 09:40:55.510
5054,16.461198,-95.107104,-1.688,7354.6,23953.1,-7802.4,330.5,752.1,349.8,1.727,0,0,60,84,-9.0,0.209,2,2018-01-24 10:10:22.690
5055,15.576805,-95.109774,-21.337,-46869.0,18995.7,-9985.9,1440.8,1818.8,2139.1,1.761,0,0,7,3,-9.0,0.148,1,2018-01-24 10:11:45.770
5056,16.262563,-95.136784,-6.009,4185.5,1972.1,-3481.5,457.6,451.7,768.9,1.99,0,0,96,102,-9.0,0.186,2,2018-01-24 10:13:35.830
5057,15.428395,-94.69078,-31.22,-1911.5,2573.8,-103.0,1036.8,1123.5,1611.2,1.605,0,0,222,204,-9.0,0.344,1,2018-01-24 10:16:04.470
5058,16.296548,-95.092057,-12.441,8965.8,5733.0,2950.8,778.1,731.1,707.3,1.844,0,0,25,30,-9.0,0.276,2,2018-01-24 10:23:45.800
5059,15.393891,-94.642977,-34.222,3220.5,-1244.1,2898.3,584.3,912.9,1831.7,1.685,0,0,195,227,-9.0,0.362,1,2018-01-25 01:04:38.420
5060,15.480923,-94.659359,-28.544,1461.0,8386.2,-2779.4,824.9,1038.1,2056.5,1.912,0,0,159,156,-9.0,0.272,1,2018-01-25 01:40:02.440
5061,15.385315,-94.533903,-45.011,14929.5,-2193.1,13688.2,1297.9,886.1,1535.8,2.022,0,0,64,53,-9.0,0.374,1,2018-01-25 02:12:43.350
5062,15.452129,-94.782235,-40.871,-11727.4,5200.1,9547.5,760.4,1093.5,2594.6,1.798,0,0,399,225,-9.0,0.249,1,2018-01-25 02:30:28.490
5063,15.499018,-94.747298,-46.283,-7976.9,10388.5,14959.9,985.4,805.8,1279.4,2.164,0,0,277,221,-9.0,0.21,1,2018-01-25 05:45:57.970
5064,15.429978,-94.74318,-32.96,-7535.8,2749.1,1637.2,1123.9,474.8,956.8,2.056,0,0,405,318,-9.0,0.247,1,2018-01-25 05:54:09.510
5065,15.375836,-94.682609,-47.05,-1034.1,-3241.9,15726.9,806.5,970.5,1347.5,1.986,0,0,317,241,-9.0,0.24,1,2018-01-25 06:35:01.660
5066,15.268679,-94.542822,-16.33,13975.3,-15099.0,-14993.7,759.6,845.1,873.8,2.313,0,0,63,51,-9.0,0.206,1,2018-01-25 08:51:26.580
5067,15.249429,-94.552547,-28.482,12931.7,-17229.0,-2841.1,878.5,683.8,1127.3,1.784,0,0,120,72,-9.0,0.244,1,2018-01-25 08:58:36.920
5068,16.500729,-95.082951,-7.471,9933.8,28327.7,-2019.1,404.7,332.5,543.3,1.836,0,0,83,108,-9.0,0.133,2,2018-01-25 09:00:14.830
5069,15.466951,-94.762215,-21.722,-9578.4,6840.2,-9601.1,1125.9,1025.7,1229.7,2.446,0,0,192,133,-9.0,0.244,1,2018-01-25 09:40:42.870
5070,15.325739,-94.720142,-31.808,-5064.2,-8785.3,484.7,1234.9,1335.6,1575.6,1.966,0,0,124,69,-9.0,0.279,1,2018-01-25 10:27:24.170
5071,16.679198,-94.900008,-7.206,-1560.2,-183.0,935.1,302.8,257.5,2431.6,1.72,0,0,17,18,-9.0,0.255,6,2018-01-25 10:32:56.850
5072,16.257183,-95.282837,-7.638,-11427.8,1376.7,-1852.5,780.9,555.9,753.3,2.033,0,0,127,80,-9.0,0.246,2,2018-01-25 10:38:52.510
5073,15.459809,-94.649821,-36.414,2485.2,6049.9,5091.1,847.9,624.4,4629.3,3.637,0,0,500,375,-9.0,0.243,1,2018-01-25 11:32:15.790
5074,15.685121,-95.054606,-26.993,-40939.5,30981.1,-4330.5,1422.1,1426.5,1898.8,2.37,0,0,30,16,-9.0,0.195,1,2018-01-25 12:29:12.180
5075,16.358761,-95.034774,-28.164,15086.2,12617.4,18673.2,2254.1,2630.5,3853.8,2.229,0,0,1,1,-9.0,0.031,2,2018-01-25 12:59:04.700
5076,16.500625,-95.090771,-12.636,9098.6,28316.1,3145.2,560.9,609.0,1011.0,1.995,0,0,67,94,-9.0,0.147,2,2018-01-25 13:02:45.430
5077,16.180871,-95.382699,-4.383,-22106.8,-7068.1,-5107.8,732.2,927.4,742.4,1.544,0,0,53,63,-9.0,0.296,2,2018-01-25 17:28:26.320
5078,16.241875,-95.19991,-7.637,-2563.3,-317.2,-1853.1,1016.0,755.9,717.3,2.562,0,0,95,62,-9.0,0.313,2,2018-01-25 18:19:24.700
5079,16.216004,-95.268481,-10.398,-9893.9,-3180.1,907.4,591.4,609.3,548.9,1.993,0,0,128,136,-9.0,0.188,2,2018-01-25 18:55:12.800
5080,16.243253,-95.226424,-8.346,-5397.2,-164.8,-1144.4,697.0,734.3,700.1,1.944,0,0,128,105,-9.0,0.277,2,2018-01-25 19:40:35.660
5081,15.463052,-94.705037,-76.385,-3441.9,6408.7,45061.7,2183.8,1910.6,1905.4,2.174,0,0,8,13,-9.0,0.345,1,2018-01-25 22:41:02.040
5082,15.376473,-94.683675,-26.449,-1148.8,-3171.4,-4873.8,731.5,831.2,1306.0,1.818,0,0,161,123,-9.0,0.282,1,2018-01-25 23:38:07.100
5083,16.507708,-98.709489,-25.934,-1109.1,-1692.1,4044.4,5761.1,4776.8,8741.0,1.194,0,0,4,4,-9.0,0.798,28,2018-01-25 23:41:04.680
5084,15.437441,-94.754606,-43.631,-8762.5,3574.8,12307.8,1093.7,1150.7,1889.4,1.588,0,0,234,194,-9.0,0.269,1,2018-01-25 23:44:59.100
5085,15.579533,-94.868864,-35.528,-21019.4,19297.6,4205.2,896.1,1237.7,2895.9,2.148,0,0,155,102,-9.0,0.28,1,2018-01-26 00:29:28.080
5086,16.059605,-95.414095,-47.065,-5110.8,4221.3,1651.0,1951.8,2445.7,3781.9,1.824,0,0,31,25,-9.0,0.553,4,2018-01-26 01:05:18.350
5087,15.048703,-94.350374,-47.097,34658.3,-39439.8,15774.2,882.4,1228.4,3195.0,2.434,0,0,113,76,-9.0,0.273,1,2018-01-26 01:43:19.340
5088,16.298819,-94.249715,-5.128,2209.4,-2160.2,472.1,149.2,268.4,274.8,0.904,0,0,12,9,-9.0,0.096,12,2018-01-26 03:46:21.530
5089,15.427064,-94.493441,-49.235,19271.4,2426.6,17911.7,1366.0,1116.1,2414.8,1.952,0,0,21,18,-9.0,0.242,1,2018-01-26 04:04:51.330
5090,15.158416,-94.482642,-34.987,20442.8,-27299.9,3663.8,1369.0,1006.6,2381.5,1.775,0,0,92,52,-9.0,0.254,1,2018-01-26 04:09:08.380
5091,16.074378,-95.379517,-52.821,-1410.5,5856.0,7406.6,2850.7,2693.0,3726.4,1.575,0,0,16,18,-9.0,0.461,4,2018-01-26 04:35:00.420
5092,16.138266,-95.03951,-4.451,14588.6,-11782.6,-5039.9,1158.0,2086.8,2422.9,2.062,0,0,6,7,-9.0,0.308,2,2018-01-26 04:41:10.950
5093,16.274597,-95.146159,-11.248,3182.8,3303.8,1757.6,593.7,872.8,374.9,1.475,0,0,67,61,-9.0,0.275,2,2018-01-26 05:28:15.020
5094,15.93021,-95.04388,-18.454,14128.7,-34806.2,8963.8,581.5,848.8,981.2,1.999,0,0,13,12,-9.0,0.193,2,2018-01-26 05:33:52.070
5095,15.58274,-94.921159,-33.871,-26630.1,19652.5,2548.1,1383.9,1533.1,4036.5,1.531,0,0,75,116,-9.0,0.286,1,2018-01-26 05:57:49.420
5096,16.381834,-95.610116,-0.06,-6587.8,13250.3,-13284.2,934.2,1170.3,912.9,1.692,0,0,21,30,-9.0,0.305,3,2018-01-26 06:00:33.330
5097,16.233212,-95.245085,-5.387,-7392.6,-1275.9,-4103.3,184.5,437.1,631.5,1.257,0,0,154,171,-9.0,0.186,2,2018-01-26 09:30:36.450
5098,16.302879,-95.576522,-5.411,-2998.4,4513.0,-7932.6,1143.4,2655.0,2490.6,1.143,0,0,26,19,-9.0,0.495,3,2018-01-26 10:25:44.020
5099,16.231634,-95.250586,-5.326,-7980.8,-1450.6,-4164.6,269.8,325.8,552.9,1.264,0,0,152,167,-9.0,0.143,2,2018-01-26 10:44:39.010
5100,16.130192,-95.355583,-56.417,1150.4,12032.3,11003.3,2098.2,2082.8,3695.5,1.304,0,0,7,8,-9.0,0.469,4,2018-01-26 11:16:29.010
5101,16.402064,-95.604134,-0.325,-5948.1,15488.9,-13018.5,1703.0,2641.3,999.4,1.686,0,0,29,32,-9.0,0.385,3,2018-01-26 11:35:30.850
5102,16.319317,-94.273014,-6.074,-280.8,108.0,1418.1,124.9,312.2,409.1,1.357,0,0,11,9,-9.0,0.117,12,2018-01-26 14:08:34.220
5103,15.425292,-94.973771,-30.19,-32287.6,2230.5,-1133.3,1982.0,2843.3,3461.6,1.462,0,0,11,8,-9.0,0.318,1,2018-01-26 17:35:03.200
5104,15.446733,-94.632381,-44.709,4356.9,4603.0,13385.7,640.3,896.9,2426.7,1.808,0,0,199,197,-9.0,0.291,1,2018-01-26 18:51:43.080
5105,15.536135,-94.732039,-31.953,-6338.9,14495.5,629.6,759.2,674.3,769.0,2.313,0,0,243,264,-9.0,0.231,1,2018-01-26 19:02:41.520
5106,15.463749,-94.785539,-29.253,-12081.3,6485.9,-2070.6,1357.1,1395.0,2639.3,2.577,0,0,263,192,-9.0,0.312,1,2018-01-26 21:22:38.040
5107,15.137715,-94.442244,-30.371,24783.1,-29590.5,-952.4,840.0,1109.2,1889.6,2.083,0,0,78,60,-9.0,0.249,1,2018-01-26 22:02:13.980
5108,16.360206,-98.525,-9.641,-2885.0,-2267.7,300.5,139.1,179.7,197.5,2.15,0,0,3,3,-9.0,0.067,45,2018-01-27 00:02:10.810
5109,16.314941,-95.207463,-2.394,-3370.1,7768.3,-7096.2,250.3,283.9,392.5,1.367,0,0,108,112,-9.0,0.162,2,2018-01-27 01:45:44.580
5110,16.629361,-94.91971,-11.404,-3661.8,-5698.2,5133.2,263.3,1100.3,791.3,1.846,0,0,12,12,-9.0,0.336,6,2018-01-27 02:07:53.690
5111,15.437744,-94.66512,-37.779,843.3,3608.3,6455.7,591.8,737.2,2604.9,2.131,0,0,332,297,-9.0,0.257,1,2018-01-27 03:05:40.740
5112,15.091558,-94.369979,-18.528,32549.1,-34697.8,-12795.0,1330.5,1038.2,1143.2,2.147,0,0,42,18,-9.0,0.247,1,2018-01-27 03:46:55.730
5113,16.281146,-95.052384,-12.81,13206.5,4028.5,3319.9,643.7,835.1,610.5,1.785,0,0,41,42,-9.0,0.323,2,2018-01-27 08:24:07.780
5114,16.479539,-94.924015,-15.368,-3318.5,-1714.7,-3532.0,5179.9,7988.1,5573.3,1.339,0,0,4,7,-9.0,0.902,14,2018-01-27 08:51:14.920
5115,15.499891,-94.653483,-28.209,2091.4,10485.0,-3114.1,1290.3,772.0,1373.0,2.548,0,0,178,112,-9.0,0.27,1,2018-01-27 09:01:35.400
5116,16.018848,-95.210758,-6.959,-3724.8,-24997.6,-2531.3,398.2,365.6,685.3,1.963,0,0,87,61,-9.0,0.182,2,2018-01-27 09:35:05.510
5117,15.376545,-94.556136,-7.736,12542.8,-3163.4,-23587.5,1290.2,922.9,1489.2,1.612,0,0,3,3,-9.0,0.164,1,2018-01-27 09:44:13.770
5118,16.401193,-98.470996,-9.039,2884.0,2268.0,-300.6,135.8,197.1,189.7,1.263,0,0,3,3,-9.0,0.067,45,2018-01-27 10:50:36.010
5119,15.372561,-94.537565,-32.81,14537.0,-3604.3,1486.8,1055.9,703.9,2979.3,1.45,0,0,72,57,-9.0,0.288,1,2018-01-27 11:00:32.310
5120,15.485068,-94.724447,-42.685,-5524.6,8844.9,11362.1,809.8,857.6,1596.2,1.606,0,0,351,249,-9.0,0.234,1,2018-01-27 11:22:58.070
5121,15.392463,-94.738452,-32.748,-7028.8,-1402.0,1425.0,709.1,1041.3,915.3,2.237,0,0,317,172,-9.0,0.291,1,2018-01-27 16:39:38.090
5122,15.422389,-94.768953,-31.733,-10302.6,1909.2,410.0,838.6,854.3,945.0,1.717,0,0,287,188,-9.0,0.255,1,2018-01-27 18:29:12.080
5123,15.567386,-94.97688,-37.417,-32610.2,17953.5,6094.0,1317.5,1469.8,5809.5,1.641,0,0,48,49,-9.0,0.252,1,2018-01-27 21:00:33.080
5124,15.894294,-97.100993,-34.83,-2612.8,-4255.4,-2390.1,446.9,688.9,885.5,1.092,0,0,3,4,-9.0,0.106,26,2018-01-28 01:51:42.010
5125,16.101994,-97.216496,-28.96,-3755.3,1509.9,2985.2,1565.2,1305.4,801.1,1.393,0,0,5,4,-9.0,0.251,30,2018-01-28 03:10:17.530
5126,16.538292,-98.688713,-17.848,1108.3,1692.4,-4042.1,5616.9,4742.1,5613.1,1.598,0,0,4,4,-9.0,0.798,28,2018-01-28 03:30:11.230
5127,15.426676,-94.700521,-6.216,-2957.2,2383.7,-25107.2,2323.7,2689.6,3093.9,0.868,0,0,4,4,-9.0,0.161,1,2018-01-28 04:46:36.130
5128,15.590409,-94.906502,-33.837,-25057.0,20501.1,2514.2,822.8,1024.0,1876.7,2.711,0,0,179,117,-9.0,0.276,1,2018-01-28 04:50:50.670
5129,15.533472,-94.864941,-33.872,-20600.7,14200.8,2549.0,1062.1,1353.0,2881.4,2.164,0,0,208,126,-9.0,0.295,1,2018-01-28 05:21:34.860
5130,16.150659,-95.260042,-4.659,-8993.0,-10411.3,-4831.9,643.6,568.5,849.1,1.393,0,0,114,136,-9.0,0.169,2,2018-01-28 05:25:42.040
5131,16.254352,-95.229386,-6.864,-5713.8,1063.4,-2626.7,281.9,232.1,335.3,1.71,0,0,143,154,-9.0,0.14,2,2018-01-28 05:27:21.230
5132,15.632115,-94.904948,-29.796,-24887.5,25115.9,-1527.2,1517.0,932.6,2055.8,2.078,0,0,86,80,-9.0,0.284,1,2018-01-28 05:47:04.200
5133,15.621159,-94.885099,-31.275,-22759.4,23903.5,-48.4,804.1,947.8,1449.8,2.197,0,0,183,140,-9.0,0.282,1,2018-01-28 07:43:56.390
5134,16.164887,-95.061865,-1.39,12196.6,-8836.7,-8100.8,1070.2,1809.6,1190.7,1.827,0,0,14,13,-9.0,0.252,2,2018-01-28 10:02:02.490
5135,15.458276,-94.770215,-31.79,-10437.2,5880.3,466.5,889.0,1137.3,1969.4,1.371,0,0,272,248,-9.0,0.29,1,2018-01-28 10:41:21.210
5136,15.281915,-94.787581,-31.742,-12306.3,-13634.4,418.6,1847.0,1900.7,2465.6,1.726,0,0,15,10,-9.0,0.275,1,2018-01-28 14:22:09.580
5137,16.236365,-95.336678,-8.188,-17184.4,-927.0,-1302.3,555.1,755.9,1079.5,1.853,0,0,127,139,-9.0,0.212,2,2018-01-28 14:28:33.960
5138,16.634959,-94.63099,-0.032,-724.5,-805.0,-2094.4,4694.7,8778.2,7140.2,2.109,0,0,9,4,-9.0,0.479,21,2018-01-28 15:32:29.500
5139,15.80623,-94.841829,-29.642,35755.7,-48526.0,20151.9,719.7,772.4,1037.3,3.572,0,0,24,16,-9.0,0.248,2,2018-01-28 17:05:24.320
5140,15.465474,-94.651628,-30.552,2291.4,6676.7,-771.1,947.6,529.9,622.2,1.724,0,0,223,149,-9.0,0.273,1,2018-01-28 17:14:20.080
5141,16.280783,-95.067562,-9.976,11584.5,3988.3,485.6,507.7,618.2,612.9,1.678,0,0,19,25,-9.0,0.252,2,2018-01-28 18:14:06.040
5142,15.299066,-94.784334,-29.041,-11956.7,-11736.7,-2282.4,1585.0,2052.9,2499.2,1.847,0,0,15,14,-9.0,0.311,1,2018-01-28 19:22:15.380
5143,15.429776,-94.634928,-32.595,4083.7,2726.7,1271.8,610.5,884.2,979.2,1.547,0,0,231,203,-9.0,0.291,1,2018-01-28 20:14:53.920
5144,15.482194,-94.704598,-30.587,-3394.4,8526.9,-736.3,463.9,643.2,1804.0,2.341,0,0,403,342,-9.0,0.288,1,2018-01-28 21:09:13.880
5145,16.357555,-94.912354,-18.852,28169.7,12483.9,9361.3,1803.1,1305.4,2266.3,1.816,0,0,13,8,-9.0,0.293,2,2018-01-28 21:18:28.120
5146,16.025352,-95.214608,-5.926,-4136.7,-24277.8,-3564.6,329.0,311.7,758.6,1.914,0,0,92,63,-9.0,0.173,2,2018-01-29 01:30:12.140
5147,15.623987,-94.822461,-15.367,-16038.7,24216.4,-15956.1,1286.0,1379.1,1612.5,2.728,0,0,26,18,-9.0,0.313,1,2018-01-29 01:59:00.220
5148,15.393929,-94.781974,-29.902,-11701.1,-1239.8,-1421.1,1003.6,1352.2,1033.3,1.432,0,0,210,161,-9.0,0.274,1,2018-01-29 03:14:36.980
5149,15.60462,-94.763289,-21.796,-9690.8,22073.6,-9527.5,1640.9,1308.2,1597.9,1.784,0,0,24,33,-9.0,0.343,1,2018-01-29 03:17:02.650
5150,15.294947,-94.646533,-29.415,2839.2,-12192.4,-1908.6,1081.7,1402.1,1397.3,1.742,0,0,80,114,-9.0,0.287,1,2018-01-29 05:09:24.780
5151,17.559772,-94.5663,-78.034,6886.4,-4035.4,3337.5,5230.0,6290.0,9702.8,1.935,0,0,7,7,-9.0,1.258,16,2018-01-29 05:27:14.650
5152,15.546874,-94.644735,-17.285,3030.3,15683.8,-14038.4,1739.7,1764.3,1868.2,1.348,0,0,16,16,-9.0,0.263,1,2018-01-29 05:29:56.660
5153,16.46951,-95.166667,-5.808,990.1,24873.0,-3682.3,350.6,295.5,1289.6,1.481,0,0,92,102,-9.0,0.143,2,2018-01-29 05:40:00.770
5154,15.495714,-94.759961,-36.561,-9336.0,10022.9,5237.7,610.0,1048.0,5441.6,2.072,0,0,348,344,-9.0,0.279,1,2018-01-29 06:22:46.980
5155,15.240232,-94.250212,-31.532,45399.6,-18246.7,208.4,1340.5,1072.9,1642.0,2.175,0,0,19,24,-9.0,0.283,1,2018-01-29 06:35:19.200
5156,15.160923,-94.488851,-35.928,19776.1,-27022.3,4605.1,885.9,1127.2,2142.4,1.862,0,0,94,70,-9.0,0.241,1,2018-01-29 07:07:13.230
5157,15.461351,-94.751595,-32.118,-8438.6,6220.5,794.8,1145.1,481.4,713.0,1.596,0,0,491,358,-9.0,0.248,1,2018-01-29 07:24:47.160
5158,16.252921,-95.234017,-5.182,-6208.5,905.1,-4308.4,309.9,548.6,904.1,1.568,0,0,163,165,-9.0,0.184,2,2018-01-29 07:35:10.020
5159,15.247223,-94.587288,-20.649,9201.3,-17473.2,-10673.8,832.8,961.2,1075.5,1.68,0,0,84,54,-9.0,0.205,1,2018-01-29 09:14:19.790
5160,16.46933,-95.054932,-4.68,12928.5,24853.0,-4810.5,410.1,423.7,593.1,1.616,0,0,83,93,-9.0,0.156,2,2018-01-29 09:15:53.790
5161,16.623529,-94.629313,-4.059,-545.5,-2069.9,1932.5,8081.9,7933.3,9355.6,2.875,0,0,5,2,-9.0,0.264,21,2018-01-29 09:50:16.310
5162,16.031024,-95.164543,-30.0,4078.5,-2902.2,-0.0,17555.5,15659.0,14963.6,1.039,0,0,1,4,-9.0,1.274,43,2018-01-29 10:03:00.540
5163,16.083469,-95.240763,-30.0,-4077.5,2901.2,0.3,17148.6,16963.8,14052.8,0.78,0,0,1,4,-9.0,1.274,43,2018-01-29 10:03:32.250
5164,15.552909,-94.315039,-24.095,-2988.6,-1736.1,-387.7,1689.2,2726.5,4206.2,2.122,0,0,16,14,-9.0,0.452,13,2018-01-29 10:23:12.900
5165,15.434694,-94.639608,-31.884,3581.6,3270.9,560.8,676.5,989.4,1180.1,2.019,0,0,178,236,-9.0,0.308,1,2018-01-29 12:05:17.310
5166,16.169412,-95.201945,-2.228,-2781.2,-8336.1,-7262.7,571.1,1114.2,722.4,2.387,0,0,29,16,-9.0,0.239,2,2018-01-29 14:38:38.520
5167,15.328312,-94.680094,-43.272,-764.9,-8500.5,11948.9,1053.6,649.1,1509.0,2.52,0,0,161,155,-9.0,0.262,1,2018-01-29 15:19:00.460
5168,15.212617,-94.261255,-34.874,44216.0,-21302.4,3550.4,1784.7,1213.2,4721.0,2.137,0,0,26,23,-9.0,0.268,1,2018-01-29 18:20:27.200
5169,17.027642,-94.808032,-49.363,517.8,-4953.3,-3067.2,59724.4,121562.1,171148.9,2.0,0,0,3,4,-9.0,2.385,39,2018-01-29 19:59:52.920
5170,15.041523,-94.361353,-28.601,33480.1,-40234.2,-2722.0,1048.9,844.1,1433.1,2.192,0,0,74,46,-9.0,0.252,1,2018-01-29 20:45:26.480
5171,16.293221,-95.60988,-8.348,-6563.7,3444.3,-4996.2,1534.3,1040.4,2625.7,1.357,0,0,8,9,-9.0,0.644,3,2018-01-30 05:03:57.460
5172,15.402443,-94.6868,-23.831,-1484.5,-297.7,-7492.5,898.7,904.1,1025.2,1.787,0,0,270,223,-9.0,0.25,1,2018-01-30 05:05:05.840
5173,15.034721,-94.270231,-21.03,43270.3,-40987.0,-10293.2,956.9,1098.1,1522.9,3.079,0,0,46,23,-9.0,0.206,1,2018-01-30 07:09:25.370
5174,16.375226,-95.081616,-11.272,10079.6,14439.4,1781.0,604.1,794.7,946.0,1.865,0,0,42,47,-9.0,0.267,2,2018-01-30 07:39:26.000
5175,15.464522,-94.746484,-19.826,-7889.7,6571.4,-11497.3,1160.0,849.1,1124.9,1.92,0,0,143,125,-9.0,0.254,1,2018-01-30 07:57:47.350
5176,15.27091,-94.513045,-43.872,17173.2,-14852.2,12548.4,1110.4,1100.1,2965.0,1.74,0,0,62,60,-9.0,0.266,1,2018-01-30 11:06:58.610
5177,16.096403,-95.345345,-0.523,-18117.5,-16415.3,-8967.2,710.0,1150.8,670.1,1.772,0,0,10,13,-9.0,0.276,2,2018-01-30 18:41:55.800
5178,15.804849,-94.841797,-28.639,35759.5,-48678.7,19148.5,740.0,812.4,1044.8,2.996,0,0,23,18,-9.0,0.273,2,2018-01-30 20:50:17.600
5179,16.167999,-97.549194,-12.164,2820.8,2803.2,340.7,186.4,87.0,316.3,1.633,0,0,16,15,-9.0,0.119,8,2018-01-30 22:26:03.800
5180,16.125297,-97.594206,-8.597,-1993.2,-1922.2,-3225.9,138.4,139.0,422.6,1.166,0,0,19,19,-9.0,0.093,8,2018-01-30 22:54:23.600
5181,16.223307,-97.311206,-19.731,-187.9,885.9,-2733.7,1096.2,951.3,1341.1,1.898,0,0,5,3,-9.0,0.118,34,2018-01-31 00:28:49.650
5182,15.397414,-94.707178,-30.771,-3671.5,-854.2,-552.1,538.1,980.2,1135.1,2.626,0,0,360,335,-9.0,0.293,1,2018-01-31 00:47:49.350
5183,15.377261,-94.610229,-32.777,6735.9,-3084.1,1453.3,609.7,1121.8,1575.6,2.171,0,0,314,258,-9.0,0.334,1,2018-01-31 02:06:58.360
5184,14.943679,-94.096842,-22.906,61911.9,-51060.9,-8416.9,2594.8,3165.0,4263.3,2.18,0,0,4,3,-9.0,0.094,1,2018-01-31 02:55:46.800
5185,16.12406,-95.018229,-0.624,16864.4,-13354.7,-8866.0,520.2,1285.5,1034.5,1.782,0,0,6,8,-9.0,0.236,2,2018-01-31 04:28:53.820
5186,15.721498,-95.027295,-43.46,-38006.1,35006.2,12137.2,947.0,1432.2,2274.7,1.759,0,0,13,10,-9.0,0.237,1,2018-01-31 05:02:36.050
5187,16.6245,-95.617301,-0.02,79.6,3032.3,-2924.8,2709.4,1804.1,1944.2,1.057,0,0,3,4,-9.0,0.325,38,2018-01-31 05:05:03.540
5188,15.43375,-95.051424,-45.183,-40622.4,3166.4,13860.2,2671.0,4063.6,9793.5,2.633,0,0,10,4,-9.0,0.151,1,2018-01-31 07:32:18.040
5189,15.470661,-94.757731,-32.907,-9096.9,7250.7,1584.1,967.5,1055.1,1578.4,1.771,0,0,229,352,-9.0,0.342,1,2018-01-31 07:42:37.540
5190,16.122967,-95.238916,-2.963,-6735.1,-13475.7,-6527.6,582.7,510.7,572.0,1.05,0,0,39,45,-9.0,0.151,2,2018-01-31 08:33:50.510
5191,16.5004,-95.06416,-7.416,11941.8,28291.2,-2074.9,493.6,523.1,904.4,1.653,0,0,63,96,-9.0,0.244,2,2018-01-31 09:11:10.900
5192,16.425792,-95.176506,-0.67,-60.5,20035.1,-8821.0,757.4,643.4,849.1,1.467,0,0,31,50,-9.0,0.274,2,2018-01-31 10:37:26.850
5193,16.356619,-95.052441,-31.588,13198.4,12380.4,22097.8,3215.7,6951.8,5510.8,2.087,0,0,1,0,-9.0,0.015,2,2018-01-31 10:44:38.940
5194,16.152053,-95.195443,-1.713,-2086.0,-10257.0,-7777.6,802.5,1591.7,960.1,1.729,0,0,13,7,-9.0,0.231,2,2018-01-31 10:58:18.380
5195,15.739093,-95.026432,-25.561,-37912.3,36953.2,-5762.3,2267.3,1908.9,1754.4,1.733,0,0,10,11,-9.0,0.387,1,2018-01-31 11:07:32.250
5196,16.241874,-95.483618,-17.37,6932.4,-2237.8,4026.6,1628.8,1872.0,2438.7,1.332,0,0,14,17,-9.0,0.562,3,2018-01-31 17:53:23.280
5197,15.31597,-94.567529,-31.049,11321.1,-9866.2,-274.7,995.2,765.2,1196.7,2.851,0,0,119,110,-9.0,0.271,1,2018-01-31 19:34:23.340
5198,16.102189,-97.653955,-11.077,-8384.4,-4479.3,-746.8,359.0,186.2,730.6,1.963,0,0,7,7,-9.0,0.112,8,2018-01-31 21:03:04.280
5199,15.440775,-94.649186,-19.946,6169.9,1955.9,-10402.0,1403.6,1111.9,1402.7,2.635,0,0,60,51,-9.0,0.354,1,2018-02-01 00:16:55.550
5200,15.485795,-94.816805,-16.975,-11819.7,6937.6,-13373.7,2451.1,1422.4,1443.3,2.006,0,0,59,37,-9.0,0.455,1,2018-02-01 00:22:43.180
5201,15.49348,-94.811149,-43.194,-11212.1,7788.0,12845.7,1517.3,1332.6,3553.2,2.398,0,0,266,139,-9.0,0.306,1,2018-02-01 02:41:12.160
5202,15.509292,-94.675138,-43.512,3384.0,9537.6,13163.8,1683.7,1278.3,2703.9,1.742,0,0,72,67,-9.0,0.324,1,2018-02-01 04:19:46.780
5203,16.589186,-95.008634,-18.696,19914.5,33550.3,8734.2,563.6,669.0,885.5,1.5,0,0,3,6,-9.0,0.171,2,2018-02-01 05:25:54.700
5204,15.098788,-94.375521,-16.869,35571.8,-35885.5,-13478.9,1708.7,1828.4,2018.2,1.665,0,0,24,6,-9.0,0.303,1,2018-02-01 07:11:36.680
5205,15.859373,-94.874715,-51.043,-18018.3,48274.8,20694.4,1501.2,1061.8,1583.5,1.918,0,0,24,20,-9.0,0.208,1,2018-02-01 07:43:39.620
5206,16.630339,-94.851351,-5.826,6083.6,-5771.7,-1937.4,505.7,346.5,3270.5,1.646,0,0,22,23,-9.0,0.128,4,2018-02-01 08:21:25.480
5207,15.512378,-94.736149,-19.554,-3163.5,9879.0,-10794.5,1927.1,1029.9,1336.3,2.774,0,0,116,58,-9.0,0.269,1,2018-02-01 08:42:49.960
5208,15.527036,-94.746151,-12.017,-4236.0,11501.0,-18331.0,3230.3,1864.9,2096.0,1.609,0,0,8,11,-9.0,0.444,1,2018-02-01 08:54:44.480
5209,16.244621,-98.042334,-10.415,-5759.7,-3741.7,-3803.4,453.3,581.1,564.5,0.915,0,0,282,171,-9.0,0.278,3,2018-02-01 09:10:47.790
5210,15.411245,-94.764624,-31.9,-6220.6,-1311.5,1551.9,801.7,1741.8,1829.5,1.87,0,0,206,102,-9.0,0.319,1,2018-02-01 11:15:12.230
5211,15.187832,-94.398543,-45.564,33092.3,-26032.7,15215.3,2698.8,2099.1,5737.2,2.311,0,0,32,7,-9.0,0.402,1,2018-02-01 14:30:07.290
5212,15.596482,-94.760156,-27.912,-5738.4,19185.4,-2436.4,1627.9,968.7,1338.9,2.797,0,0,151,125,-9.0,0.345,1,2018-02-01 14:39:13.180
5213,16.305769,-98.083944,-16.524,-10205.6,3025.0,2305.7,612.0,472.4,494.4,1.205,0,0,275,235,-9.0,0.206,3,2018-02-01 18:10:24.100
5214,15.404296,-94.168701,-43.351,-375.6,2882.0,891.4,984.0,766.2,1436.0,2.766,0,0,2,5,-9.0,0.134,33,2018-02-01 19:31:47.220
5215,15.393052,-94.755892,-30.538,-5283.1,-3324.6,189.2,1676.2,1179.8,1868.4,1.912,0,0,149,132,-9.0,0.369,1,2018-02-01 21:01:25.100
5216,15.441624,-94.76849,-39.928,-6634.5,2049.9,9580.1,1844.4,1285.5,3466.0,2.046,0,0,206,185,-9.0,0.388,1,2018-02-01 21:10:12.120
5217,15.415542,-94.77408,-31.453,-7234.9,-836.1,1104.9,780.8,805.0,1287.4,2.073,0,0,156,181,-9.0,0.38,1,2018-02-01 21:25:49.220
5218,15.416705,-94.745378,-31.917,-4154.1,-707.3,1568.8,1323.6,1847.5,2167.5,2.091,0,0,115,127,-9.0,0.365,1,2018-02-01 22:36:33.500
5219,15.080829,-94.522209,-34.248,19816.0,-37872.8,3899.4,2761.2,2822.2,7490.3,1.843,0,0,13,4,-9.0,0.204,1,2018-02-02 01:13:23.030
5220,16.547426,-94.963249,-13.106,24764.4,28929.2,3143.9,983.4,1353.5,1327.4,1.963,0,0,14,19,-9.0,0.214,2,2018-02-02 01:16:53.550
5221,15.346864,-94.68877,-23.021,1921.8,-8435.4,-7327.5,1837.6,1307.8,1571.6,2.869,0,0,156,107,-9.0,0.361,1,2018-02-02 01:56:23.520
5222,15.391057,-94.748958,-32.964,-4539.3,-3545.4,2615.6,2182.9,1186.0,1463.5,1.949,0,0,160,95,-9.0,0.388,1,2018-02-02 03:04:02.250
5223,15.051449,-94.380387,-13.8,35053.5,-41123.7,-16547.9,2886.9,3191.5,3368.0,2.283,0,0,11,2,-9.0,0.566,1,2018-02-02 03:38:38.880
5224,16.842307,-95.499023,-0.031,-790.7,-657.9,-4114.4,7204.3,7891.1,5533.9,2.0,0,0,3,6,-9.0,0.713,27,2018-02-02 03:49:23.920
5225,15.984313,-95.067497,-45.437,4817.2,1456.6,-3.0,781.2,2191.7,2437.7,3.237,0,0,3,3,-9.0,0.253,40,2018-02-02 03:58:57.500
5226,15.531372,-94.802751,-33.069,-10310.2,11980.8,2720.9,1485.9,1299.1,1521.0,2.116,0,0,211,190,-9.0,0.349,1,2018-02-02 04:22:10.260
5227,16.312578,-95.150773,-45.052,5642.9,2919.1,-4403.9,2551.8,2550.0,5862.4,1.74,0,0,5,6,-9.0,0.581,9,2018-02-02 04:31:36.020
5228,16.141997,-94.777702,-66.252,-3659.0,3026.2,2101.6,1142.8,2673.3,2182.0,1.811,0,0,3,3,-9.0,0.334,30,2018-02-02 06:01:22.360
5229,15.435298,-94.681942,-30.55,2654.7,1349.9,201.3,1300.8,1203.9,1958.9,1.741,0,0,200,202,-9.0,0.339,1,2018-02-02 06:20:39.470
5230,16.331434,-95.19056,-9.984,485.4,5027.3,21.8,679.6,786.6,888.0,0.919,0,0,4,10,-9.0,0.166,2,2018-02-02 07:28:46.070
5231,15.373548,-94.658537,-29.862,5167.8,-5482.8,-486.6,2274.2,1511.9,1751.8,0.889,0,0,95,60,-9.0,0.369,1,2018-02-02 07:30:07.790
5232,16.484024,-95.128573,-1.7,7106.9,21913.0,-8261.7,849.4,1064.3,1339.6,1.308,0,0,128,76,-9.0,0.17,2,2018-02-02 07:53:42.150
5233,15.467348,-94.757137,-43.105,-5416.4,4896.4,12756.4,1380.3,1499.2,2707.3,1.839,0,0,161,162,-9.0,0.315,1,2018-02-02 08:57:13.910
5234,15.260807,-94.777775,-27.149,-7635.1,-17957.8,-3199.6,2194.6,1825.1,1419.9,1.775,0,0,86,68,-9.0,0.296,1,2018-02-02 09:07:40.560
5235,16.274513,-95.094157,-7.618,10789.0,-1271.7,-2344.2,427.9,542.9,1134.3,1.354,0,0,43,44,-9.0,0.185,2,2018-02-02 10:38:56.820
5236,16.032241,-95.224202,-7.48,-3112.4,-28081.7,-2482.4,312.1,346.7,316.2,1.261,0,0,124,96,-9.0,0.173,2,2018-02-02 11:05:00.700
5237,15.589537,-94.881535,-30.409,-18761.8,18416.8,60.5,990.2,1312.5,2021.7,1.954,0,0,70,51,-9.0,0.294,1,2018-02-02 16:18:42.460
5238,16.580204,-98.419482,-16.202,6589.1,1686.9,1034.4,1002.9,1053.1,1237.0,1.409,0,0,11,7,-9.0,0.238,8,2018-02-02 21:37:46.360
5239,15.478306,-94.802881,-23.962,-10324.9,6108.9,-6386.0,1401.5,1347.1,1643.7,2.007,0,0,179,130,-9.0,0.324,1,2018-02-02 22:09:08.280
5240,16.333983,-95.139347,-26.58,5958.3,5309.4,16618.1,686.7,352.2,1303.6,1.471,0,0,15,16,-9.0,0.193,2,2018-02-02 23:41:43.560
5241,15.312842,-94.3986,-32.81,33075.7,-12200.1,2462.2,1311.9,1310.2,1982.0,1.988,0,0,23,20,-9.0,0.312,1,2018-02-02 23:52:05.920
5242,16.159175,-95.382674,-33.754,563.1,774.9,-11354.6,1150.9,1118.1,3972.2,1.03,0,0,6,10,-9.0,0.283,5,2018-02-03 03:13:25.520
5243,16.198477,-95.38221,-42.897,612.5,5124.1,-2211.2,569.8,847.0,1201.5,1.386,0,0,12,14,-9.0,0.25,5,2018-02-03 03:16:01.550
5244,16.092069,-95.18269,-9.312,1326.7,-21461.1,-649.5,394.6,535.2,817.8,1.98,0,0,47,61,-9.0,0.318,2,2018-02-03 04:30:15.910
5245,16.490444,-95.190446,-4.914,497.1,22623.4,-5048.3,405.5,339.2,669.4,1.905,0,0,139,161,-9.0,0.2,2,2018-02-03 04:38:19.280
5246,16.225813,-95.584294,-61.584,155.4,660.0,-2264.0,775.8,867.0,1056.4,1.128,0,0,16,14,-9.0,0.233,12,2018-02-03 05:27:43.110
5247,16.414256,-95.711523,-11.469,-4600.9,6608.2,-2934.9,2193.1,2809.3,1771.6,0.961,0,0,4,5,-9.0,0.255,10,2018-02-03 05:29:53.840
5248,15.255391,-94.559871,-29.272,15763.2,-18557.1,-1076.4,1482.4,1350.6,1290.4,2.133,0,0,91,88,-9.0,0.318,1,2018-02-03 06:12:12.200
5249,16.116292,-94.97981,-5.975,6005.5,-2183.6,-522.5,1958.8,1335.1,2747.1,1.644,0,0,7,7,-9.0,0.326,11,2018-02-03 06:37:20.110
5250,15.608082,-94.882121,-29.93,-18823.4,20468.9,-418.4,1039.7,1328.4,2214.3,1.724,0,0,64,62,-9.0,0.4,1,2018-02-03 07:18:29.010
5251,15.430193,-94.599723,-20.821,11479.3,785.1,-9527.0,1994.1,1313.1,1865.9,1.793,0,0,49,37,-9.0,0.25,1,2018-02-03 08:32:16.610
5252,16.233238,-95.598454,-65.507,-1358.5,1481.6,1659.7,1010.9,1218.0,1301.8,1.42,0,0,17,12,-9.0,0.244,12,2018-02-03 10:12:36.050
5253,16.631805,-95.630013,-0.321,-244.2,4928.8,-5602.7,8334.0,10752.2,7093.0,1.344,0,0,5,2,-9.0,0.622,17,2018-02-03 10:48:45.190
5254,16.186699,-97.891414,-11.914,10374.1,-10151.4,-2304.2,354.8,499.9,1266.3,1.513,0,0,18,19,-9.0,0.172,3,2018-02-03 13:19:42.060
5255,16.487416,-95.143473,-6.288,5515.6,22288.3,-3673.5,497.7,483.2,1004.4,1.5,0,0,124,131,-9.0,0.241,2,2018-02-03 19:12:25.240
5256,16.445311,-95.180119,-0.381,1600.5,17629.0,-9581.0,593.7,989.7,832.6,2.342,0,0,34,38,-9.0,0.265,2,2018-02-04 01:15:04.410
5257,15.490578,-94.815356,-31.324,-11664.0,7466.8,975.9,964.8,1309.7,1302.9,1.581,0,0,177,144,-9.0,0.325,1,2018-02-04 01:55:21.630
5258,16.281909,-97.834269,-14.158,16479.8,384.6,-59.6,496.4,404.2,794.8,0.765,0,0,36,34,-9.0,0.111,3,2018-02-04 02:18:46.860
5259,16.515077,-95.086401,-9.942,11611.3,25349.3,-19.7,393.9,405.5,1458.1,1.148,0,0,131,148,-9.0,0.156,2,2018-02-04 06:26:12.560
5260,16.247881,-95.330957,-7.984,-14522.2,-4218.8,-1977.7,387.2,371.6,775.6,1.259,0,0,43,35,-9.0,0.172,2,2018-02-04 06:57:09.110
5261,15.227206,-94.513167,-27.019,20779.4,-21675.8,-3329.5,1597.6,1303.5,1915.6,1.613,0,0,74,67,-9.0,0.364,1,2018-02-04 07:20:04.110
5262,15.149574,-94.467668,-23.794,25670.3,-30266.0,-6554.4,1180.2,1492.8,1730.9,1.859,0,0,68,40,-9.0,0.406,1,2018-02-04 07:49:16.890
5263,14.993597,-94.313468,-29.102,42247.7,-47525.1,-1246.7,1074.9,1894.4,2885.6,1.552,0,0,41,17,-9.0,0.48,1,2018-02-04 08:54:41.340
5264,16.482495,-95.279175,-0.184,-8981.6,21743.8,-9778.2,743.2,513.0,957.3,1.58,0,0,14,20,-9.0,0.329,2,2018-02-04 09:53:25.250
5265,16.530417,-95.217106,-2.215,-2350.5,27046.9,-7746.4,638.9,396.0,559.6,2.009,0,0,52,72,-9.0,0.21,2,2018-02-04 09:54:30.230
5266,16.515366,-95.06897,-4.748,13472.8,25381.3,-5213.9,460.0,1016.6,1059.6,1.241,0,0,51,82,-9.0,0.2,2,2018-02-04 09:56:51.290
5267,16.476501,-95.248446,-1.591,-5698.5,21080.5,-8370.5,470.2,432.0,434.6,1.164,0,0,21,34,-9.0,0.235,2,2018-02-04 10:12:39.320
5268,15.518702,-94.79401,-32.572,-9372.1,10578.8,2223.7,1287.2,1945.9,2010.8,2.264,0,0,224,135,-9.0,0.408,1,2018-02-04 10:59:18.220
5269,15.862928,-94.897575,-39.975,-20469.3,48668.2,9627.0,1080.3,1682.8,2886.2,3.154,0,0,22,15,-9.0,0.233,1,2018-02-04 11:36:12.110
5270,16.304799,-97.855509,-29.792,3686.0,-3458.3,-2738.1,6834.8,5326.8,11938.7,1.038,0,0,4,4,-9.0,0.423,38,2018-02-04 14:13:30.200
5271,15.525012,-94.770931,-33.46,-6895.4,11277.1,3111.7,1189.3,1290.2,3872.8,2.554,0,0,259,207,-9.0,0.277,1,2018-02-04 16:40:01.720
5272,15.510612,-94.685433,-32.421,2279.5,9683.6,2073.1,1462.4,1298.3,1630.4,1.637,0,0,96,58,-9.0,0.306,1,2018-02-04 17:34:27.060
5273,16.077218,-95.216577,-11.732,-2296.8,-23104.6,1770.0,496.3,680.8,570.9,1.836,0,0,115,123,-9.0,0.178,2,2018-02-04 19:51:36.840
5274,16.080843,-95.215527,-11.436,-2184.3,-22703.4,1474.0,497.2,611.7,494.1,1.86,0,0,85,123,-9.0,0.18,2,2018-02-04 20:06:11.040
5275,16.027914,-95.176563,-10.286,1982.4,-28560.6,324.5,471.3,593.8,472.8,1.569,0,0,126,126,-9.0,0.188,2,2018-02-04 21:30:01.760
5276,15.269523,-94.644832,-34.875,6640.6,-16993.3,4527.1,1377.2,1316.9,2959.5,1.799,0,0,54,53,-9.0,0.243,1,2018-02-05 00:38:22.090
5277,16.083755,-95.219995,-10.856,-2662.4,-22381.1,894.3,329.6,430.8,914.2,1.732,0,0,99,102,-9.0,0.262,2,2018-02-05 00:45:29.400
5278,17.053731,-94.324593,-69.052,-1287.8,2477.0,511.9,16859.7,22173.8,19149.3,1.846,0,0,5,6,-9.0,1.287,34,2018-02-05 02:14:41.290
5279,16.382702,-94.2587,-5.898,1061.5,55.5,-2048.6,509.1,764.8,1771.4,1.061,0,0,6,8,-9.0,0.157,20,2018-02-05 05:49:04.530
5280,16.182213,-95.367521,-41.641,2183.8,3324.4,-3467.1,745.7,995.4,1778.5,1.392,0,0,12,14,-9.0,0.19,5,2018-02-05 07:00:20.240
5281,16.49398,-95.146387,-4.845,5204.1,23014.7,-5116.6,302.4,295.8,547.7,1.294,0,0,111,181,-9.0,0.175,2,2018-02-05 07:57:06.230
5282,15.369852,-94.680298,-51.449,2831.3,-5891.7,21100.8,2419.8,1263.8,2224.6,1.614,0,0,40,74,-9.0,0.269,1,2018-02-05 07:57:20.620
5283,15.352203,-94.161694,-41.568,376.2,-2882.2,-891.8,984.6,744.2,1670.2,1.526,0,0,2,5,-9.0,0.134,33,2018-02-05 09:50:15.050
5284,15.620791,-94.783512,-26.756,-8244.1,21875.2,-3592.8,1502.9,1203.9,2081.2,1.706,0,0,104,72,-9.0,0.331,1,2018-02-05 10:32:11.190
5285,16.044049,-95.215446,-5.027,-2175.8,-26775.0,-4934.7,534.9,690.9,619.0,1.257,0,0,115,116,-9.0,0.162,2,2018-02-05 10:33:53.540
5286,15.729537,-94.966699,-60.77,-27889.7,33908.2,30421.7,1940.9,1851.9,2483.9,2.033,0,0,3,3,-9.0,0.354,1,2018-02-05 10:42:55.630
5287,16.708801,-94.969694,-10.693,-6539.4,2911.4,2929.8,284.1,186.9,373.8,1.742,0,0,36,39,-9.0,0.119,4,2018-02-05 10:44:06.720
5288,15.778707,-95.162248,-12.851,3516.0,-56138.1,2889.5,1326.0,1095.3,1184.4,1.917,0,0,3,0,-9.0,0.019,2,2018-02-05 11:18:18.490
5289,15.954654,-95.172127,-4.745,2457.7,-36667.6,-5217.4,464.2,944.0,1102.9,1.926,0,0,89,58,-9.0,0.167,2,2018-02-05 11:56:54.820
5290,15.256352,-94.537158,-27.599,18202.3,-18450.8,-2748.9,1520.9,997.9,1381.9,1.594,0,0,80,53,-9.0,0.293,1,2018-02-05 12:21:28.650
5291,15.2204,-94.563761,-32.344,15347.4,-22428.9,1995.3,1155.5,1215.2,1617.0,2.175,0,0,79,67,-9.0,0.343,1,2018-02-05 13:14:33.250
5292,15.562027,-94.790348,-48.579,5708.0,-6263.7,-5361.1,20238.1,16028.5,26089.2,2.303,0,0,2,3,-9.0,0.74,21,2018-02-05 13:40:16.950
5293,15.406095,-94.719621,-31.35,-1389.5,-1881.3,1001.3,1102.9,1334.7,1372.8,1.947,0,0,124,164,-9.0,0.337,1,2018-02-05 15:06:11.600
5294,15.648649,-94.900863,-32.739,-20832.0,24957.7,2390.7,1365.5,1726.1,2044.5,2.196,0,0,68,60,-9.0,0.301,1,2018-02-05 17:49:21.540
5295,16.374741,-95.692798,-17.872,-2600.3,2235.5,3468.0,2394.4,2563.4,1741.6,1.609,0,0,14,12,-9.0,0.312,10,2018-02-05 17:57:28.020
5296,15.895104,-95.188509,-13.474,705.4,-43257.5,3511.6,389.5,529.7,760.5,1.864,0,0,108,79,-9.0,0.193,2,2018-02-05 20:22:03.200
5297,16.222009,-95.595508,-64.76,-1043.2,239.1,912.3,605.6,462.6,660.3,2.326,0,0,17,16,-9.0,0.233,12,2018-02-05 21:24:21.520
5298,16.198341,-95.564738,-63.539,2246.7,-2380.1,-308.5,798.1,1037.2,1218.0,1.998,0,0,12,14,-9.0,0.309,12,2018-02-05 21:25:43.620
5299,15.019483,-94.197795,-29.198,54672.9,-44660.8,-1150.1,1717.4,3237.1,5439.1,2.049,0,0,16,12,-9.0,0.386,1,2018-02-05 22:03:32.760
5300,15.27698,-94.359709,-44.793,37254.9,-16168.3,14444.7,1136.7,1239.2,3135.3,2.211,0,0,40,29,-9.0,0.272,1,2018-02-06 00:02:12.290
5301,16.388093,-97.89388,-11.485,10105.9,12135.1,-2732.9,527.8,885.3,939.2,1.35,0,0,73,48,-9.0,0.257,3,2018-02-06 00:34:06.210
5302,16.166502,-95.039811,-10.925,-412.2,3372.6,4427.2,2102.1,2425.0,3785.5,2.169,0,0,7,4,-9.0,0.436,11,2018-02-06 02:25:45.070
5303,16.383191,-94.273494,-9.081,-519.1,109.7,1134.8,319.1,619.1,755.0,0.83,0,0,7,8,-9.0,0.132,20,2018-02-06 03:23:59.490
5304,16.380705,-94.273698,-8.862,-540.8,-165.5,915.1,500.9,576.6,838.0,1.161,0,0,7,8,-9.0,0.101,20,2018-02-06 03:28:00.020
5305,16.540879,-95.113534,-5.195,8712.0,28204.7,-4767.0,439.8,372.3,981.5,1.656,0,0,109,124,-9.0,0.148,2,2018-02-06 04:10:32.750
5306,15.363003,-94.712785,-42.083,-656.1,-6649.6,11734.3,1363.8,1382.6,3302.9,1.91,0,0,170,136,-9.0,0.338,1,2018-02-06 05:47:42.200
5307,16.691727,-94.931348,-8.543,-2449.7,1021.9,779.8,224.9,204.0,281.5,1.228,0,0,39,41,-9.0,0.135,4,2018-02-06 05:49:14.010
5308,16.696176,-94.947257,-5.122,-4146.8,1514.2,-2641.3,375.7,221.4,706.8,1.187,0,0,37,33,-9.0,0.134,4,2018-02-06 06:54:44.920
5309,16.680807,-94.905314,-6.577,327.6,-186.5,-1186.8,82.3,195.5,582.5,1.461,0,0,39,42,-9.0,0.115,4,2018-02-06 06:55:21.240
5310,15.227113,-94.528931,-23.571,19087.0,-21686.2,-6776.9,1501.1,1204.6,1867.3,1.344,0,0,56,53,-9.0,0.282,1,2018-02-06 07:40:56.870
5311,15.323579,-94.690332,-31.377,1754.6,-11012.0,1029.0,1282.0,1107.9,1980.4,1.872,0,0,143,103,-9.0,0.309,1,2018-02-06 07:48:22.140
5312,15.374328,-94.678532,-48.871,3021.2,-5396.6,18522.2,1680.8,1322.4,2428.9,1.737,0,0,57,69,-9.0,0.331,1,2018-02-06 07:56:12.240
5313,15.461879,-94.719303,-29.607,-1355.4,4291.3,-741.3,1393.6,1305.8,1663.5,2.024,0,0,310,195,-9.0,0.354,1,2018-02-06 08:03:19.020
5314,16.680754,-94.906795,-7.196,169.6,-192.5,-567.4,254.4,333.8,695.1,1.485,0,0,40,43,-9.0,0.124,4,2018-02-06 08:07:48.510
5315,15.385561,-94.675309,-19.843,3366.7,-4153.5,-10505.1,1812.7,1510.4,1572.0,1.425,0,0,82,21,-9.0,0.27,1,2018-02-06 08:59:09.580
5316,15.964123,-95.225887,-5.129,-3293.4,-35619.8,-4832.8,498.2,379.1,663.8,0.998,0,0,109,102,-9.0,0.202,2,2018-02-06 09:06:04.080
5317,15.853304,-95.188371,-12.105,720.3,-47883.1,2143.1,774.0,1018.1,871.8,1.997,0,0,87,41,-9.0,0.209,2,2018-02-06 09:08:35.490
5318,15.413417,-94.685588,-31.469,2263.4,-1071.2,1121.1,1339.1,1402.7,1519.6,1.807,0,0,235,131,-9.0,0.254,1,2018-02-06 09:22:09.860
5319,15.88199,-95.207446,-11.884,-1320.8,-44708.7,1921.9,447.8,574.6,610.2,2.21,0,0,128,110,-9.0,0.189,2,2018-02-06 09:36:11.960
5320,15.234424,-94.595524,-28.859,11935.3,-20877.2,-1489.6,861.2,1101.9,1175.9,1.715,0,0,102,65,-9.0,0.295,1,2018-02-06 09:39:18.370
5321,15.595813,-94.726587,-26.914,-2136.8,19111.3,-3434.4,1773.7,1420.0,2693.6,1.299,0,0,78,91,-9.0,0.448,1,2018-02-06 09:48:39.490
5322,14.991738,-94.254167,-34.229,48620.0,-47730.9,3880.3,1896.4,2314.4,6131.1,1.966,0,0,30,19,-9.0,0.341,1,2018-02-06 09:57:18.880
5323,15.871907,-95.202563,-13.766,-798.7,-45824.5,3804.1,265.6,452.7,830.5,1.347,0,0,87,63,-9.0,0.154,2,2018-02-06 10:13:18.610
5324,15.568212,-94.821842,-32.324,-12357.8,16057.2,1975.2,1489.5,1259.8,1872.8,2.152,0,0,132,72,-9.0,0.418,1,2018-02-06 15:15:22.320
5325,16.097829,-97.644873,-10.014,36740.4,-19985.8,-4204.1,1530.3,2119.3,2949.9,1.507,0,0,4,4,-9.0,0.244,3,2018-02-06 17:32:52.800
5326,16.366653,-95.692188,-28.556,-2535.5,1340.5,14152.1,2206.6,2707.6,4798.6,1.548,0,0,7,5,-9.0,0.356,10,2018-02-06 23:46:26.800
5327,15.650944,-95.151489,-33.293,-384.9,-3619.0,-2956.8,28220.3,27666.8,59527.1,1.837,0,0,3,4,-9.0,1.462,32,2018-02-07 00:38:35.660
5328,15.139481,-94.447176,-32.415,27872.2,-31382.8,2066.6,2000.4,1652.7,2826.0,1.883,0,0,48,13,-9.0,0.297,1,2018-02-07 01:46:29.180
5329,15.012397,-94.252824,-30.818,48761.9,-45444.9,469.7,1335.5,1856.1,3091.5,2.046,0,0,36,20,-9.0,0.394,1,2018-02-07 02:34:51.850
5330,16.250376,-95.178475,-17.013,1776.8,-3942.7,7050.6,629.3,572.6,677.0,1.325,0,0,10,13,-9.0,0.206,2,2018-02-07 03:15:04.380
5331,15.68323,-94.867236,-59.09,-2537.2,7147.8,5150.0,13797.3,17593.6,21354.5,1.853,0,0,3,3,-9.0,0.793,21,2018-02-07 03:42:49.450
5332,16.487445,-95.150203,-19.09,4795.9,22291.6,9128.2,398.8,410.4,873.2,1.346,0,0,86,86,-9.0,0.199,2,2018-02-07 04:09:50.270
5333,15.466097,-94.801742,-33.056,-10203.0,4757.9,2707.5,1311.8,1772.3,2593.2,1.904,0,0,283,152,-9.0,0.277,1,2018-02-07 05:29:13.020
5334,15.57052,-94.761743,-32.998,-5908.7,16312.6,2649.5,1803.4,1492.5,1811.0,1.297,0,0,132,120,-9.0,0.418,1,2018-02-07 06:07:10.490
5335,15.924497,-95.224146,-7.828,-3107.0,-40004.7,-2134.1,331.3,370.0,570.0,1.936,0,0,127,82,-9.0,0.158,2,2018-02-07 06:12:42.280
5336,16.355927,-95.150627,-12.764,4753.0,7737.7,2801.7,1544.4,1924.8,1943.7,2.191,0,0,6,3,-9.0,0.161,2,2018-02-07 06:14:13.970
5337,15.377051,-94.626945,-44.385,8558.9,-5095.2,14036.2,1309.8,1358.2,2771.7,1.56,0,0,69,62,-9.0,0.307,1,2018-02-07 06:45:56.770
5338,15.240552,-94.592912,-31.044,12216.2,-20199.1,695.6,967.3,693.0,898.3,1.821,0,0,103,84,-9.0,0.284,1,2018-02-07 07:47:10.780
5339,16.112269,-95.229972,-10.253,-3728.5,-19225.8,291.5,313.4,394.0,641.3,1.161,0,0,78,102,-9.0,0.218,2,2018-02-07 08:15:26.570
5340,15.493799,-94.964876,-11.874,-27709.9,7823.2,-18473.8,3264.9,2062.5,1949.8,1.568,0,0,16,3,-9.0,0.332,1,2018-02-07 08:37:47.440
5341,15.441827,-96.489746,-18.97,-1194.1,-3706.6,1095.0,2044.8,1680.1,1335.7,3.497,0,0,24,7,-9.0,0.359,13,2018-02-07 09:21:02.220
5342,15.488975,-96.492497,-17.565,-1488.8,1510.4,-310.1,1279.9,1649.6,1724.8,1.974,0,0,18,8,-9.0,0.373,13,2018-02-07 09:25:29.910
5343,15.446275,-96.49327,-18.794,-1571.8,-3214.5,919.3,2049.4,1319.9,1533.4,2.397,0,0,23,8,-9.0,0.372,13,2018-02-07 09:36:02.000
5344,15.524223,-96.438989,-16.172,4252.4,5410.7,-1702.8,1802.1,2565.8,2150.6,1.588,0,0,17,9,-9.0,0.543,13,2018-02-07 09:50:47.700
5345,15.892389,-95.20061,-11.921,-589.8,-43557.9,1958.7,459.6,553.1,501.5,1.491,0,0,116,107,-9.0,0.173,2,2018-02-07 10:35:43.450
5346,16.040779,-95.21757,-4.59,-2403.4,-27136.9,-5372.3,435.0,603.1,587.1,1.242,0,0,114,117,-9.0,0.154,2,2018-02-07 10:58:37.870
5347,16.369434,-95.132406,-2.493,6700.0,9232.3,-7468.6,617.4,1334.4,1094.2,1.875,0,0,17,14,-9.0,0.201,2,2018-02-07 11:06:38.830
5348,15.365702,-94.418555,-41.559,30929.8,-6350.9,11210.7,2096.5,1223.0,13068.4,1.493,0,0,11,15,-9.0,0.275,1,2018-02-07 11:52:07.810
5349,15.943787,-94.428198,-70.201,-3703.6,817.5,-2248.5,3152.2,4737.3,4655.4,2.111,0,0,2,3,-9.0,0.586,24,2018-02-07 14:21:57.750
5350,15.834915,-94.936808,-42.799,-24677.8,45568.4,12451.1,1319.3,1465.2,2691.5,2.163,0,0,37,25,-9.0,0.198,1,2018-02-07 16:56:21.210
5351,15.506977,-94.754826,-27.7,-5167.5,9281.5,-2648.4,1152.9,1240.9,1678.4,2.107,0,0,206,191,-9.0,0.297,1,2018-02-07 21:13:47.300
5352,16.200794,-97.526213,-17.119,-34.0,627.6,-1615.6,1147.2,565.7,581.5,1.551,0,0,18,12,-9.0,0.229,15,2018-02-08 02:19:45.140
5353,15.845029,-94.88536,-42.63,-19160.0,46687.6,12281.6,1610.5,1141.6,1830.2,2.439,0,0,26,22,-9.0,0.219,1,2018-02-08 02:42:03.300
5354,15.437147,-94.76355,-34.166,-6104.8,1554.6,3817.7,1267.2,1164.4,2920.9,2.201,0,0,328,256,-9.0,0.284,1,2018-02-08 05:55:33.260
5355,16.435164,-95.19292,-7.73,233.0,16506.2,-2231.9,509.1,939.6,1128.5,1.178,0,0,60,78,-9.0,0.284,2,2018-02-08 06:00:53.050
5356,16.388731,-95.140698,-0.05,5812.9,11367.8,-9911.7,635.2,1211.1,865.3,1.617,0,0,31,42,-9.0,0.236,2,2018-02-08 06:32:27.230
5357,15.408512,-94.717261,-30.466,-1136.2,-1614.0,117.5,3244.3,1191.9,1754.1,1.075,0,0,88,82,-9.0,0.316,1,2018-02-08 08:02:25.850
5358,15.470032,-94.628719,-32.574,8366.5,5193.4,2226.1,1700.0,1179.7,1778.1,1.269,0,0,31,41,-9.0,0.27,1,2018-02-08 08:16:03.590
5359,16.690476,-94.891789,-8.521,1769.9,883.5,757.8,347.5,254.6,443.3,1.231,0,0,39,42,-9.0,0.11,4,2018-02-08 08:27:06.440
5360,16.48315,-95.210978,-9.323,-1696.3,21816.4,-639.0,405.8,446.8,687.9,1.823,0,0,122,150,-9.0,0.194,2,2018-02-08 10:49:40.900
5361,15.62616,-94.882056,-35.314,-18816.2,22469.3,4965.2,1233.9,1400.6,2549.2,2.148,0,0,84,55,-9.0,0.274,1,2018-02-08 11:46:28.360
5362,16.11719,-97.646965,-8.828,36515.0,-17843.4,-5390.0,1342.0,1836.5,2515.3,0.878,0,0,8,8,-9.0,0.246,3,2018-02-08 15:38:51.080
5363,15.473564,-94.77002,-42.81,-6798.5,5584.2,12461.7,1158.9,1409.9,2649.4,2.175,0,0,194,158,-9.0,0.286,1,2018-02-08 20:08:40.260
5364,15.430062,-94.766512,-32.495,-6423.0,770.6,2146.7,1755.3,948.1,1188.9,2.083,0,0,325,212,-9.0,0.298,1,2018-02-09 02:16:34.900
5365,16.538805,-95.204826,-8.393,-1038.7,27975.1,-1569.3,608.7,356.2,734.7,1.258,0,0,153,174,-9.0,0.244,2,2018-02-09 04:26:25.960
5366,16.501154,-95.185685,-10.236,1005.7,23808.6,274.2,500.3,253.2,594.9,1.63,0,0,122,200,-9.0,0.152,2,2018-02-09 05:08:00.390
5367,15.723136,-94.996476,-41.883,-31084.3,33199.9,11535.0,1567.8,1487.8,2452.6,1.995,0,0,16,12,-9.0,0.302,1,2018-02-09 05:13:29.890
5368,16.541785,-95.046159,-7.768,15908.6,28304.8,-2193.5,438.7,608.0,1154.6,2.001,0,0,93,102,-9.0,0.171,2,2018-02-09 05:30:17.500
5369,16.527188,-95.041691,-8.95,16386.6,26689.6,-1011.8,484.6,336.0,735.5,1.535,0,0,112,123,-9.0,0.169,2,2018-02-09 05:31:54.290
5370,15.364599,-94.55083,-12.025,16730.1,-6473.1,-18323.3,2204.1,2693.7,3091.7,1.898,0,0,23,17,-9.0,0.395,1,2018-02-09 07:45:16.110
5371,15.87424,-95.020223,-30.183,-33619.0,49919.9,-165.4,1259.4,1909.6,4666.7,1.723,0,0,10,10,-9.0,0.194,1,2018-02-09 07:46:07.010
5372,16.522655,-95.096452,-11.858,10537.1,26188.0,1896.2,209.5,275.7,640.6,1.213,0,0,114,187,-9.0,0.134,2,2018-02-09 07:54:55.230
5373,16.372323,-95.076921,-1.473,12628.6,9552.0,-8489.2,618.0,582.8,734.0,2.038,0,0,36,35,-9.0,0.255,2,2018-02-09 09:51:45.270
5374,15.214316,-94.554061,-26.122,16388.6,-23102.2,-4226.8,904.4,1032.8,1490.7,2.271,0,0,123,83,-9.0,0.288,1,2018-02-09 09:59:12.130
5375,16.240225,-95.420809,-13.181,-24126.5,-5066.0,3219.5,487.6,558.1,918.1,1.057,0,0,16,15,-9.0,0.182,2,2018-02-09 10:56:50.430
5376,15.121466,-94.37509,-36.085,35616.3,-33376.2,5736.3,2308.8,2062.5,7558.4,1.735,0,0,72,19,-9.0,0.413,1,2018-02-09 11:17:32.700
5377,15.16257,-94.385335,-20.682,34512.2,-28827.9,-9666.8,1492.6,1855.6,2008.3,2.59,0,0,49,22,-9.0,0.405,1,2018-02-09 11:30:25.450
5378,15.217807,-94.4788,-19.713,24470.9,-22715.9,-10635.7,1676.2,1342.6,1544.0,1.594,0,0,36,39,-9.0,0.34,1,2018-02-09 12:00:48.710
5379,15.601417,-94.935978,-44.308,-24602.1,19731.4,13959.3,1005.4,1679.4,2556.9,2.535,0,0,65,72,-9.0,0.329,1,2018-02-09 14:34:11.390
5380,16.337397,-98.133089,-18.913,-15457.1,6525.0,4695.6,765.7,833.9,712.2,1.136,0,0,129,107,-9.0,0.205,3,2018-02-09 15:25:46.580
5381,16.147646,-95.160758,-14.188,3671.7,-15310.9,4225.8,678.2,515.2,951.8,2.216,0,0,17,47,-9.0,0.273,2,2018-02-09 17:16:53.840
5382,16.142942,-95.275309,-8.69,-8576.2,-15831.4,-1271.6,516.6,647.2,713.0,1.865,0,0,41,86,-9.0,0.222,2,2018-02-09 17:19:54.240
5383,16.412839,-95.400863,-17.623,-21985.3,14035.6,7661.2,1118.5,1565.8,1549.9,2.884,0,0,19,13,-9.0,0.204,2,2018-02-09 17:45:42.120
5384,16.275095,-95.098568,-26.501,10317.7,-1207.3,16538.8,1039.8,919.2,1714.3,1.393,0,0,6,4,-9.0,0.225,2,2018-02-09 18:02:11.900
5385,16.336799,-95.151799,-28.823,4627.2,5620.9,18861.1,715.1,415.2,1404.1,1.712,0,0,14,20,-9.0,0.204,2,2018-02-09 19:15:42.640
5386,15.922976,-95.147111,-2.296,5133.9,-40173.1,-7665.7,1409.2,1517.5,1146.9,1.862,0,0,8,3,-9.0,0.245,2,2018-02-09 20:35:12.720
5387,15.92857,-95.160213,-5.924,3732.2,-39554.1,-4037.9,851.2,1251.6,1231.9,2.088,0,0,15,18,-9.0,0.273,2,2018-02-09 21:09:37.920
5388,15.859798,-93.51451,-106.381,492.7,165.8,-478.8,2755.3,2510.3,2151.5,2.565,0,0,3,5,-9.0,0.289,26,2018-02-09 22:29:32.520
5389,16.422351,-95.176237,-1.366,2015.7,15088.3,-8596.1,652.6,1041.8,780.7,1.328,0,0,22,40,-9.0,0.255,2,2018-02-09 22:38:13.280
5390,16.553283,-98.424023,-23.565,6105.1,-1292.4,8396.7,1067.9,1341.2,1632.6,1.435,0,0,4,2,-9.0,0.132,8,2018-02-09 23:03:14.380
5391,16.384387,-98.043815,-16.092,-5916.0,11725.0,1874.4,553.1,539.4,453.6,1.371,0,0,171,131,-9.0,0.195,3,2018-02-10 00:22:45.090
5392,15.848661,-94.868433,-15.354,-4813.2,2424.6,1079.5,29408.5,21516.4,46082.9,1.45,0,0,4,2,-9.0,1.794,28,2018-02-10 04:16:53.810
5393,16.477181,-95.202458,-14.602,-785.6,21155.8,4640.1,418.3,311.3,770.0,1.064,0,0,116,123,-9.0,0.18,2,2018-02-10 04:19:04.680
5394,15.344453,-94.707878,-42.536,-129.2,-8702.2,12188.2,1072.6,1279.6,3542.1,2.018,0,0,140,160,-9.0,0.297,1,2018-02-10 05:00:56.330
5395,16.485139,-95.14904,-7.856,4920.4,22036.4,-2106.3,290.2,369.2,807.3,1.433,0,0,221,248,-9.0,0.157,2,2018-02-10 07:08:43.430
5396,16.286535,-97.834465,-14.15,16458.4,896.5,-68.4,453.6,445.3,816.9,1.024,0,0,40,38,-9.0,0.118,3,2018-02-10 08:34:24.620
5397,16.269597,-95.305054,-0.495,-11752.4,-1815.6,-9467.2,682.8,831.4,796.9,1.129,0,0,22,14,-9.0,0.266,2,2018-02-10 09:04:10.630
5398,15.221494,-94.555518,-33.39,16232.5,-22307.9,3042.1,794.6,824.7,2256.2,2.102,0,0,96,81,-9.0,0.298,1,2018-02-10 10:56:43.920
5399,17.078473,-95.68929,-0.044,107.1,-5746.9,-86.5,2245.8,1860.6,1816.4,1.561,0,0,2,6,-9.0,0.831,22,2018-02-10 11:38:53.990
5400,16.363431,-94.932861,-18.977,28022.7,8568.1,9015.3,645.1,875.6,919.3,1.456,0,0,15,11,-9.0,0.157,2,2018-02-10 12:07:06.330
5401,16.524465,-95.089193,-12.468,11313.0,26388.2,2506.5,515.1,602.2,714.7,1.757,0,0,123,168,-9.0,0.167,2,2018-02-10 13:10:30.680
5402,17.512799,-97.096802,-72.03,-775.3,-1699.1,-540.2,577.7,567.7,638.6,0.781,0,0,4,4,-9.0,0.073,39,2018-02-10 14:53:57.160
5403,16.04355,-95.195589,-10.879,-52.1,-26830.3,917.1,303.5,292.1,530.8,1.594,0,0,90,136,-9.0,0.162,2,2018-02-10 18:29:28.320
5404,16.389104,-95.302808,-0.128,-11508.9,11409.1,-9833.9,968.0,1634.3,1051.7,1.83,0,0,9,6,-9.0,0.267,2,2018-02-11 01:35:51.490
5405,17.543502,-97.082194,-73.11,775.6,1698.9,540.2,577.8,580.1,633.3,1.05,0,0,4,4,-9.0,0.073,39,2018-02-11 04:20:03.800
5406,15.546008,-93.982007,-69.37,70.6,-4772.0,-3037.1,1355.4,1036.4,1092.8,2.483,0,0,3,5,-9.0,0.156,16,2018-02-11 05:08:19.180
5407,16.484516,-95.144474,-7.757,5408.5,21967.5,-2205.2,305.1,305.4,752.8,1.458,0,0,181,177,-9.0,0.155,2,2018-02-11 05:11:34.050
5408,16.238697,-95.416634,-11.997,-23680.3,-5235.1,2034.6,632.0,702.0,1002.8,1.106,0,0,20,14,-9.0,0.222,2,2018-02-11 05:56:23.880
5409,16.293566,-95.227205,-0.373,-3431.5,836.7,-9589.1,859.3,927.4,928.8,1.448,0,0,21,17,-9.0,0.201,2,2018-02-11 06:47:53.550
5410,15.55218,-94.679989,-32.544,2863.5,14283.2,2196.0,1576.8,1655.3,1774.4,1.764,0,0,79,52,-9.0,0.346,1,2018-02-11 07:36:46.560
5411,15.517625,-94.770288,-32.675,-6826.6,10459.6,2326.5,980.6,1466.0,1208.5,2.836,0,0,312,169,-9.0,0.289,1,2018-02-11 07:37:15.010
5412,15.338654,-94.759277,-32.641,-5647.2,-9343.9,2292.9,1223.7,1485.1,1919.8,1.561,0,0,62,85,-9.0,0.363,1,2018-02-11 08:02:29.530
5413,16.567527,-95.100374,-10.403,10117.6,31153.6,440.9,366.4,348.8,709.7,0.945,0,0,120,160,-9.0,0.144,2,2018-02-11 08:05:43.110
5414,16.137967,-95.230615,-9.686,-3797.1,-16382.0,-275.9,495.9,468.5,709.3,0.747,0,0,53,92,-9.0,0.162,2,2018-02-11 08:34:33.440
5415,15.283233,-94.54008,-24.797,17887.0,-15476.4,-5550.9,1054.4,1319.7,1439.5,1.843,0,0,61,73,-9.0,0.363,1,2018-02-11 10:24:11.410
5416,16.476049,-95.389648,-11.184,-20783.5,21030.4,1222.1,650.9,641.4,1305.7,0.669,0,0,16,11,-9.0,0.228,2,2018-02-11 10:28:26.690
5417,15.187236,-94.461108,-27.556,26372.9,-26098.6,-2792.2,1262.4,1237.7,1319.0,1.84,0,0,88,51,-9.0,0.385,1,2018-02-11 10:29:37.900
5418,16.344743,-95.360954,-17.355,-17723.7,6500.0,7393.0,1097.6,1629.9,1560.4,1.082,0,0,11,6,-9.0,0.178,2,2018-02-11 10:31:19.530
5419,15.146608,-94.407357,-33.323,32148.8,-30594.2,2974.9,1137.5,1307.0,3722.8,2.672,0,0,83,17,-9.0,0.364,1,2018-02-11 10:59:16.630
5420,15.804836,-94.778573,-13.195,4813.1,-2424.8,-1080.2,32195.4,20826.1,44303.2,1.752,0,0,4,2,-9.0,1.794,28,2018-02-11 12:11:06.450
5421,15.298096,-94.649642,-21.224,6123.1,-13831.8,-9124.2,1214.2,1392.9,1625.6,2.467,0,0,50,60,-9.0,0.299,1,2018-02-11 12:20:52.600
5422,15.544392,-94.85634,-23.555,-16060.3,13421.5,-6793.5,2285.1,1857.8,2264.5,2.612,0,0,57,21,-9.0,0.418,1,2018-02-11 13:38:53.650
5423,16.561786,-98.518807,-13.328,-4011.0,-351.3,-1840.1,717.7,906.4,1071.5,0.743,0,0,11,11,-9.0,0.208,8,2018-02-11 16:21:50.030
5424,16.446498,-94.739803,-13.5,-139.5,-277.0,2465.4,200.8,623.3,712.4,1.766,0,0,4,3,-9.0,0.098,36,2018-02-11 16:36:05.590
5425,15.490958,-94.631632,-22.537,8053.4,7508.8,-7811.2,1851.9,2408.6,2342.6,2.223,0,0,14,30,-9.0,0.424,1,2018-02-11 18:40:40.680
5426,15.697963,-94.846606,-39.095,-15009.6,30414.4,8746.3,1459.8,1672.3,2541.5,2.086,0,0,28,30,-9.0,0.281,1,2018-02-11 19:05:40.460
5427,15.957985,-95.157503,-45.443,-4817.3,-1456.8,3.4,811.6,2153.0,2346.2,1.92,0,0,3,3,-9.0,0.253,40,2018-02-11 19:27:20.400
5428,16.30252,-95.240251,-50.653,-3920.3,1806.0,1197.0,1468.7,2434.8,3257.7,1.304,0,0,11,10,-9.0,0.357,9,2018-02-11 20:27:33.040
5429,15.85482,-95.291577,-7.172,-10322.5,-47715.3,-2790.2,524.8,550.8,850.0,1.556,0,0,24,20,-9.0,0.207,2,2018-02-11 20:29:18.200
5430,15.50545,-94.824341,-32.8,-12627.8,9112.5,2452.0,1344.5,1280.2,1616.1,2.398,0,0,308,276,-9.0,0.417,1,2018-02-11 22:06:44.360
5431,16.17529,-95.412516,-54.18,-2628.4,2558.3,9071.4,1182.9,1145.1,1549.0,1.484,0,0,7,5,-9.0,0.346,5,2018-02-11 22:32:43.300
5432,15.2147,-94.461963,-7.511,26279.2,-23059.7,-22837.7,2021.9,4082.7,4896.9,2.233,0,0,3,2,-9.0,0.409,1,2018-02-12 00:17:07.560
5433,15.525828,-94.785213,-24.493,-8428.0,11367.3,-5855.0,1573.2,2167.0,2665.0,1.742,0,0,90,81,-9.0,0.568,1,2018-02-12 00:29:11.180
5434,15.307413,-94.371745,-32.285,35959.7,-12800.8,1937.0,1233.8,1500.6,2125.2,3.165,0,0,29,25,-9.0,0.264,1,2018-02-12 02:12:05.700
5435,15.317906,-94.65651,-16.186,5385.5,-11639.8,-14161.9,1758.4,847.5,1190.0,2.49,0,0,70,62,-9.0,0.339,1,2018-02-12 03:15:19.270
5436,15.986529,-95.274406,-8.815,-8482.5,-33140.4,-1147.4,1455.4,2625.9,2220.5,1.485,0,0,3,2,-9.0,0.26,2,2018-02-12 05:18:18.890
5437,15.085749,-94.370296,-31.338,36134.2,-37328.3,990.1,2212.7,2107.2,3184.5,1.682,0,0,23,9,-9.0,0.453,1,2018-02-12 06:39:45.280
5438,16.518836,-95.212451,-8.863,-1853.0,25765.4,-1099.3,462.2,455.1,607.0,0.931,0,0,120,126,-9.0,0.158,2,2018-02-12 07:46:34.730
5439,14.747666,-93.814673,-32.888,-4361.2,-1331.4,1321.6,5116.4,5566.7,8904.7,2.361,0,0,9,4,-9.0,0.413,19,2018-02-12 11:56:00.370
5440,14.748213,-93.799577,-30.853,-2735.3,-1270.9,-713.5,7803.1,3893.2,6491.7,2.723,0,0,13,8,-9.0,0.58,19,2018-02-12 11:59:58.940
5441,17.008975,-94.300399,-68.029,1288.1,-2476.1,-511.5,16713.2,22619.2,19327.6,2.221,0,0,5,6,-9.0,1.287,34,2018-02-12 17:25:45.200
5442,16.337263,-95.161353,-24.831,3606.4,5672.3,14870.0,934.7,444.0,1315.9,1.521,0,0,14,19,-9.0,0.175,2,2018-02-12 23:00:42.640
5443,15.266706,-94.581592,-17.889,13431.1,-17305.1,-12459.6,943.8,1168.3,1440.2,2.742,0,0,80,72,-9.0,0.328,1,2018-02-13 00:42:12.750
5444,16.022653,-95.192293,-9.327,299.9,-29142.8,-634.9,431.3,395.5,657.7,1.938,0,0,99,142,-9.0,0.179,2,2018-02-13 01:31:26.980
5445,16.524743,-95.036727,-8.353,16917.3,26419.0,-1609.1,437.4,373.7,892.0,1.443,0,0,85,113,-9.0,0.162,2,2018-02-13 03:01:09.590
5446,16.352031,-95.455924,-13.934,-27872.2,7306.6,3971.7,944.0,1135.0,1517.2,1.342,0,0,20,10,-9.0,0.204,2,2018-02-13 04:09:04.920
5447,16.677511,-94.922697,-4.371,-1526.7,-551.4,-3392.7,413.6,269.5,593.2,1.646,0,0,36,39,-9.0,0.159,4,2018-02-13 04:36:27.460
5448,15.823146,-95.030851,-24.981,-34763.1,44266.2,-5367.4,1956.7,2563.1,3157.6,1.157,0,0,7,7,-9.0,0.205,1,2018-02-13 06:21:40.320
5449,16.576541,-95.158667,-8.346,3891.4,32151.0,-1615.7,429.9,553.8,1257.3,0.889,0,0,102,176,-9.0,0.184,2,2018-02-13 07:18:03.920
5450,15.584192,-94.007796,-69.781,-2695.2,-546.9,-2625.7,1013.8,1030.4,1090.2,2.273,0,0,6,11,-9.0,0.228,16,2018-02-13 07:31:30.840
5451,15.936193,-95.168327,-7.376,2863.9,-38710.5,-2585.5,371.0,438.4,786.6,1.502,0,0,124,114,-9.0,0.201,2,2018-02-13 07:56:19.430
5452,15.407874,-94.778923,-1.809,-7755.6,-1684.6,-28539.5,3747.7,4269.3,4061.2,1.705,0,0,3,2,-9.0,0.169,1,2018-02-13 07:56:52.230
5453,16.3962,-95.017318,-12.212,18996.5,12194.2,2250.0,427.0,615.3,641.8,0.816,0,0,20,22,-9.0,0.143,2,2018-02-13 08:01:11.510
5454,15.528728,-94.798804,-22.38,-9886.8,11688.3,-7968.8,1522.4,1310.3,1292.9,2.022,0,0,206,163,-9.0,0.31,1,2018-02-13 08:56:27.700
5455,16.679795,-94.91578,-8.932,-788.9,-298.5,1168.2,198.7,145.4,349.4,1.08,0,0,25,46,-9.0,0.141,4,2018-02-13 09:33:11.720
5456,16.052202,-95.180225,-17.255,1591.2,-25872.8,7292.7,616.7,709.0,920.2,1.73,0,0,111,93,-9.0,0.275,2,2018-02-13 09:34:05.560
5457,15.310749,-94.721444,-31.347,-1585.4,-12431.6,998.4,1426.0,1518.2,1786.3,1.69,0,0,79,100,-9.0,0.264,1,2018-02-13 11:56:39.540
5458,16.451502,-94.737199,-8.569,138.3,276.9,-2465.8,186.1,622.5,1123.4,2.569,0,0,4,3,-9.0,0.098,36,2018-02-13 16:27:21.010
5459,17.170113,-96.02832,-0.037,-2521.0,-2533.0,-373.1,2077.1,1982.1,1572.9,2.022,0,0,12,10,-9.0,0.452,14,2018-02-13 19:02:42.440
5460,15.521397,-94.83859,-22.609,-14156.6,10877.0,-7739.2,2504.4,2161.3,1854.4,1.718,0,0,54,53,-9.0,0.476,1,2018-02-13 19:19:26.720
5461,17.161542,-96.028158,-0.025,-2503.8,-3481.6,-385.3,1705.5,1707.3,1536.5,1.42,0,0,10,8,-9.0,0.291,14,2018-02-13 20:26:28.040
5462,16.087304,-94.709294,-62.048,3658.9,-3026.2,-2101.7,898.7,2477.6,2269.1,2.288,0,0,3,3,-9.0,0.334,30,2018-02-14 00:19:32.160
5463,15.689472,-95.012272,-31.348,-32781.3,29475.0,999.4,1363.8,1569.9,2616.5,2.015,0,0,20,19,-9.0,0.315,1,2018-02-14 02:02:13.230
5464,15.43046,-94.74043,-31.102,-3623.3,814.6,754.0,1029.2,1380.4,1683.8,1.858,0,0,196,210,-9.0,0.317,1,2018-02-14 05:34:28.700
5465,15.560967,-93.60953,-86.591,972.0,704.5,-3528.5,8991.4,7078.8,7717.8,2.125,0,0,6,6,-9.0,0.643,31,2018-02-14 06:10:16.790
5466,15.918143,-93.86377,-102.741,2546.6,-1699.4,-468.7,2732.7,3037.4,1962.9,2.953,0,0,9,5,-9.0,0.35,37,2018-02-14 06:33:57.840
5467,15.306964,-94.616227,-16.249,9711.0,-12850.4,-14098.9,1128.0,1047.8,1257.6,2.447,0,0,82,68,-9.0,0.328,1,2018-02-14 07:31:56.490
5468,15.948861,-93.911328,-103.679,-2546.3,1699.7,468.6,2691.4,3143.6,1953.5,1.599,0,0,9,5,-9.0,0.35,37,2018-02-14 07:41:07.380
5469,15.949216,-95.641496,-45.309,680.1,-169.9,5873.9,4658.4,5921.0,4866.5,2.104,0,0,4,4,-9.0,0.816,35,2018-02-14 07:53:47.510
5470,16.528167,-95.114917,-11.559,8564.9,26797.9,1596.8,280.7,334.4,529.0,1.17,0,0,201,223,-9.0,0.131,2,2018-02-14 07:58:17.700
5471,15.242298,-95.734294,-14.25,-1073.8,5504.6,1945.3,1786.5,4958.8,4592.7,2.582,0,0,7,2,-9.0,0.531,41,2018-02-14 08:35:27.900
5472,15.412853,-94.669906,-18.24,3946.8,-1133.6,-12107.8,1990.7,1394.4,1584.1,1.892,0,0,33,65,-9.0,0.333,1,2018-02-14 08:42:56.570
5473,16.138419,-95.301766,-2.819,-11404.9,-16332.0,-7142.8,726.7,994.9,484.4,1.533,0,0,42,35,-9.0,0.24,2,2018-02-14 08:47:20.170
5474,15.607133,-94.795939,-25.07,-9577.3,20363.9,-5278.1,1474.2,1286.7,1252.7,2.137,0,0,115,103,-9.0,0.351,1,2018-02-14 09:28:04.300
5475,17.196814,-94.866211,-119.111,-660.5,-413.4,395.6,945.6,1335.7,1014.5,1.673,0,0,1,5,-9.0,0.165,29,2018-02-14 09:59:18.250
5476,15.768597,-94.887996,-49.077,-19446.1,38230.3,18728.8,1448.3,1562.2,2241.7,1.6,0,0,20,17,-9.0,0.253,1,2018-02-14 10:04:15.220
5477,15.142802,-95.714307,-10.36,1074.0,-5504.7,-1945.3,2056.7,4946.8,4503.3,1.949,0,0,7,2,-9.0,0.531,41,2018-02-14 10:53:48.130
5478,16.138652,-95.276701,-8.961,-8724.8,-16306.3,-1001.4,532.0,677.1,656.7,1.342,0,0,81,80,-9.0,0.194,2,2018-02-14 11:12:56.880
5479,15.493675,-94.789876,-32.32,-8929.4,7809.5,1971.8,1495.6,1006.3,1440.8,2.678,0,0,384,300,-9.0,0.321,1,2018-02-14 11:19:17.640
5480,16.527133,-95.205127,-8.066,-1071.1,26683.5,-1896.2,257.5,286.4,1066.8,2.232,0,0,112,167,-9.0,0.18,2,2018-02-14 12:50:34.220
5481,16.407217,-95.155355,-10.296,4246.9,13413.5,334.0,651.6,838.5,812.6,2.235,0,0,69,108,-9.0,0.326,2,2018-02-14 19:35:12.380
5482,15.546772,-94.653418,-32.981,5714.4,13684.9,2632.3,1689.8,1320.6,1930.9,2.377,0,0,21,36,-9.0,0.29,1,2018-02-14 22:29:59.380
5483,16.63706,-95.493123,-1.947,-31824.6,38848.1,-8015.4,1530.8,1532.9,1552.4,1.783,0,0,8,7,-9.0,0.234,2,2018-02-14 23:21:22.800
5484,15.611013,-94.794971,-31.691,-9473.5,20793.2,1343.1,1506.9,1564.6,1836.5,2.349,0,0,93,106,-9.0,0.327,1,2018-02-15 00:50:30.110
5485,16.110238,-95.236206,-9.106,-4395.4,-19450.5,-856.4,424.7,387.1,558.9,1.555,0,0,92,90,-9.0,0.221,2,2018-02-15 01:21:34.250
5486,16.512624,-95.125464,-8.722,7438.7,25077.9,-1240.0,391.7,356.0,1037.4,1.651,0,0,190,247,-9.0,0.231,2,2018-02-15 03:15:38.370
5487,16.433562,-95.44174,-21.055,-26351.5,16328.8,11092.8,1100.2,1058.0,1417.8,1.42,0,0,14,8,-9.0,0.243,2,2018-02-15 03:58:33.920
5488,15.379917,-94.7382,-33.861,-3384.6,-4778.0,3512.2,1254.4,1289.4,3118.7,2.362,0,0,208,202,-9.0,0.34,1,2018-02-15 04:28:39.880
5489,16.379985,-95.188346,-11.463,721.6,10399.9,1500.8,535.3,783.1,599.4,2.07,0,0,31,31,-9.0,0.246,2,2018-02-15 05:07:09.160
5490,15.941128,-95.186182,-13.112,954.5,-38164.5,3150.3,394.8,464.8,633.3,1.397,0,0,125,106,-9.0,0.187,2,2018-02-15 05:17:08.670
5491,16.694735,-94.944425,-5.116,-3844.3,1354.7,-2647.5,396.9,192.0,555.1,1.154,0,0,30,33,-9.0,0.116,4,2018-02-15 05:56:00.710
5492,15.406292,-94.665202,-45.198,4451.6,-1859.7,14849.4,2383.0,2393.5,3967.1,2.164,0,0,90,70,-9.0,0.293,1,2018-02-15 05:56:30.820
5493,15.952286,-95.654199,-33.561,-679.7,169.9,-5874.0,4387.9,5652.5,5659.3,1.399,0,0,4,4,-9.0,0.816,35,2018-02-15 06:01:18.800
5494,15.457939,-94.646777,-20.197,6428.2,3855.2,-10151.5,1786.7,1448.1,1960.8,1.515,0,0,50,36,-9.0,0.269,1,2018-02-15 06:21:02.730
5495,16.242573,-95.428223,-14.177,-24918.7,-4806.2,4215.2,711.2,814.5,1053.7,1.594,0,0,16,11,-9.0,0.124,2,2018-02-15 06:44:56.240
5496,15.915751,-95.150928,-11.263,4725.6,-40972.7,1301.3,290.8,457.5,436.8,2.261,0,0,127,108,-9.0,0.185,2,2018-02-15 06:49:39.500
5497,15.927712,-95.158447,-10.507,3921.5,-39649.0,545.0,403.2,454.8,732.6,1.657,0,0,129,90,-9.0,0.186,2,2018-02-15 06:59:23.400
5498,16.637753,-95.493522,-1.332,-31867.5,38924.8,-8630.4,1709.5,1693.8,1656.1,1.125,0,0,5,5,-9.0,0.135,2,2018-02-15 07:16:09.310
5499,16.526418,-95.218197,-9.687,-2467.3,26604.4,-274.9,452.1,457.8,1432.4,1.293,0,0,129,164,-9.0,0.182,2,2018-02-15 07:23:37.740
5500,16.423718,-95.27194,-18.931,-8210.1,15239.5,8968.7,603.5,1309.0,1338.7,1.165,0,0,8,8,-9.0,0.238,2,2018-02-15 08:03:38.010
5501,16.055453,-95.154858,-10.159,4303.6,-25513.0,197.1,402.5,504.7,583.3,1.072,0,0,75,111,-9.0,0.239,2,2018-02-15 08:18:16.310
5502,15.387169,-94.745532,-6.621,-4171.3,-3975.5,-23727.2,3423.8,4354.4,4600.2,1.6,0,0,5,4,-9.0,0.28,1,2018-02-15 09:37:39.960
5503,15.604552,-94.954476,-38.984,-26586.9,20078.3,8635.8,1078.4,1578.8,4099.7,2.18,0,0,87,84,-9.0,0.312,1,2018-02-15 11:50:25.310
5504,16.199688,-97.509774,-27.63,1723.9,505.1,8894.9,1606.4,1100.7,1971.6,1.651,0,0,10,9,-9.0,0.196,15,2018-02-15 14:29:07.050
5505,15.269509,-94.582992,-42.625,13280.6,-16994.9,12276.7,1503.6,2016.3,4675.2,2.001,0,0,31,37,-9.0,0.452,1,2018-02-15 17:13:58.360
5506,15.512932,-94.723714,-28.105,-1828.5,9940.4,-2243.4,1771.0,1396.3,1964.3,2.696,0,0,221,234,-9.0,0.302,1,2018-02-16 00:11:36.320
5507,16.616696,-98.5368,-6.022,-5930.8,5725.2,-9146.3,1129.9,1134.6,4406.1,0.935,0,0,4,4,-9.0,0.145,8,2018-02-16 00:47:00.060
5508,15.633999,-94.958919,-24.528,-27061.9,23336.6,-5820.5,1495.8,2441.7,2837.1,3.486,0,0,22,18,-9.0,0.402,1,2018-02-16 01:54:41.160
5509,15.45753,-94.993018,-29.909,4891.5,497.5,-1011.0,20109.8,26951.7,31167.8,3.486,0,0,7,5,-9.0,0.885,18,2018-02-16 01:54:42.320
5510,16.058019,-95.156071,-10.581,4173.5,-25229.1,618.6,456.9,332.1,560.5,2.312,0,0,107,115,-9.0,0.179,2,2018-02-16 03:20:48.690
5511,16.616671,-95.438826,-13.732,-26027.7,36591.8,3770.1,808.6,627.5,913.9,1.356,0,0,9,4,-9.0,0.233,2,2018-02-16 06:18:50.580
5512,16.526187,-95.25791,-13.336,-6708.9,26578.8,3373.8,526.9,430.6,880.8,0.968,0,0,60,62,-9.0,0.154,2,2018-02-16 06:58:47.140
5513,16.47998,-95.18418,-11.3,1166.4,21465.5,1337.8,471.9,759.9,1009.7,1.277,0,0,139,134,-9.0,0.198,2,2018-02-16 07:01:20.680
5514,15.461905,-94.820915,-30.289,-12261.3,4294.1,-58.9,1230.1,1835.4,2217.4,1.428,0,0,169,140,-9.0,0.396,1,2018-02-16 07:13:06.810
5515,15.44736,-94.936206,-29.666,-24636.2,2684.7,-682.5,2215.1,2127.2,2649.9,1.24,0,0,43,54,-9.0,0.384,1,2018-02-16 07:53:49.850
5516,15.209915,-94.427344,-30.832,29997.6,-23589.1,483.5,1722.4,1270.4,2280.8,2.189,0,0,79,31,-9.0,0.412,1,2018-02-16 08:18:59.950
5517,15.238941,-94.526188,-22.414,19381.4,-20377.3,-7933.9,1307.3,1704.5,1739.1,1.771,0,0,59,50,-9.0,0.485,1,2018-02-16 08:25:45.590
5518,16.436413,-95.394173,-12.845,-21268.8,16644.3,2883.5,846.7,982.8,1533.9,1.391,0,0,22,10,-9.0,0.266,2,2018-02-16 08:31:16.070
5519,15.85489,-95.234733,-5.489,-4240.2,-47707.6,-4472.5,496.1,653.4,573.5,1.695,0,0,54,46,-9.0,0.249,2,2018-02-16 08:32:45.270
5520,15.230332,-94.360645,-32.118,37158.3,-21329.9,1770.2,1404.6,1449.6,2318.4,1.956,0,0,43,32,-9.0,0.305,1,2018-02-16 09:19:30.600
5521,15.929014,-94.359009,-74.698,3704.3,-817.3,2248.5,3519.7,4794.8,4485.3,1.713,0,0,2,3,-9.0,0.586,24,2018-02-16 10:31:38.050
5522,15.035155,-94.340527,-33.993,39336.5,-42926.6,3644.9,1424.3,1235.0,3193.8,3.008,0,0,76,28,-9.0,0.383,1,2018-02-16 12:15:36.270
5523,15.76562,-95.157389,-30.247,-48338.9,37900.8,-101.2,3021.8,4481.0,4439.0,2.043,0,0,6,3,-9.0,0.395,1,2018-02-16 13:33:26.670
5524,16.222274,-95.339884,-7.255,-15477.4,-7052.6,-2707.2,660.9,674.3,1015.0,1.856,0,0,23,39,-9.0,0.271,2,2018-02-16 14:50:01.560
5525,15.185412,-94.540177,-35.385,17880.7,-26300.4,5036.4,1472.1,754.9,1829.8,3.3,0,0,47,43,-9.0,0.264,1,2018-02-16 16:47:03.550
5526,15.426315,-94.605306,-31.348,10880.1,356.1,1000.2,1698.7,1469.8,2575.7,1.523,0,0,31,22,-9.0,0.265,1,2018-02-16 17:44:52.820
5527,15.511429,-94.747518,-22.793,-4383.3,9774.0,-7555.2,1501.7,1101.7,1923.4,2.129,0,0,173,196,-9.0,0.337,1,2018-02-16 19:37:03.680
5528,16.296808,-95.60979,-3.042,6269.3,-6388.7,-11362.1,1870.2,1226.7,2641.5,1.791,0,0,2,3,-9.0,0.298,10,2018-02-16 23:28:58.240
5529,16.283132,-98.063664,-15.073,-8039.0,520.0,854.8,442.0,368.0,420.0,3.066,0,0,375,298,-9.0,0.196,3,2018-02-16 23:58:56.720
5530,15.839868,-95.196989,-17.506,-202.1,-49369.9,7544.5,361.8,561.0,893.7,1.674,0,0,22,33,-9.0,0.154,2,2018-02-17 00:25:07.170
5531,16.224648,-98.025472,-11.257,-3957.0,-5951.9,-2960.8,486.5,501.2,653.1,2.663,0,0,269,144,-9.0,0.206,3,2018-02-17 00:53:02.730
5532,16.273435,-98.044523,-13.069,-5993.2,-553.0,-1148.6,557.1,586.7,527.4,2.082,0,0,305,261,-9.0,0.211,3,2018-02-17 01:22:44.720
5533,16.2693,-98.074756,-17.029,-9225.0,-1010.7,2810.9,658.7,519.3,537.5,3.214,0,0,392,215,-9.0,0.216,3,2018-02-17 02:01:31.180
5534,15.998776,-97.956698,-7.998,-202.4,4429.4,-5472.3,626.1,666.5,688.9,2.647,0,0,19,9,-9.0,0.156,7,2018-02-17 02:19:21.750
5535,15.995656,-97.977482,-6.322,-2427.4,4084.1,-7148.1,759.1,1024.4,1057.1,2.096,0,0,15,7,-9.0,0.146,7,2018-02-17 03:09:37.830
5536,16.186181,-98.04672,-8.811,-6229.2,-10208.8,-5406.7,552.7,571.4,712.1,1.882,0,0,155,120,-9.0,0.218,3,2018-02-17 03:41:47.760
5537,16.367299,-97.924495,-35.269,-3685.4,3458.1,2739.2,7596.0,5735.2,7752.9,1.399,0,0,4,4,-9.0,0.423,38,2018-02-17 03:44:13.220
5538,16.115877,-97.771012,-13.017,23250.2,-17988.6,-1200.5,803.1,575.3,1096.1,3.828,0,0,32,16,-9.0,0.179,3,2018-02-17 03:54:41.710
5539,16.353099,-95.097542,-0.201,10425.1,7424.6,-9760.6,516.0,1203.0,764.5,2.238,0,0,22,23,-9.0,0.218,2,2018-02-17 04:09:04.960
5540,15.478468,-94.756185,-41.977,-5313.7,6126.8,11628.9,1278.0,1161.3,2329.4,2.226,0,0,164,150,-9.0,0.25,1,2018-02-17 04:56:02.850
5541,16.471792,-95.153125,-10.248,4483.9,20559.4,285.6,416.6,451.9,535.5,1.542,0,0,187,208,-9.0,0.18,2,2018-02-17 05:33:02.440
5542,15.398972,-94.70616,-46.304,54.6,-2669.6,15955.3,1626.6,1584.9,2500.6,2.28,0,0,91,93,-9.0,0.341,1,2018-02-17 06:08:45.190
5543,15.129645,-94.414616,-26.148,31370.5,-32471.2,-4200.0,793.5,1318.0,1867.1,2.424,0,0,79,40,-9.0,0.373,1,2018-02-17 06:30:50.010
5544,16.275467,-98.064998,-15.147,-8181.3,-328.3,928.6,491.6,444.9,504.5,2.479,0,0,388,296,-9.0,0.198,3,2018-02-17 07:01:46.120
5545,16.260765,-98.046313,-15.022,-6185.1,-1955.3,804.4,848.6,726.2,815.2,1.63,0,0,215,228,-9.0,0.232,3,2018-02-17 07:37:23.930
5546,16.130065,-97.77133,-12.267,23215.6,-16418.6,-1950.5,407.7,502.2,839.4,2.486,0,0,40,35,-9.0,0.149,3,2018-02-17 08:03:35.310
5547,16.126786,-95.229964,-10.97,-3728.1,-17619.3,1008.2,318.1,452.1,472.5,2.123,0,0,128,136,-9.0,0.201,2,2018-02-17 08:20:43.110
5548,16.200869,-98.053703,-11.413,-6975.4,-8583.4,-2804.9,606.3,465.5,591.5,2.771,0,0,303,137,-9.0,0.219,3,2018-02-17 09:07:23.050
5549,15.60623,-94.982267,-41.896,-29568.4,20264.0,11547.5,1400.9,2052.2,3459.8,1.663,0,0,41,32,-9.0,0.386,1,2018-02-17 09:19:39.610
5550,15.938557,-97.928483,-20.133,2818.8,-2234.4,6662.7,1167.7,979.1,1367.4,2.986,0,0,18,7,-9.0,0.206,7,2018-02-17 09:38:07.720
5551,16.022816,-95.049007,-58.478,-375.8,-203.0,-5487.3,6290.2,7008.0,8248.2,1.886,0,0,5,4,-9.0,0.402,25,2018-02-17 11:41:49.530
5552,16.365051,-94.921794,-18.948,29205.8,8747.4,8985.9,811.9,901.9,923.1,1.934,0,0,12,10,-9.0,0.186,2,2018-02-17 12:53:53.730
5553,15.323424,-94.813159,-32.195,-11432.8,-11029.0,1847.2,1387.9,1138.5,1757.0,2.585,0,0,108,95,-9.0,0.322,1,2018-02-17 13:48:21.860
5554,15.940294,-97.968237,-9.995,-1437.5,-2042.1,-3474.2,734.4,908.8,846.4,2.701,0,0,30,11,-9.0,0.23,7,2018-02-17 13:51:10.500
5555,16.203173,-98.037769,-14.484,-5272.1,-8328.3,266.4,897.1,816.2,898.2,2.346,0,0,190,120,-9.0,0.292,3,2018-02-17 16:29:36.100
5556,16.26105,-98.001668,-11.459,-1412.9,-1923.6,-2758.7,382.4,402.7,512.0,1.987,0,0,372,225,-9.0,0.231,3,2018-02-17 18:29:58.520
5557,16.244935,-98.027091,-12.097,-4130.1,-3706.9,-2121.0,842.6,553.6,955.5,1.405,0,0,321,215,-9.0,0.197,3,2018-02-17 18:39:21.080
5558,15.317055,-94.741935,-31.124,-3785.6,-11733.8,775.3,1218.4,1752.1,1933.2,2.202,0,0,79,89,-9.0,0.302,1,2018-02-17 19:08:15.280
5559,16.395691,-97.862809,-17.484,13425.1,12975.8,3266.2,453.0,442.6,576.4,1.278,0,0,59,50,-9.0,0.171,3,2018-02-17 19:31:12.780
5560,16.217745,-98.049023,-11.952,-6474.7,-6715.9,-2266.4,478.5,357.0,470.2,3.012,0,0,348,214,-9.0,0.206,3,2018-02-17 19:42:46.000
5561,16.255676,-98.018237,-12.24,-3183.5,-2518.3,-1977.5,550.9,628.6,632.3,1.567,0,0,313,231,-9.0,0.253,3,2018-02-17 19:50:18.240
5562,16.286171,-98.068978,-14.677,-8606.9,856.3,458.6,577.7,400.5,506.9,1.22,0,0,282,241,-9.0,0.206,3,2018-02-17 20:06:50.860
5563,16.293128,-98.098543,-17.606,-11766.3,1626.1,3388.6,808.0,912.9,998.8,1.559,0,0,203,173,-9.0,0.176,3,2018-02-17 20:24:10.880
5564,14.783223,-93.708122,-30.962,7111.1,2602.9,-604.8,11868.8,8370.1,13228.2,2.561,0,0,4,4,-9.0,0.778,19,2018-02-17 21:06:50.960
5565,16.265285,-98.056966,-16.024,-7323.7,-1454.9,1806.1,736.0,743.6,726.4,1.511,0,0,274,241,-9.0,0.227,3,2018-02-17 21:08:11.240
5566,16.384489,-97.856885,-17.912,14058.5,11736.2,3694.0,364.3,481.9,519.1,1.513,0,0,66,56,-9.0,0.188,3,2018-02-17 21:22:35.640
5567,16.267761,-98.064429,-17.0,-8120.8,-1181.0,2781.6,625.5,449.1,552.0,3.915,0,0,381,260,-9.0,0.237,3,2018-02-17 21:30:42.260
5568,16.289313,-98.045996,-15.412,-6150.7,1203.9,1194.4,572.7,446.3,530.6,2.163,0,0,402,240,-9.0,0.189,3,2018-02-17 22:30:40.520
5569,15.856802,-93.52369,-107.339,-491.0,-165.7,478.8,2776.3,2512.3,2145.5,2.405,0,0,3,5,-9.0,0.289,26,2018-02-17 22:49:49.160
5570,16.269938,-98.108618,-16.435,-12844.4,-940.0,2217.3,654.9,524.2,489.0,1.053,0,0,241,209,-9.0,0.18,3,2018-02-18 01:11:19.950
5571,16.300977,-98.064315,-16.195,-8108.4,2494.6,1977.1,514.2,374.6,430.1,1.984,0,0,350,249,-9.0,0.189,3,2018-02-18 01:17:56.360
5572,16.278056,-97.919523,-13.95,7367.4,-41.8,-268.2,346.6,571.7,485.5,1.115,0,0,88,82,-9.0,0.244,3,2018-02-18 01:35:39.030
5573,16.225465,-98.0743,-1.484,-9176.7,-5861.5,-12733.7,1197.0,1239.9,1305.1,1.906,0,0,53,12,-9.0,0.247,3,2018-02-18 03:36:17.490
5574,16.33625,-98.131022,-17.899,-15236.1,6398.1,3681.5,784.3,755.5,560.8,1.318,0,0,153,128,-9.0,0.208,3,2018-02-18 03:58:29.590
5575,15.864627,-95.024072,-49.608,-34032.7,48856.2,19259.4,1218.1,1911.5,2260.9,2.065,0,0,9,11,-9.0,0.286,1,2018-02-18 04:29:46.110
5576,16.271294,-98.047648,-15.944,-6326.9,-790.1,1726.5,458.6,351.6,405.1,1.417,0,0,363,198,-9.0,0.177,3,2018-02-18 04:44:17.440
5577,15.890923,-97.968245,-29.156,-1438.4,-7505.4,15685.5,1114.8,1091.6,2052.0,2.537,0,0,9,4,-9.0,0.197,7,2018-02-18 05:35:24.180
5578,16.212332,-98.070736,-10.437,-8796.2,-7314.8,-3781.3,454.5,402.4,678.4,0.794,0,0,226,182,-9.0,0.185,3,2018-02-18 05:41:51.160
5579,16.331416,-98.041284,-16.343,-5645.8,5863.0,2124.9,528.0,449.7,504.9,1.299,0,0,330,191,-9.0,0.181,3,2018-02-18 05:46:45.730
5580,16.495103,-94.972396,-10.583,23790.8,23139.0,621.3,584.4,505.9,706.5,1.935,0,0,23,35,-9.0,0.153,2,2018-02-18 06:12:41.740
5581,16.373562,-98.039657,-20.017,-5471.4,10526.9,5799.6,699.8,548.8,641.5,1.325,0,0,140,79,-9.0,0.283,3,2018-02-18 07:15:14.450
5582,16.202607,-98.123063,-15.601,-14390.3,-8391.0,1383.2,907.3,566.3,762.2,2.122,0,0,198,67,-9.0,0.336,3,2018-02-18 08:08:19.520
5583,16.141818,-97.779451,-11.071,22347.1,-15118.0,-3147.4,416.6,477.7,819.7,1.813,0,0,39,32,-9.0,0.139,3,2018-02-18 08:19:51.870
5584,15.466643,-94.761963,-26.044,-5933.8,4818.4,-4304.3,876.7,774.5,1442.5,2.354,0,0,246,219,-9.0,0.315,1,2018-02-18 10:53:43.880
5585,16.249985,-98.046151,-13.176,-6167.3,-3148.2,-1041.8,592.1,400.2,606.8,1.966,0,0,321,198,-9.0,0.18,3,2018-02-18 11:50:17.010
5586,15.129579,-94.15297,-40.31,59473.3,-32478.5,9962.1,3580.5,4196.5,14498.4,2.864,0,0,5,3,-9.0,0.514,1,2018-02-18 12:04:09.680
5587,16.360059,-95.04891,-26.99,15621.9,8194.8,17027.7,797.4,383.9,849.8,1.782,0,0,13,12,-9.0,0.249,2,2018-02-18 12:30:18.710
5588,16.196253,-98.049105,-10.61,-6484.4,-9094.1,-3608.2,348.2,348.4,718.9,1.78,0,0,257,137,-9.0,0.211,3,2018-02-18 13:44:38.990
5589,16.232514,-98.081112,-12.171,-9905.4,-5081.4,-2047.2,598.3,365.2,572.8,1.54,0,0,321,191,-9.0,0.228,3,2018-02-18 16:21:24.250
5590,16.246866,-95.162288,-51.493,4413.2,-4352.7,2037.2,1379.1,2101.6,1578.8,1.986,0,0,11,9,-9.0,0.413,9,2018-02-18 17:38:18.820
5591,16.304207,-97.787638,-15.852,21462.2,2852.2,1633.7,428.7,368.3,671.3,1.566,0,0,26,20,-9.0,0.176,3,2018-02-18 17:58:21.060
5592,16.300372,-97.716064,-17.445,29112.9,2427.9,3227.2,744.6,767.7,1014.5,1.743,0,0,14,13,-9.0,0.264,3,2018-02-18 20:36:14.600
5593,16.567935,-95.466813,-12.123,-29019.8,31198.7,2160.6,584.3,647.3,792.8,1.556,0,0,18,19,-9.0,0.169,2,2018-02-18 21:02:04.920
5594,15.879895,-95.135327,-12.36,6395.3,-44940.5,2398.3,528.0,708.5,597.9,2.208,0,0,75,61,-9.0,0.171,2,2018-02-18 21:43:50.800
5595,16.19296,-98.013208,-11.808,-2646.2,-9458.6,-2409.9,878.9,729.5,856.9,1.931,0,0,174,148,-9.0,0.293,3,2018-02-18 22:10:18.180
5596,16.203464,-98.101017,-12.995,-12033.8,-8296.2,-1223.4,896.6,733.4,827.5,2.256,0,0,205,80,-9.0,0.302,3,2018-02-19 00:38:41.700
5597,15.548233,-93.627661,-93.648,-972.6,-704.5,3528.5,9107.9,7140.6,7470.4,3.09,0,0,6,6,-9.0,0.643,31,2018-02-19 03:12:26.720
5598,15.977598,-95.2021,-9.691,-749.0,-34128.6,-271.1,241.5,267.3,344.1,2.214,0,0,166,158,-9.0,0.174,2,2018-02-19 03:22:14.920
5599,16.035592,-95.097038,-23.364,10487.3,-27711.0,13401.6,2036.3,1469.7,2908.8,1.713,0,0,4,5,-9.0,0.267,2,2018-02-19 03:45:45.170
5600,16.276143,-98.060832,-13.738,-7736.4,-253.4,-479.9,387.1,340.8,354.6,1.371,0,0,364,271,-9.0,0.191,3,2018-02-19 03:51:22.900
5601,16.135157,-97.790576,-8.323,21157.2,-15855.0,-5894.7,241.6,325.1,869.4,1.347,0,0,35,32,-9.0,0.143,3,2018-02-19 04:47:55.040
5602,14.999235,-94.306014,-27.091,43048.0,-46901.3,-3257.5,1444.0,1496.8,2260.3,2.16,0,0,34,24,-9.0,0.382,1,2018-02-19 05:16:25.440
5603,15.47005,-94.931958,-31.238,-24178.6,5195.4,889.7,2733.4,2687.2,3879.2,1.686,0,0,96,19,-9.0,0.462,1,2018-02-19 05:21:02.660
5604,15.774428,-94.859058,-52.714,-16342.7,38875.5,22366.0,1169.8,1052.1,1683.3,1.84,0,0,13,10,-9.0,0.178,1,2018-02-19 05:33:17.660
5605,15.974906,-95.202197,-11.717,-759.1,-34426.5,1755.2,343.6,456.1,382.1,1.361,0,0,140,136,-9.0,0.189,2,2018-02-19 05:36:46.830
5606,16.105996,-95.03868,-7.216,-291.6,-3323.0,718.7,1535.8,1214.4,2955.4,1.91,0,0,9,12,-9.0,0.365,11,2018-02-19 06:11:28.870
5607,15.601269,-94.890202,-34.716,-19691.1,19715.0,4367.2,1772.7,1636.5,4466.7,2.365,0,0,121,93,-9.0,0.319,1,2018-02-19 06:23:47.960
5608,16.283326,-97.958301,-13.565,3223.0,541.4,-653.0,493.1,472.5,609.0,1.837,0,0,250,199,-9.0,0.198,3,2018-02-19 06:31:27.620
5609,16.515372,-95.0625,-13.21,14164.2,25382.0,3248.5,333.4,353.7,531.6,1.708,0,0,127,148,-9.0,0.136,2,2018-02-19 06:38:38.200
5610,16.208164,-98.077539,-11.75,-9523.9,-7776.0,-2468.1,772.2,693.0,776.5,1.955,0,0,243,101,-9.0,0.317,3,2018-02-19 06:48:22.580
5611,16.513087,-95.065047,-13.23,13892.1,25129.1,3267.7,282.8,268.8,558.0,1.364,0,0,106,149,-9.0,0.149,2,2018-02-19 06:49:03.020
5612,16.2856,-97.750407,-14.994,25442.6,793.1,776.0,485.2,568.5,956.9,4.093,0,0,22,19,-9.0,0.146,3,2018-02-19 06:56:57.340
5613,16.239857,-95.235083,-4.272,-4273.5,-5106.8,-5689.8,584.3,738.8,817.5,1.836,0,0,53,58,-9.0,0.206,2,2018-02-19 07:30:40.580
5614,15.966814,-95.197721,-10.554,-280.4,-35322.0,591.8,324.6,353.5,651.5,1.281,0,0,133,124,-9.0,0.169,2,2018-02-19 07:45:38.670
5615,16.544166,-95.126131,-10.466,7366.7,28568.4,504.0,406.0,379.6,758.4,1.104,0,0,201,224,-9.0,0.169,2,2018-02-19 07:47:36.550
5616,16.492634,-95.10931,-6.341,9165.0,22865.8,-3620.9,367.4,302.8,916.7,1.099,0,0,206,225,-9.0,0.218,2,2018-02-19 07:57:33.670
5617,16.101258,-95.230094,-10.457,-3741.5,-20444.2,494.7,309.2,382.9,596.2,1.28,0,0,118,103,-9.0,0.198,2,2018-02-19 07:59:57.860
5618,16.70543,-94.915788,-13.702,-789.9,2538.3,5938.3,541.0,468.5,835.8,0.949,0,0,22,39,-9.0,0.19,4,2018-02-19 08:05:01.520
5619,15.884245,-95.211841,-11.984,-1790.8,-44459.2,2022.0,727.5,856.0,702.1,1.651,0,0,116,96,-9.0,0.214,2,2018-02-19 08:24:55.300
5620,15.949567,-95.238045,-8.423,-4593.7,-37230.5,-1539.1,645.0,366.0,796.2,1.149,0,0,129,99,-9.0,0.222,2,2018-02-19 08:28:43.080
5621,15.27532,-94.602091,-23.238,11229.1,-16351.9,-7110.4,753.8,795.9,945.5,2.329,0,0,164,158,-9.0,0.377,1,2018-02-19 09:50:00.970
5622,16.239635,-95.279272,-10.266,-8997.6,-5131.3,303.9,527.9,608.5,810.4,1.174,0,0,29,53,-9.0,0.23,2,2018-02-19 10:58:57.870
5623,16.296514,-95.234562,-9.771,-4217.4,1163.0,-191.2,700.0,724.1,1272.8,1.505,0,0,16,23,-9.0,0.205,2,2018-02-19 11:29:35.980
5624,16.311764,-98.094377,-17.759,-11320.5,3688.3,3541.2,682.3,849.1,838.8,1.021,0,0,207,185,-9.0,0.167,3,2018-02-19 11:58:28.000
5625,15.36461,-94.535286,-29.387,18398.7,-6471.8,-961.3,1618.4,1265.0,1896.7,2.297,0,0,28,30,-9.0,0.38,1,2018-02-19 14:49:49.540
5626,15.438805,-94.76766,-32.494,-6545.9,1738.0,2146.1,1605.1,1371.6,1533.9,2.47,0,0,210,164,-9.0,0.342,1,2018-02-19 14:51:50.670
5627,15.818917,-95.078109,-40.758,-39830.6,43798.2,10409.9,2342.6,1830.4,3094.1,2.465,0,0,18,17,-9.0,0.342,1,2018-02-19 15:56:29.190
5628,16.506324,-95.438501,-12.936,-26000.0,24380.7,2974.0,493.5,658.8,838.6,2.074,0,0,33,30,-9.0,0.269,2,2018-02-19 16:35:45.660
5629,16.351037,-95.17522,-18.291,2124.8,7196.5,8329.0,863.0,643.6,1044.0,1.689,0,0,11,15,-9.0,0.179,2,2018-02-19 16:39:35.100
5630,15.894779,-95.139201,-12.456,5980.1,-43293.3,2493.8,298.9,407.4,585.8,2.059,0,0,106,71,-9.0,0.154,2,2018-02-19 16:48:38.840
5631,16.309644,-98.09965,-15.936,-11884.7,3453.8,1717.9,439.6,423.2,310.2,1.401,0,0,247,201,-9.0,0.141,3,2018-02-19 17:18:43.400
5632,15.875368,-94.907593,-54.159,-21542.3,50044.7,23810.7,1233.1,1171.9,1436.8,2.24,0,0,14,10,-9.0,0.197,1,2018-02-19 19:39:45.560
5633,15.542827,-94.648657,-26.784,6225.0,13248.3,-3564.0,1873.8,1641.0,1654.4,2.391,0,0,62,70,-9.0,0.341,1,2018-02-19 20:29:40.360
5634,16.39478,-97.855843,-15.996,14170.1,12875.1,1778.1,514.2,628.1,631.6,1.162,0,0,49,47,-9.0,0.196,3,2018-02-19 20:51:12.400
5635,16.252045,-98.025496,-12.024,-3959.6,-2920.2,-2194.2,832.8,547.7,1042.5,2.414,0,0,354,227,-9.0,0.226,3,2018-02-19 20:52:07.640
5636,15.376457,-94.62391,-20.5,8884.4,-5161.0,-9848.5,1765.8,1388.3,1570.9,2.549,0,0,112,111,-9.0,0.348,1,2018-02-19 21:06:42.080
5637,16.269054,-98.001147,-12.813,-1356.9,-1037.8,-1405.1,558.7,421.0,625.6,1.244,0,0,262,238,-9.0,0.245,3,2018-02-19 21:30:37.980
5638,16.300062,-98.092521,-16.342,-11122.6,2393.5,2123.9,564.7,453.2,459.9,2.32,0,0,335,268,-9.0,0.204,3,2018-02-19 21:51:05.120
5639,16.314761,-98.082585,-15.396,-10060.5,4020.1,1177.7,639.7,545.8,554.5,1.665,0,0,329,255,-9.0,0.204,3,2018-02-19 22:48:31.340
5640,16.304026,-97.952287,-13.555,3865.3,2832.1,-662.9,513.3,360.6,626.9,1.506,0,0,176,154,-9.0,0.184,3,2018-02-19 23:09:28.760
5641,16.157855,-97.743376,-13.384,26203.0,-13343.2,-833.5,407.7,693.3,729.7,1.411,0,0,35,32,-9.0,0.147,3,2018-02-19 23:39:22.880
5642,16.461854,-97.880664,-16.004,11515.9,20297.5,1786.2,438.8,463.6,644.0,1.475,0,0,48,35,-9.0,0.209,3,2018-02-19 23:49:57.320
5643,16.677753,-94.936816,-14.182,-3032.7,-524.6,6418.0,270.7,307.3,535.7,2.036,0,0,34,36,-9.0,0.145,4,2018-02-20 02:21:17.970
5644,15.973789,-95.195573,-12.314,-50.7,-34550.0,2352.3,457.3,505.2,940.1,1.801,0,0,128,125,-9.0,0.183,2,2018-02-20 02:28:10.820
5645,16.513424,-95.440601,-1.614,-26224.5,25166.4,-8348.0,703.6,903.6,597.8,1.704,0,0,9,10,-9.0,0.196,2,2018-02-20 02:36:02.810
5646,16.305018,-98.094279,-17.475,-11310.6,2941.9,3257.2,607.3,454.5,502.8,0.937,0,0,260,199,-9.0,0.178,3,2018-02-20 03:07:39.200
5647,16.256535,-98.010417,-12.21,-2347.6,-2423.3,-2008.4,547.7,460.9,659.9,1.285,0,0,264,229,-9.0,0.172,3,2018-02-20 03:42:12.640
5648,16.066913,-95.250602,-9.435,-5934.9,-24244.9,-527.3,315.7,412.9,647.4,1.67,0,0,119,129,-9.0,0.163,2,2018-02-20 04:13:27.790
5649,15.959024,-95.182218,-5.167,1378.3,-36184.0,-4795.0,357.1,461.0,473.8,1.432,0,0,115,106,-9.0,0.181,2,2018-02-20 05:02:49.600
5650,15.808256,-94.917228,-31.739,-22579.4,42618.6,1390.9,1130.8,1385.9,2193.9,1.862,0,0,26,19,-9.0,0.27,1,2018-02-20 05:03:40.870
5651,15.988251,-97.929777,-7.207,2679.6,3264.7,-6263.5,699.8,839.2,1674.1,2.028,0,0,21,8,-9.0,0.223,7,2018-02-20 05:18:12.480
5652,16.564056,-95.136857,-12.865,6221.0,30769.5,2903.2,372.9,365.8,743.4,2.255,0,0,199,214,-9.0,0.158,2,2018-02-20 05:23:27.490
5653,16.531018,-95.146875,-10.874,5151.6,27113.4,912.2,276.0,255.5,588.3,1.035,0,0,158,214,-9.0,0.136,2,2018-02-20 05:49:33.360
5654,16.359666,-97.99305,-17.336,-491.6,8989.2,3117.9,749.5,895.8,759.8,1.188,0,0,193,97,-9.0,0.228,3,2018-02-20 05:54:37.300
5655,16.155318,-95.085522,-1.877,-5301.7,2134.9,-4620.7,1974.9,1547.9,2865.5,2.048,0,0,1,5,-9.0,0.481,11,2018-02-20 06:08:45.050
5656,15.483576,-94.847225,-25.339,-15084.0,6692.1,-5009.3,1929.3,1910.6,2190.7,1.743,0,0,70,108,-9.0,0.512,1,2018-02-20 06:11:05.140
5657,15.502199,-94.851693,-33.265,-15562.9,8752.8,2916.4,1303.5,2197.5,5340.7,3.946,0,0,292,101,-9.0,0.368,1,2018-02-20 06:28:42.390
5658,15.559357,-94.859489,-32.097,-16397.0,15077.3,1749.0,1187.5,1700.3,1790.5,2.038,0,0,112,65,-9.0,0.353,1,2018-02-20 06:31:34.100
5659,15.41209,-94.802612,-38.879,-10297.6,-1218.0,8530.5,2116.5,1528.9,5304.3,1.734,0,0,146,213,-9.0,0.353,1,2018-02-20 06:35:44.620
5660,15.61067,-94.873161,-54.141,-3173.0,-881.2,200.9,16890.0,16516.8,22081.0,1.77,0,0,5,6,-9.0,0.769,21,2018-02-20 06:37:42.480
5661,15.425242,-94.861051,-23.785,-16570.0,237.3,-6563.4,2051.4,2067.8,2483.5,2.192,0,0,93,77,-9.0,0.305,1,2018-02-20 06:47:48.390
5662,15.490417,-94.729582,-27.297,-2458.6,7449.1,-3051.8,1240.1,1071.0,1715.3,1.54,0,0,163,118,-9.0,0.273,1,2018-02-20 07:00:21.650
5663,16.145683,-97.847729,-10.119,15046.5,-14690.3,-4098.8,299.8,431.7,700.1,0.996,0,0,35,33,-9.0,0.157,3,2018-02-20 07:07:44.060
5664,17.204287,-94.853792,-118.319,660.7,413.6,-395.6,948.5,1323.0,1016.6,1.36,0,0,1,5,-9.0,0.165,29,2018-02-20 07:12:12.860
5665,16.276535,-98.032625,-14.977,-4721.9,-210.1,759.3,648.2,484.8,642.0,1.337,0,0,351,242,-9.0,0.192,3,2018-02-20 07:18:47.240
5666,15.445664,-94.857332,-31.722,-16170.0,2497.1,1373.4,1572.2,1295.1,1266.7,2.306,0,0,227,156,-9.0,0.321,1,2018-02-20 07:26:08.720
5667,15.318419,-94.649967,-19.76,6088.3,-11582.8,-10588.4,1067.6,1449.9,1114.1,2.618,0,0,66,46,-9.0,0.348,1,2018-02-20 07:35:39.790
5668,15.919639,-95.151579,-9.012,4655.8,-40542.4,-949.9,505.8,356.9,697.4,1.62,0,0,116,81,-9.0,0.21,2,2018-02-20 07:56:10.650
5669,15.457533,-94.857633,-34.576,-16202.3,3810.3,4227.9,1751.3,1285.3,3280.6,2.021,0,0,116,97,-9.0,0.313,1,2018-02-20 07:58:57.110
5670,15.446696,-94.854329,-30.492,-15847.9,2611.2,144.1,1546.4,1031.4,1342.0,2.17,0,0,252,148,-9.0,0.304,1,2018-02-20 08:08:24.800
5671,16.269836,-98.004077,-13.012,-1670.5,-951.4,-1206.0,410.3,306.9,504.0,1.773,0,0,355,175,-9.0,0.19,3,2018-02-20 09:09:00.950
5672,15.510844,-94.944548,-32.516,-25526.9,9709.2,2167.5,1753.2,1315.0,1837.1,2.079,0,0,133,74,-9.0,0.304,1,2018-02-20 09:18:47.830
5673,16.278239,-98.05721,-13.919,-7349.1,-21.5,-299.1,503.0,381.3,560.3,1.898,0,0,378,299,-9.0,0.21,3,2018-02-20 09:37:19.310
5674,15.651852,-94.809432,-29.542,-11023.4,25312.2,-806.2,1391.2,1342.8,2517.3,3.259,0,0,84,70,-9.0,0.318,1,2018-02-20 10:04:06.730
5675,15.440056,-94.846313,-29.88,-14987.8,1876.5,-468.5,1596.9,1468.4,1506.0,1.896,0,0,243,174,-9.0,0.316,1,2018-02-20 10:20:50.190
5676,16.565337,-95.467668,-13.982,-29111.7,30911.2,4019.8,641.6,817.2,1034.4,1.056,0,0,19,19,-9.0,0.217,2,2018-02-20 10:28:29.210
5677,16.48855,-95.182178,-12.158,1380.7,22413.8,2196.0,460.8,642.6,1134.8,1.182,0,0,173,159,-9.0,0.165,2,2018-02-20 10:29:00.160
5678,15.419283,-94.695614,-24.475,1186.7,-422.1,-5873.7,1400.8,1696.0,1634.5,1.786,0,0,132,94,-9.0,0.393,1,2018-02-20 11:30:06.040
5679,16.476812,-97.90481,-16.979,8935.7,21952.8,2760.7,735.3,693.4,653.8,1.126,0,0,29,27,-9.0,0.158,3,2018-02-20 12:51:21.390
5680,17.170313,-96.001815,-0.34,298.4,-2510.9,-70.1,1390.3,1671.9,831.3,1.977,0,0,17,14,-9.0,0.397,14,2018-02-20 13:18:34.150
5681,15.756625,-97.838501,-8.513,6980.7,8238.5,-7232.4,1644.5,1467.7,1601.8,1.403,0,0,8,7,-9.0,0.396,6,2018-02-20 14:53:52.770
5682,15.626481,-97.884701,-8.704,2029.3,-6162.5,-7041.8,2555.0,2515.3,2451.3,2.899,0,0,16,4,-9.0,0.543,6,2018-02-20 15:05:46.590
5683,16.263336,-98.171989,-19.288,-19617.9,-1670.7,5070.6,1122.7,961.7,1076.6,2.048,0,0,67,31,-9.0,0.278,3,2018-02-20 15:33:58.430
5684,15.734597,-94.872493,-44.117,-17785.5,34468.1,13768.3,1972.9,2279.0,3581.4,2.087,0,0,10,14,-9.0,0.355,1,2018-02-20 15:36:28.890
5685,15.461907,-94.867196,-36.155,-17228.2,4294.3,5806.7,2141.8,1728.1,2339.6,2.028,0,0,75,88,-9.0,0.36,1,2018-02-20 19:20:59.460
5686,15.122221,-94.289062,-30.923,44856.7,-33292.7,574.7,2194.4,1820.8,3057.6,3.076,0,0,33,9,-9.0,0.349,1,2018-02-20 23:18:28.000
5687,16.28368,-98.059237,-18.638,-7566.0,580.6,4419.7,640.8,453.0,536.1,1.699,0,0,259,225,-9.0,0.171,3,2018-02-21 00:01:02.440
5688,16.22104,-98.023104,-9.991,-3704.6,-6351.2,-4227.3,784.5,501.7,914.5,1.32,0,0,198,165,-9.0,0.166,3,2018-02-21 04:20:12.340
5689,15.463454,-94.763509,-46.24,-6100.0,4465.5,15891.4,1378.2,1406.3,1997.9,2.185,0,0,128,197,-9.0,0.325,1,2018-02-21 04:28:47.010
5690,16.382461,-95.167627,-0.018,2935.8,10673.9,-9944.4,588.7,1096.8,697.4,1.929,0,0,28,22,-9.0,0.254,2,2018-02-21 04:32:07.310
5691,16.57639,-95.055542,-10.338,14905.3,32134.2,376.4,442.1,411.3,747.4,1.505,0,0,96,115,-9.0,0.14,2,2018-02-21 07:04:14.690
5692,16.540765,-95.186377,-12.776,931.6,28192.1,2814.5,333.4,327.4,652.1,1.155,0,0,138,158,-9.0,0.138,2,2018-02-21 08:24:26.580
5693,15.304793,-94.629647,-30.863,8269.8,-13090.7,514.3,872.3,1152.9,1794.4,1.73,0,0,94,120,-9.0,0.361,1,2018-02-21 08:36:11.450
5694,15.448985,-94.85848,-33.105,-16293.4,2864.5,2756.8,1685.4,1192.0,2368.8,2.228,0,0,194,116,-9.0,0.262,1,2018-02-21 09:21:39.010
5695,16.219888,-95.332699,-3.524,-14709.3,-7316.5,-6437.6,418.9,639.3,4897.6,1.282,0,0,29,41,-9.0,0.313,2,2018-02-21 09:45:00.280
5696,16.204042,-95.40616,-44.652,-1948.4,5739.9,-456.9,976.3,974.1,1473.6,1.174,0,0,11,10,-9.0,0.244,5,2018-02-21 10:31:12.120
5697,15.444575,-94.854134,-33.899,-15827.2,2376.5,3550.3,1573.1,979.8,2288.3,2.13,0,0,215,112,-9.0,0.278,1,2018-02-21 10:37:20.800
5698,16.314564,-97.90756,-15.514,8645.8,3998.3,1295.8,543.4,324.7,688.1,0.964,0,0,67,64,-9.0,0.171,3,2018-02-21 10:47:19.900
5699,16.2472,-98.031226,-12.391,-4571.9,-3456.4,-1827.3,489.8,329.8,471.4,1.786,0,0,361,249,-9.0,0.201,3,2018-02-21 12:09:34.120
5700,16.324436,-98.050041,-16.544,-6581.8,5090.7,2326.4,623.6,518.9,578.6,2.159,0,0,373,190,-9.0,0.167,3,2018-02-21 12:19:28.700
5701,16.256567,-97.980013,-20.457,902.1,-2419.7,6239.0,876.4,703.0,1025.1,1.853,0,0,203,126,-9.0,0.235,3,2018-02-21 17:30:10.500
5702,16.276301,-98.029102,-13.875,-4345.2,-235.9,-342.5,532.1,363.4,557.9,0.932,0,0,286,256,-9.0,0.179,3,2018-02-21 19:01:41.120
5703,16.027378,-95.06814,-32.3,13578.3,-28619.8,22337.6,2117.8,1970.4,3606.1,1.949,0,0,3,3,-9.0,0.158,2,2018-02-21 19:07:30.920
5704,16.31925,-98.068831,-18.029,-8590.7,4516.8,3811.5,773.6,436.6,669.3,2.393,0,0,328,128,-9.0,0.21,3,2018-02-21 20:13:47.680
5705,16.218987,-98.071704,-11.752,-8899.5,-6578.3,-2465.7,445.0,354.3,511.5,1.483,0,0,307,208,-9.0,0.199,3,2018-02-21 20:38:37.760
5706,15.854428,-95.103011,-50.381,-42497.2,47727.6,20032.9,1512.0,2391.9,2662.3,1.984,0,0,2,4,-9.0,0.266,1,2018-02-21 21:28:10.440
5707,16.262222,-98.079264,-17.128,-9706.5,-1794.0,2909.9,1188.8,967.5,931.7,1.974,0,0,358,127,-9.0,0.272,3,2018-02-21 22:44:01.880
5708,16.286246,-98.017375,-12.403,-3091.2,864.6,-1815.3,533.6,355.3,598.1,1.088,0,0,294,267,-9.0,0.188,3,2018-02-21 23:17:53.140
5709,15.949816,-95.227189,-11.506,-3432.9,-37203.0,1543.8,643.0,601.2,809.1,1.595,0,0,90,104,-9.0,0.205,2,2018-02-22 01:16:27.460
5710,15.412016,-94.764746,-27.69,-6233.7,-1226.2,-2658.0,1075.2,1501.0,1750.1,2.633,0,0,329,258,-9.0,0.318,1,2018-02-22 03:15:50.130
5711,15.420633,-94.786255,-32.323,-8542.0,-272.7,1974.9,1419.2,1367.0,2144.5,2.427,0,0,262,170,-9.0,0.311,1,2018-02-22 03:27:43.520
5712,15.485528,-94.973153,-20.577,-28599.0,6908.0,-9771.7,3209.5,1844.3,2487.4,1.806,0,0,11,8,-9.0,0.403,1,2018-02-22 03:43:00.930
5713,15.488327,-94.94244,-31.117,-25302.0,7217.7,768.9,2210.1,2016.0,2612.9,1.806,0,0,29,42,-9.0,0.387,1,2018-02-22 03:43:01.000
5714,16.320185,-95.636011,-11.065,3466.6,-3801.7,-3339.5,2970.7,1964.3,3016.1,1.476,0,0,5,5,-9.0,0.295,10,2018-02-22 04:11:05.530
5715,15.542108,-94.751009,-24.669,-4757.8,13168.7,-5679.0,1452.7,1120.0,1290.8,2.099,0,0,184,157,-9.0,0.318,1,2018-02-22 05:30:14.940
5716,16.23767,-98.080868,-8.741,-9878.9,-4510.9,-5477.3,758.7,980.8,1264.4,1.98,0,0,270,69,-9.0,0.332,3,2018-02-22 05:47:07.790
5717,16.075238,-95.215316,-19.713,-2162.1,-23323.6,9751.3,333.7,378.3,495.7,1.28,0,0,53,68,-9.0,0.3,2,2018-02-22 05:49:09.330
5718,16.128398,-95.217293,-10.135,-2372.5,-17440.9,173.5,448.1,413.7,779.7,1.776,0,0,112,136,-9.0,0.198,2,2018-02-22 06:41:03.990
5719,16.220082,-95.273844,-12.201,-8417.9,-7295.1,2239.0,408.1,483.0,640.8,1.584,0,0,49,42,-9.0,0.16,2,2018-02-22 07:49:51.830
5720,16.219838,-95.279118,-10.918,-8981.3,-7322.0,955.8,375.1,406.9,536.9,1.52,0,0,56,65,-9.0,0.195,2,2018-02-22 07:52:24.610
5721,16.067886,-95.276351,-11.258,-8688.6,-24137.2,1295.7,357.4,496.0,790.5,1.069,0,0,91,101,-9.0,0.209,2,2018-02-22 08:26:46.440
5722,15.586106,-94.722274,-23.776,-1673.7,18037.3,-6572.2,1745.8,1604.4,1835.3,1.082,0,0,32,55,-9.0,0.365,1,2018-02-22 08:32:27.020
5723,15.244104,-94.268066,-30.118,47098.2,-19806.0,-230.5,2266.8,2127.3,3380.3,1.579,0,0,13,10,-9.0,0.277,1,2018-02-22 08:48:34.420
5724,16.524094,-95.088037,-11.971,11436.6,26347.2,2009.4,484.8,372.4,423.2,1.085,0,0,135,143,-9.0,0.113,2,2018-02-22 09:18:52.530
5725,16.216316,-97.829557,-8.285,16985.8,-6874.0,-5933.2,476.9,463.7,974.5,1.078,0,0,32,32,-9.0,0.117,3,2018-02-22 11:18:39.160
5726,16.386641,-94.982349,-25.807,22733.6,11136.5,15844.9,708.2,653.3,584.1,1.429,0,0,16,11,-9.0,0.178,2,2018-02-22 11:39:08.290
5727,15.234283,-94.3479,-31.918,38526.2,-20892.8,1570.0,1286.2,1626.9,1895.8,2.045,0,0,25,22,-9.0,0.308,1,2018-02-22 12:24:21.660
5728,15.683422,-94.817407,-32.711,-11878.6,28805.4,2362.6,1563.8,1696.4,1601.6,2.032,0,0,49,50,-9.0,0.334,1,2018-02-22 12:43:56.500
5729,16.268266,-98.008455,-13.012,-2137.8,-1125.1,-1205.7,550.4,370.6,665.0,1.246,0,0,279,248,-9.0,0.152,3,2018-02-22 13:42:54.810
5730,16.393113,-98.026831,-17.304,-4101.1,12690.6,3086.2,758.2,676.4,778.7,1.662,0,0,128,86,-9.0,0.197,3,2018-02-22 15:15:56.120
5731,15.390275,-95.055314,-33.206,-1794.0,-6944.4,2286.0,16482.2,26481.6,48481.0,2.342,0,0,2,3,-9.0,0.962,18,2018-02-22 18:43:32.360
5732,15.647801,-95.001107,-32.037,-31586.4,24863.9,1688.3,1235.8,1328.6,1898.5,2.342,0,0,47,49,-9.0,0.326,1,2018-02-22 18:43:33.040
5733,15.251742,-94.545215,-17.791,17337.4,-18961.0,-12557.0,1254.5,1203.6,1325.0,2.275,0,0,44,39,-9.0,0.337,1,2018-02-22 20:23:20.220
5734,15.526926,-94.981576,-25.482,-29499.5,11488.8,-4866.1,2475.3,1896.9,3300.6,2.042,0,0,19,21,-9.0,0.348,1,2018-02-22 21:01:25.040
5735,16.325339,-98.099146,-18.981,-11830.0,5190.6,4763.1,631.8,616.3,617.4,1.07,0,0,179,160,-9.0,0.178,3,2018-02-22 22:11:39.300
5736,16.315362,-95.031388,-14.185,17496.3,3248.7,4222.7,393.6,645.7,809.9,1.807,0,0,35,44,-9.0,0.188,2,2018-02-22 23:35:28.440
5737,16.44991,-95.243563,-9.398,-5177.4,18138.0,-564.1,516.6,507.6,1061.9,2.192,0,0,78,61,-9.0,0.214,2,2018-02-23 00:25:08.610
5738,16.236592,-95.247119,-2.955,-5560.2,-5468.1,-7006.5,328.3,395.9,442.6,1.41,0,0,34,46,-9.0,0.224,2,2018-02-23 01:00:45.510
5739,15.570546,-94.874601,-31.836,-18018.1,16315.5,1487.6,1494.9,1644.9,2439.7,2.498,0,0,106,102,-9.0,0.334,1,2018-02-23 01:10:00.950
5740,15.688082,-97.936483,-20.309,-3521.8,653.9,4563.1,2044.4,1587.6,2187.7,2.008,0,0,39,14,-9.0,0.333,6,2018-02-23 01:25:39.700
5741,15.512664,-94.957943,-44.368,-26964.9,9910.7,14019.3,2334.1,2269.8,4653.6,2.148,0,0,4,4,-9.0,0.344,1,2018-02-23 03:48:10.350
5742,15.923479,-95.152148,-7.884,4594.8,-40117.4,-2078.1,605.6,486.4,889.9,1.321,0,0,82,108,-9.0,0.203,2,2018-02-23 04:43:27.990
5743,16.273939,-95.15061,-1.661,4755.0,-1335.2,-8301.4,655.0,661.6,516.5,0.832,0,0,25,36,-9.0,0.206,2,2018-02-23 05:23:34.710
5744,15.687606,-97.916398,-11.874,-1368.9,601.2,-3871.8,1311.6,1413.1,1759.7,2.004,0,0,43,21,-9.0,0.371,6,2018-02-23 05:37:55.340
5745,15.691257,-97.908285,-12.31,-499.4,1005.2,-3435.8,1357.4,1231.7,1752.8,1.867,0,0,42,18,-9.0,0.286,6,2018-02-23 05:39:16.040
5746,15.666311,-97.913786,-28.556,-1089.0,-1755.2,12810.4,2425.4,1975.9,3165.7,3.008,0,0,20,6,-9.0,0.386,6,2018-02-23 05:43:36.070
5747,15.658979,-97.926904,-19.993,-2495.2,-2566.5,4247.3,1442.7,1494.6,1549.2,2.324,0,0,42,18,-9.0,0.271,6,2018-02-23 05:48:38.930
5748,15.460929,-94.699674,-13.457,751.0,4186.2,-16891.1,1684.7,1204.6,1020.6,1.835,0,0,62,45,-9.0,0.374,1,2018-02-23 07:15:27.060
5749,16.565529,-95.459619,-10.66,-28251.8,30932.5,697.6,537.6,850.7,1059.8,1.113,0,0,6,12,-9.0,0.073,2,2018-02-23 08:00:39.910
5750,15.967581,-95.320076,-8.546,-13368.1,-35237.1,-1415.5,718.0,785.6,1149.4,1.545,0,0,19,12,-9.0,0.323,2,2018-02-23 08:20:02.510
5751,15.562285,-94.89856,-31.212,-20589.7,15401.4,863.7,1092.2,878.9,1411.6,1.342,0,0,42,36,-9.0,0.271,1,2018-02-23 09:24:56.980
5752,16.552027,-95.453239,-11.31,-27571.1,29438.4,1347.8,514.8,335.4,777.9,1.743,0,0,16,21,-9.0,0.171,2,2018-02-23 09:31:16.800
5753,16.412971,-95.169784,-2.581,2705.0,14050.3,-7381.4,471.1,935.8,483.3,1.493,0,0,80,62,-9.0,0.205,2,2018-02-23 09:40:15.290
5754,16.270363,-95.086849,-5.74,11570.6,-1730.9,-4221.6,443.0,460.4,833.6,1.655,0,0,50,48,-9.0,0.202,2,2018-02-23 11:17:22.650
5755,15.91396,-95.15603,-10.887,4179.8,-41170.9,925.4,365.3,528.9,516.8,1.552,0,0,106,96,-9.0,0.184,2,2018-02-23 12:25:32.080
5756,16.134673,-97.745052,-17.534,26024.8,-15908.7,3317.0,464.7,659.9,737.8,1.533,0,0,31,22,-9.0,0.162,3,2018-02-23 12:54:39.170
5757,16.240865,-98.037874,-12.497,-5282.7,-4157.3,-1721.1,448.6,324.8,440.6,1.168,0,0,307,189,-9.0,0.169,3,2018-02-23 13:30:02.500
5758,16.284489,-95.076449,-10.462,12681.9,-167.7,500.1,621.9,745.6,1154.0,2.058,0,0,31,38,-9.0,0.159,2,2018-02-23 13:45:32.230
5759,15.051146,-94.395898,-31.843,33386.9,-41157.2,1494.6,1902.7,1214.9,1764.4,2.763,0,0,54,9,-9.0,0.471,1,2018-02-23 14:31:41.010
5760,15.454342,-94.701416,-23.592,564.4,3457.3,-6756.3,1347.0,1322.1,1755.5,2.357,0,0,172,163,-9.0,0.308,1,2018-02-23 19:13:51.520
5761,16.359093,-98.040316,-15.026,-5542.3,8925.9,808.5,576.1,547.5,565.2,1.789,0,0,178,138,-9.0,0.18,3,2018-02-23 20:22:49.000
5762,15.73602,-95.042301,-38.856,-35998.5,34625.5,8508.1,1833.0,2124.8,5396.3,2.028,0,0,13,9,-9.0,0.376,1,2018-02-23 21:17:46.960
5763,16.415629,-95.07417,-25.063,12920.9,14344.3,15101.2,855.0,640.2,542.6,2.235,0,0,16,15,-9.0,0.241,2,2018-02-24 00:42:08.320
5764,16.544082,-95.177018,-11.482,1931.2,28559.1,1520.3,456.5,351.6,935.7,2.27,0,0,182,218,-9.0,0.195,2,2018-02-24 01:03:51.300
5765,15.600632,-94.768075,-34.212,-6588.2,19644.5,3863.6,1665.0,1568.4,3462.0,2.191,0,0,110,110,-9.0,0.417,1,2018-02-24 02:27:39.960
5766,16.305145,-95.051188,-6.782,15380.4,2118.1,-3180.4,379.8,615.0,782.4,3.137,0,0,38,42,-9.0,0.208,2,2018-02-24 02:47:43.800
5767,15.511266,-95.06744,-29.621,-3094.9,6443.6,-1299.1,31331.4,27192.7,32303.4,2.013,0,0,5,2,-9.0,0.826,18,2018-02-24 02:51:56.470
5768,16.478164,-95.132967,-5.856,6637.3,21264.5,-4106.0,485.7,717.5,1228.4,2.013,0,0,173,189,-9.0,0.236,2,2018-02-24 02:51:56.690
5769,16.270941,-95.086768,-3.596,11579.5,-1666.9,-6365.8,296.5,399.5,540.5,1.69,0,0,47,52,-9.0,0.191,2,2018-02-24 04:21:16.320
5770,15.144268,-94.461646,-20.559,26317.8,-30853.1,-9789.8,1488.5,1622.2,1930.5,2.082,0,0,25,17,-9.0,0.429,1,2018-02-24 04:47:34.660
5771,15.867686,-94.891211,-50.028,-19786.3,49194.6,19679.4,1270.2,1032.0,1315.5,1.68,0,0,29,16,-9.0,0.12,1,2018-02-24 04:59:31.260
5772,16.456122,-97.876742,-16.201,11934.7,19663.2,1982.6,481.8,338.9,677.0,1.837,0,0,48,38,-9.0,0.187,3,2018-02-24 05:13:09.120
5773,15.495301,-94.854606,-32.441,-15876.0,7989.5,2092.7,1309.3,1247.7,1295.7,1.957,0,0,252,154,-9.0,0.371,1,2018-02-24 06:13:57.620
5774,16.310796,-97.904696,-15.137,8952.0,3581.3,919.2,534.1,494.2,664.9,1.387,0,0,67,60,-9.0,0.211,3,2018-02-24 07:08:31.390
5775,16.182183,-95.412044,-8.689,-23192.8,-11489.1,-1272.7,975.2,1486.5,1764.6,1.258,0,0,10,8,-9.0,0.187,2,2018-02-24 07:13:45.310
5776,17.270022,-95.960148,-1.235,4729.7,8523.8,825.2,1273.2,1003.7,1475.1,1.925,0,0,5,4,-9.0,0.39,14,2018-02-24 07:40:06.870
5777,16.323196,-95.063029,-13.142,14115.0,4115.7,3180.3,658.2,400.0,788.9,1.075,0,0,33,42,-9.0,0.183,2,2018-02-24 07:45:48.550
5778,16.53059,-95.182756,-10.86,1318.4,27066.0,897.8,471.9,635.0,1234.9,2.032,0,0,175,186,-9.0,0.2,2,2018-02-24 08:21:02.680
5779,16.484742,-95.171981,-10.224,2469.8,21992.5,262.3,525.7,344.7,580.5,1.997,0,0,160,167,-9.0,0.147,2,2018-02-24 08:22:34.310
5780,16.234636,-95.2479,-4.764,-5644.3,-5684.4,-5198.0,476.4,602.9,766.7,1.145,0,0,21,26,-9.0,0.154,2,2018-02-24 08:32:15.190
5781,16.475524,-95.166325,-8.021,3074.1,20972.4,-1940.8,327.9,293.3,1101.3,1.435,0,0,175,187,-9.0,0.187,2,2018-02-24 11:05:21.050
5782,16.146343,-95.263973,-1.077,-7364.1,-15455.1,-8884.6,469.3,494.1,587.9,0.957,0,0,42,34,-9.0,0.18,2,2018-02-24 11:12:31.030
5783,15.584673,-94.881828,-21.343,-18793.1,17878.7,-9005.5,2787.6,1872.7,2496.1,1.886,0,0,36,31,-9.0,0.438,1,2018-02-24 11:41:44.810
5784,15.33343,-94.772526,-32.454,-7070.0,-9921.9,2106.1,1950.7,2440.4,2155.3,1.863,0,0,40,59,-9.0,0.412,1,2018-02-24 12:18:32.620
5785,16.375087,-98.043327,-18.666,-5864.2,10695.8,4448.5,606.0,521.8,586.9,2.036,0,0,161,132,-9.0,0.178,3,2018-02-24 13:07:18.870
5786,16.026484,-95.041992,-69.452,375.4,203.0,5486.9,6366.8,7446.2,7812.5,3.57,0,0,5,4,-9.0,0.402,25,2018-02-24 15:11:46.530
5787,16.285436,-98.088037,-15.671,-10643.9,774.9,1453.1,452.6,324.6,364.2,1.319,0,0,309,206,-9.0,0.18,3,2018-02-24 16:24:39.670
5788,16.398305,-97.849593,-15.617,14837.4,13265.1,1398.7,543.3,497.0,687.8,1.184,0,0,50,47,-9.0,0.191,3,2018-02-24 16:46:30.800
5789,16.326143,-95.054712,-10.298,15003.7,4441.8,336.1,325.7,522.0,669.6,2.983,0,0,59,52,-9.0,0.221,2,2018-02-24 18:00:00.640
5790,16.316023,-95.05236,-9.147,15254.7,3321.8,-814.9,337.5,741.6,923.3,2.627,0,0,41,51,-9.0,0.21,2,2018-02-24 18:02:56.260
5791,16.854194,-95.48418,-8.257,791.0,657.7,4111.9,7185.3,7933.6,8563.0,2.0,0,0,3,6,-9.0,0.713,27,2018-02-24 21:39:38.000
5792,16.313969,-97.910653,-14.989,8315.1,3932.4,770.9,532.1,317.4,700.9,1.193,0,0,87,81,-9.0,0.16,3,2018-02-24 23:16:52.960
5793,16.512839,-98.506999,-16.713,-2751.3,-5768.0,1545.2,584.1,1464.1,1098.3,1.044,0,0,6,6,-9.0,0.195,8,2018-02-25 00:42:19.940
5794,15.438115,-94.85988,-31.802,-16443.9,1661.8,1454.1,1619.9,1601.0,1549.9,2.195,0,0,196,135,-9.0,0.308,1,2018-02-25 03:26:54.540
5795,16.339872,-95.046297,-12.964,15902.0,5961.0,3001.6,590.4,564.5,792.2,1.24,0,0,31,44,-9.0,0.2,2,2018-02-25 03:51:14.460
5796,16.532801,-95.60402,-8.015,2530.2,-6027.4,2091.5,10407.6,8144.1,14595.8,1.512,0,0,2,3,-9.0,0.4,17,2018-02-25 04:44:22.340
5797,16.568675,-95.456055,-9.985,-27871.1,31280.6,22.6,448.4,559.1,720.7,1.62,0,0,27,27,-9.0,0.197,2,2018-02-25 05:11:11.020
5798,15.919702,-96.936304,-15.99,-230.9,2711.4,2170.3,1888.7,2469.9,1673.1,1.107,0,0,4,4,-9.0,0.237,23,2018-02-25 05:22:23.750
5799,15.472268,-94.764543,-16.546,-6211.2,5440.8,-13802.5,1513.1,1990.0,1791.1,2.409,0,0,49,55,-9.0,0.35,1,2018-02-25 05:54:17.380
5800,15.352871,-94.695565,-26.141,1192.9,-7770.8,-4206.8,960.4,1315.3,1565.5,2.579,0,0,193,175,-9.0,0.315,1,2018-02-25 06:09:52.890
5801,16.090648,-97.805192,-15.996,19596.7,-20780.4,1777.9,517.0,704.0,1069.9,0.999,0,0,32,24,-9.0,0.226,3,2018-02-25 06:14:58.060
5802,16.147585,-95.231209,-7.205,-3860.8,-15317.6,-2757.0,226.8,301.5,638.9,1.406,0,0,111,121,-9.0,0.184,2,2018-02-25 08:00:17.960
5803,16.597197,-95.649178,-9.434,-2289.2,1098.9,3510.5,9673.2,9206.7,12383.5,1.773,0,0,7,5,-9.0,0.541,17,2018-02-25 08:26:30.080
5804,16.389719,-98.001416,-16.763,-1385.0,12314.9,2545.2,664.9,648.7,737.4,1.687,0,0,125,66,-9.0,0.168,3,2018-02-25 08:32:56.370
5805,16.662563,-95.161182,-7.035,3622.2,41670.4,-2927.4,489.6,704.3,2191.6,0.957,0,0,5,8,-9.0,0.153,2,2018-02-25 08:38:02.050
5806,15.392446,-94.710897,-15.302,-453.5,-3391.6,-15045.9,1802.4,1481.9,1479.5,1.883,0,0,51,39,-9.0,0.376,1,2018-02-25 08:57:28.570
5807,15.452185,-94.73147,-19.871,-2661.8,3218.6,-10477.4,1281.4,1268.5,1185.5,2.657,0,0,162,132,-9.0,0.292,1,2018-02-25 09:26:35.670
5808,15.674259,-94.917977,-30.121,-22667.2,27791.5,-227.3,1494.7,1475.2,2848.9,2.538,0,0,82,75,-9.0,0.378,1,2018-02-25 09:41:52.010
5809,16.35614,-95.370435,-0.752,-18736.1,7761.3,-9210.1,670.5,990.3,623.9,2.335,0,0,5,4,-9.0,0.261,2,2018-02-25 09:53:06.520
5810,15.30755,-94.570036,-29.722,14669.8,-12785.6,-626.3,2735.1,1522.8,2750.2,1.5,0,0,31,26,-9.0,0.507,1,2018-02-25 10:17:43.320
5811,15.052081,-94.357349,-28.541,37528.0,-41053.8,-1807.8,1092.2,1563.5,2420.2,2.462,0,0,78,26,-9.0,0.361,1,2018-02-25 10:51:51.910
5812,15.042408,-94.460107,-32.002,26489.4,-42124.1,1654.1,3000.7,2870.3,4528.8,1.711,0,0,18,6,-9.0,0.375,1,2018-02-25 11:48:18.440
5813,16.420588,-97.924072,-15.796,6878.7,15731.0,1578.6,635.5,605.1,823.1,1.508,0,0,82,61,-9.0,0.224,3,2018-02-25 12:05:52.300
5814,15.516136,-94.752214,-33.604,-4886.7,10294.8,3255.7,1557.0,1533.9,3896.3,1.88,0,0,162,226,-9.0,0.395,1,2018-02-25 12:06:50.930
5815,16.081243,-95.375187,-52.821,1363.9,-7849.0,7712.1,1078.5,1045.8,1803.3,1.377,0,0,7,6,-9.0,0.319,5,2018-02-25 12:25:26.550
5816,16.064794,-95.389331,-45.779,-148.7,-9669.2,670.3,1025.1,1652.1,2228.5,1.396,0,0,3,3,-9.0,0.237,5,2018-02-25 12:47:07.680
5817,15.340994,-94.576042,-26.376,14024.3,-9084.9,-3972.8,1159.4,1301.0,2004.3,3.747,0,0,113,85,-9.0,0.328,1,2018-02-25 12:51:36.170
5818,16.298583,-98.051066,-14.041,-6692.2,2229.8,-176.7,521.3,375.2,501.7,1.197,0,0,292,262,-9.0,0.185,3,2018-02-25 13:12:22.590
5819,16.427549,-95.238306,-8.0,-4616.2,15663.4,-1962.2,720.1,764.4,830.7,1.738,0,0,22,47,-9.0,0.29,2,2018-02-25 13:14:46.630
5820,15.272139,-94.625382,-32.582,8728.8,-16703.9,2233.3,960.9,1343.2,1958.6,2.301,0,0,73,82,-9.0,0.318,1,2018-02-25 13:44:14.100
5821,16.136339,-97.79585,-11.293,20594.1,-15724.2,-2924.7,237.6,297.4,612.9,1.531,0,0,39,40,-9.0,0.155,3,2018-02-25 14:20:56.860
5822,16.047146,-95.197021,-4.345,-205.8,-26432.4,-5616.7,469.8,626.8,536.2,1.521,0,0,123,102,-9.0,0.199,2,2018-02-25 14:28:50.150
5823,16.289851,-98.080965,-15.868,-9888.2,1263.5,1649.8,455.3,420.8,434.1,2.858,0,0,390,276,-9.0,0.196,3,2018-02-25 15:18:00.980
5824,16.308058,-98.065658,-13.975,-8251.5,3278.3,-243.2,386.5,342.6,399.4,1.422,0,0,360,246,-9.0,0.204,3,2018-02-25 15:23:00.060
5825,15.535211,-94.839071,-25.666,-14207.6,12405.6,-4682.6,777.2,1212.2,2052.3,2.601,0,0,170,153,-9.0,0.345,1,2018-02-25 15:34:48.500
5826,16.393735,-95.52784,-14.118,-35553.9,11921.5,4156.4,1513.5,1622.9,2000.6,1.466,0,0,2,4,-9.0,0.183,2,2018-02-25 17:18:39.360
5827,15.378701,-94.741593,-27.849,-3748.4,-4912.6,-2499.3,592.0,1025.3,1154.2,2.629,0,0,224,194,-9.0,0.295,1,2018-02-25 18:36:43.560
5828,15.541002,-94.791732,-39.026,-9127.3,13046.5,8678.1,1482.5,1149.1,9438.3,2.334,0,0,215,211,-9.0,0.28,1,2018-02-25 19:10:47.960
5829,15.637207,-93.958195,-78.068,2623.9,5319.5,5661.8,866.3,1179.9,1493.6,2.516,0,0,3,6,-9.0,0.276,16,2018-02-25 20:11:52.980
5830,16.562673,-95.122127,-4.994,7794.3,30616.4,-4967.5,301.6,562.5,912.6,1.803,0,0,66,150,-9.0,0.256,2,2018-02-25 20:25:55.840
5831,15.319019,-94.529411,-32.753,19031.1,-11516.6,2404.4,1219.5,1900.1,1950.9,2.256,0,0,69,89,-9.0,0.494,1,2018-02-26 00:53:42.110
5832,15.338367,-94.713802,-25.346,-765.1,-9375.7,-5002.1,964.6,1138.6,1714.6,2.157,0,0,143,134,-9.0,0.395,1,2018-02-26 00:55:15.700
5833,15.280638,-94.704256,-30.961,259.9,-15763.6,612.3,1708.8,1093.0,1628.7,1.958,0,0,80,72,-9.0,0.365,1,2018-02-26 01:04:28.180
5834,17.182332,-95.691309,-0.216,-107.2,5747.1,86.5,2202.2,1894.7,1816.8,2.025,0,0,2,6,-9.0,0.831,22,2018-02-26 01:44:29.870
5835,16.299815,-97.994661,-8.914,-663.6,2366.1,-5303.6,642.7,538.7,947.6,1.232,0,0,127,155,-9.0,0.227,3,2018-02-26 02:01:04.580
5836,16.461863,-97.898047,-16.382,9658.1,20298.5,2164.1,644.6,951.6,717.1,1.316,0,0,47,30,-9.0,0.186,3,2018-02-26 02:28:26.950
5837,16.187099,-95.230591,-9.343,-3794.1,-10945.0,-618.6,643.0,741.8,1079.1,1.247,0,0,39,40,-9.0,0.204,2,2018-02-26 02:37:35.830
5838,16.32249,-97.867399,-2.711,12937.0,4875.4,-11506.6,956.5,2014.9,2080.1,2.082,0,0,5,2,-9.0,0.171,3,2018-02-26 02:55:14.650
5839,16.542918,-95.12312,-10.992,7688.6,28430.3,1030.4,351.9,561.8,712.8,1.95,0,0,181,191,-9.0,0.14,2,2018-02-26 03:55:36.710
5840,15.343051,-94.64091,-14.825,7060.2,-8857.3,-15523.3,1262.9,1479.6,1236.6,1.86,0,0,39,29,-9.0,0.275,1,2018-02-26 04:20:24.590
5841,16.478298,-95.159985,-10.462,3751.7,21279.3,500.5,369.8,278.0,745.2,0.599,0,0,127,173,-9.0,0.132,2,2018-02-26 04:25:38.380
5842,15.507043,-94.656755,-30.952,5357.0,9288.8,603.3,1679.3,1323.8,1919.7,1.796,0,0,50,53,-9.0,0.266,1,2018-02-26 05:19:17.520
5843,15.136795,-94.631079,-33.598,8119.7,-31680.0,3249.6,1886.5,1526.4,3529.3,1.75,0,0,11,13,-9.0,0.284,1,2018-02-26 05:46:34.640
5844,16.292927,-98.025114,-11.866,-3918.6,1603.9,-2351.6,527.2,265.3,597.9,0.969,0,0,266,260,-9.0,0.19,3,2018-02-26 05:51:57.080
5845,16.685887,-94.918709,-5.22,-1101.7,375.5,-2543.8,338.9,374.9,2454.9,0.851,0,0,37,38,-9.0,0.186,4,2018-02-26 06:21:20.690
5846,16.233558,-98.051668,-12.526,-6757.4,-4965.9,-1692.3,667.9,691.1,796.0,1.626,0,0,276,198,-9.0,0.222,3,2018-02-26 06:51:29.870
5847,16.493877,-95.159668,-10.17,3785.4,23003.4,207.7,418.4,449.6,569.5,0.999,0,0,216,237,-9.0,0.167,2,2018-02-26 07:40:20.940
5848,15.870697,-96.931999,-11.65,230.1,-2711.3,-2170.4,1873.3,2223.3,2472.9,1.047,0,0,4,4,-9.0,0.237,23,2018-02-26 08:48:01.640
5849,16.473155,-95.176302,-10.017,2008.1,20710.3,55.4,519.0,451.3,1136.1,0.567,0,0,114,111,-9.0,0.136,2,2018-02-26 09:58:04.860
5850,15.379455,-94.778377,-43.096,-7696.8,-4829.2,12747.6,2572.9,2125.8,2901.7,1.499,0,0,26,26,-9.0,0.362,1,2018-02-26 10:02:27.220
5851,15.716353,-95.144312,-39.15,385.0,3618.8,2899.7,28150.4,28060.3,70756.5,1.374,0,0,3,4,-9.0,1.462,32,2018-02-26 11:29:03.910
5852,16.488033,-95.177279,-4.744,1904.1,22356.7,-5217.8,566.1,491.9,838.5,1.619,0,0,86,101,-9.0,0.165,2,2018-02-26 12:42:58.140
5853,15.426183,-94.836483,-33.956,-13933.6,341.4,3607.9,1664.3,1418.5,2858.1,2.255,0,0,171,114,-9.0,0.292,1,2018-02-26 12:56:04.570
5854,16.411979,-98.027848,-19.46,-4209.0,14778.4,5243.0,868.7,795.3,829.1,1.202,0,0,43,35,-9.0,0.147,3,2018-02-26 13:06:52.530
5855,16.163683,-97.540283,-11.87,-1538.2,-3479.1,-6865.1,1238.1,1007.8,1633.9,1.852,0,0,15,9,-9.0,0.309,15,2018-02-26 13:47:51.660
5856,16.216323,-97.527311,-18.324,-151.6,2346.0,-411.2,1061.2,1254.8,1695.2,3.109,0,0,19,14,-9.0,0.276,15,2018-02-26 19:18:54.880
5857,16.243878,-98.028328,-14.02,-4262.6,-3823.9,-198.2,864.6,781.2,918.9,1.674,0,0,263,213,-9.0,0.231,3,2018-02-27 02:57:32.660
5858,15.875164,-95.214998,-12.045,-2128.9,-45464.1,2083.2,619.8,662.0,638.1,1.372,0,0,102,90,-9.0,0.186,2,2018-02-27 03:10:56.860
5859,15.637335,-94.784383,-32.853,-8337.2,23705.8,2504.3,1486.4,1457.8,1594.8,1.776,0,0,71,63,-9.0,0.288,1,2018-02-27 04:29:24.120
5860,16.28337,-98.057886,-12.943,-7421.0,546.3,-1274.9,512.6,633.0,718.9,1.256,0,0,307,240,-9.0,0.249,3,2018-02-27 04:51:50.440
5861,15.423939,-94.501424,-9.065,22030.9,93.1,-21283.6,3372.8,2780.8,3754.6,1.281,0,0,4,4,-9.0,0.176,1,2018-02-27 04:58:56.610
5862,16.654659,-94.759448,-4.796,15887.3,-3080.2,-2968.0,930.4,525.4,1363.3,1.467,0,0,2,2,-9.0,0.147,4,2018-02-27 05:32:58.520
5863,15.291318,-94.481632,-17.835,24162.4,-14581.7,-12513.5,2154.7,1769.2,1840.6,2.007,0,0,31,20,-9.0,0.45,1,2018-02-27 05:58:27.690
5864,15.942091,-95.174382,-6.068,2216.2,-38057.8,-3894.1,443.5,444.3,751.5,1.599,0,0,118,106,-9.0,0.226,2,2018-02-27 06:09:08.670
5865,16.086054,-95.147135,-11.247,5128.9,-22126.7,1285.5,347.3,320.0,569.2,1.932,0,0,97,104,-9.0,0.188,2,2018-02-27 06:31:28.220
5866,16.54268,-95.125448,-10.743,7440.1,28404.0,780.6,275.4,259.7,521.4,1.557,0,0,202,234,-9.0,0.221,2,2018-02-27 07:09:59.470
5867,14.996715,-94.294491,-31.476,44286.3,-47180.2,1127.4,1108.8,1663.9,2765.7,2.341,0,0,47,25,-9.0,0.377,1,2018-02-27 07:29:04.550
5868,16.496084,-95.094694,-8.48,10725.6,23247.5,-1481.6,233.9,480.2,1002.9,0.815,0,0,151,196,-9.0,0.16,2,2018-02-27 07:58:26.190
5869,16.493514,-95.097575,-8.849,10417.8,22963.2,-1113.0,405.2,347.8,802.2,1.252,0,0,141,212,-9.0,0.177,2,2018-02-27 10:00:48.650
5870,16.290304,-98.028385,-11.688,-4268.4,1313.6,-2530.3,659.4,432.5,793.2,2.384,0,0,393,269,-9.0,0.208,3,2018-02-27 12:29:18.420
5871,15.459105,-94.893457,-32.381,-20047.3,3984.3,2032.5,2064.2,1910.7,1521.5,2.233,0,0,48,59,-9.0,0.344,1,2018-02-27 13:42:24.400
5872,15.215894,-94.556844,-32.872,16090.1,-22927.6,2524.0,1336.0,733.2,1145.5,2.573,0,0,90,95,-9.0,0.319,1,2018-02-27 15:57:04.260
5873,16.29625,-95.012581,-12.881,19507.3,1133.8,2919.1,953.4,848.4,964.6,1.96,0,0,16,23,-9.0,0.244,2,2018-02-27 16:00:44.930
5874,16.073618,-95.237524,-12.403,-4536.3,-23502.9,2440.6,341.6,504.0,624.0,2.269,0,0,89,112,-9.0,0.202,2,2018-02-27 16:13:48.230
5875,16.303411,-97.789225,-15.876,21293.1,2764.1,1658.3,549.4,531.5,802.0,1.123,0,0,26,20,-9.0,0.179,3,2018-02-27 21:11:37.720
5876,16.27648,-95.196094,-48.626,799.5,-1075.6,-830.3,2423.7,2865.3,2822.2,1.685,0,0,9,8,-9.0,0.494,9,2018-02-27 21:21:17.540
5877,15.524811,-94.742082,-30.015,-3799.4,11254.8,-333.5,1328.4,1024.7,1232.1,3.343,0,0,248,260,-9.0,0.309,1,2018-02-27 21:41:07.000
5878,16.37472,-94.904395,-14.571,31064.1,9817.3,4609.0,881.3,770.2,923.2,1.73,0,0,8,7,-9.0,0.207,2,2018-02-28 00:07:56.840
5879,15.282763,-94.704492,-35.929,234.1,-15528.3,5580.9,1655.8,1450.9,2601.2,1.935,0,0,48,42,-9.0,0.252,1,2018-02-28 00:36:52.380
5880,15.085061,-94.450488,-31.684,27520.0,-37404.6,1335.8,2008.5,2072.5,3048.1,1.943,0,0,20,10,-9.0,0.321,1,2018-02-28 03:13:09.100
5881,16.309106,-98.106722,-15.732,-12640.6,3394.3,1513.9,516.2,343.4,477.6,0.96,0,0,247,211,-9.0,0.17,3,2018-02-28 04:17:35.070
5882,16.292469,-95.26849,-51.414,-6938.2,693.7,1958.2,1821.4,2251.3,3596.7,1.173,0,0,2,5,-9.0,0.137,9,2018-02-28 04:58:53.850
5883,15.387983,-94.741048,-33.098,-3690.0,-3885.5,2750.0,1269.2,1568.3,2870.2,2.04,0,0,203,140,-9.0,0.315,1,2018-02-28 05:20:47.050
5884,15.930818,-95.229785,-9.396,-3710.6,-39305.3,-565.6,660.9,850.6,954.1,1.874,0,0,137,67,-9.0,0.246,2,2018-02-28 06:46:46.330
5885,16.249902,-98.039111,-12.202,-5414.7,-3157.3,-2016.3,548.7,333.8,574.5,0.85,0,0,264,249,-9.0,0.178,3,2018-02-28 07:01:06.620
5886,16.476081,-95.153035,-9.014,4493.8,21034.0,-947.5,228.9,314.3,913.6,1.439,0,0,213,217,-9.0,0.189,2,2018-02-28 07:18:08.510
5887,15.833587,-95.032943,-34.623,-34985.7,45421.5,4274.5,1554.6,1614.6,3578.1,1.282,0,0,25,18,-9.0,0.31,1,2018-02-28 07:25:42.710
5888,15.301969,-94.457495,-10.438,26753.1,-13403.1,-19910.5,1940.1,3592.6,4346.4,1.746,0,0,7,5,-9.0,0.307,1,2018-02-28 09:18:01.690
5889,16.346687,-97.949731,-17.519,4138.3,7553.0,3301.3,492.4,430.7,521.5,3.335,0,0,193,134,-9.0,0.197,3,2018-02-28 12:30:01.630
5890,16.380046,-98.185319,-22.916,-21036.6,11244.5,8698.1,1467.2,1974.3,1244.6,3.035,0,0,31,9,-9.0,0.238,3,2018-02-28 18:42:10.820
5891,15.257208,-94.766943,-30.752,-6471.9,-18356.0,403.4,1558.9,1676.4,2321.7,3.379,0,0,69,71,-9.0,0.363,1,2018-02-28 21:48:30.100
5892,15.276735,-94.680355,-24.363,2826.1,-16195.3,-5985.3,1449.4,2011.1,1605.7,2.9,0,0,74,77,-9.0,0.346,1,2018-02-28 22:42:22.840
5893,15.302836,-94.74563,-45.008,-4182.6,-13307.2,14659.3,1673.6,1580.8,3644.4,1.864,0,0,48,37,-9.0,0.353,1,2018-02-28 23:12:13.120
5894,16.272484,-97.790999,-15.563,15140.5,-918.1,1157.2,239.8,394.8,469.1,0.46,0,0,71,69,-9.0,0.128,2,2018-03-01 01:29:43.790
5895,16.269603,-98.049561,-11.401,-12496.1,-1237.0,-3004.5,518.1,416.8,529.9,1.198,0,0,188,175,-9.0,0.18,2,2018-03-01 02:52:50.770
5896,15.486735,-94.797233,-32.596,-7537.6,5654.5,3450.2,2783.1,2093.3,2636.1,2.458,0,0,154,169,-9.0,0.442,3,2018-03-01 03:09:16.350
5897,16.522213,-95.33527,-0.036,-16448.9,21843.6,-10117.6,869.7,1108.3,1146.2,1.521,0,0,2,1,-9.0,0.064,1,2018-03-01 05:39:34.470
5898,16.136304,-95.221818,-3.151,-4335.8,-20861.6,-7002.8,448.8,390.8,487.7,1.431,0,0,59,94,-9.0,0.159,1,2018-03-01 06:03:12.600
5899,16.26122,-97.869067,-3.657,6796.1,-2164.6,-10748.4,360.7,404.3,473.7,1.654,0,0,77,56,-9.0,0.114,2,2018-03-01 06:19:17.820
5900,17.160701,-96.022493,-0.05,-318.7,-171.4,15.0,644.6,649.1,451.6,2.077,0,0,7,4,-9.0,0.14,21,2018-03-01 06:35:11.810
5901,16.01626,-95.254557,-17.512,-7838.0,-34145.8,7358.1,634.2,727.6,918.9,1.278,0,0,18,15,-9.0,0.178,1,2018-03-01 07:01:24.080
5902,16.542926,-95.132161,-10.693,5244.6,24135.8,539.5,395.9,254.2,530.1,1.04,0,0,147,203,-9.0,0.201,1,2018-03-01 07:40:53.550
5903,15.478113,-94.803605,-35.651,-8222.0,4700.4,6505.6,2369.8,1681.6,3520.4,1.965,0,0,133,133,-9.0,0.414,3,2018-03-01 07:57:25.540
5904,15.380817,-94.698218,-32.434,3089.3,-6065.6,3288.1,3631.6,2102.0,3284.0,1.695,0,0,52,46,-9.0,0.525,3,2018-03-01 08:22:46.790
5905,14.490707,-92.91748,-0.062,-985.9,686.8,-3395.0,3330.1,2643.0,2516.4,3.062,0,0,13,9,-9.0,0.643,10,2018-03-01 08:33:29.260
5906,16.521563,-95.089103,-12.201,9843.8,21771.8,2047.2,273.8,282.1,342.8,2.098,0,0,188,197,-9.0,0.134,1,2018-03-01 08:47:33.230
5907,16.502787,-95.092505,-14.425,9480.6,19694.0,4271.3,301.7,199.7,452.7,1.164,0,0,145,151,-9.0,0.108,1,2018-03-01 08:53:48.060
5908,15.939057,-95.158024,-7.585,2486.0,-42689.1,-2568.6,242.4,306.2,601.8,1.266,0,0,63,59,-9.0,0.193,1,2018-03-01 09:44:48.500
5909,16.563523,-95.204582,-12.307,-2490.3,26415.1,2153.4,221.9,340.4,284.1,0.936,0,0,81,132,-9.0,0.152,1,2018-03-01 10:37:36.210
5910,16.505676,-95.113826,-4.898,7203.1,20013.7,-5255.2,242.2,250.1,421.7,1.44,0,0,200,230,-9.0,0.158,1,2018-03-01 10:55:38.070
5911,16.523279,-95.100057,-11.725,8674.1,21961.6,1570.9,257.9,262.2,392.1,1.543,0,0,184,182,-9.0,0.132,1,2018-03-01 11:30:22.820
5912,16.274493,-98.060181,-17.255,-13631.2,-695.8,2849.3,453.1,383.9,478.7,1.638,0,0,249,199,-9.0,0.192,2,2018-03-01 11:56:36.580
5913,16.223659,-97.586971,-13.939,36952.9,-6321.2,-466.4,297.5,307.5,493.0,2.12,0,0,43,35,-9.0,0.167,2,2018-03-01 12:26:40.850
5914,16.414808,-95.285173,-9.065,-11101.1,9958.1,-1088.6,662.3,651.3,1229.3,2.256,0,0,8,14,-9.0,0.218,1,2018-03-01 13:11:46.340
5915,15.59033,-93.965747,-73.209,1432.5,1250.1,1645.4,1562.1,1255.5,1781.1,2.537,0,0,9,16,-9.0,0.453,13,2018-03-01 17:00:31.680
5916,16.523595,-95.077645,-11.544,11067.3,21996.6,1390.4,369.8,187.1,446.6,1.591,0,0,96,160,-9.0,0.117,1,2018-03-01 18:30:13.920
5917,16.287792,-98.023527,-13.467,-9713.3,775.9,-938.1,514.1,399.6,559.9,1.288,0,0,204,177,-9.0,0.166,2,2018-03-01 19:19:45.480
5918,15.363857,-94.746525,-28.855,-2096.5,-7942.2,-290.9,2248.8,2506.8,3235.6,1.891,0,0,97,65,-9.0,0.466,3,2018-03-02 00:44:03.090
5919,16.141523,-95.383944,-12.217,-21668.5,-20283.9,2062.9,661.5,705.5,1028.9,1.934,0,0,21,28,-9.0,0.207,1,2018-03-02 01:52:35.290
5920,16.477833,-95.127555,-9.01,5737.1,16932.6,-1143.8,312.2,482.6,632.1,1.123,0,0,117,121,-9.0,0.117,1,2018-03-02 02:25:16.290
5921,15.334017,-94.571606,-32.587,16682.0,-11244.1,3441.0,2600.0,1864.3,2398.5,1.759,0,0,22,21,-9.0,0.387,3,2018-03-02 03:55:16.220
5922,16.197865,-97.773258,-16.793,17039.9,-9175.6,2387.8,442.5,565.4,719.0,1.04,0,0,20,15,-9.0,0.167,2,2018-03-02 04:56:26.320
5923,15.985327,-96.818522,-24.551,-37.3,-1848.7,3327.3,2211.5,2367.5,2623.6,1.202,0,0,9,7,-9.0,0.538,11,2018-03-02 05:11:21.630
5924,16.367581,-95.151082,-8.308,3224.8,4732.0,-1845.3,496.3,884.2,911.2,1.522,0,0,4,32,-9.0,0.251,1,2018-03-02 05:33:21.100
5925,15.504653,-94.684863,-26.839,4521.2,7637.1,-2306.7,1827.2,2028.3,3086.7,2.316,0,0,127,89,-9.0,0.377,3,2018-03-02 06:03:58.080
5926,16.483768,-95.150667,-7.926,3268.5,17589.3,-2227.2,328.1,310.1,745.5,2.647,0,0,232,162,-9.0,0.151,1,2018-03-02 06:19:10.890
5927,15.494455,-94.633382,-23.869,10046.1,6508.7,-5276.2,1963.9,1633.5,1662.8,1.789,0,0,74,65,-9.0,0.324,3,2018-03-02 06:58:35.690
5928,15.779287,-94.0743,-82.341,-1452.2,4590.7,326.0,1953.4,1639.1,1666.4,1.873,0,0,5,5,-9.0,0.224,26,2018-03-02 07:10:26.030
5929,15.452855,-94.793604,-32.826,-7149.2,1905.7,3680.4,1638.2,1552.2,1403.2,2.012,0,0,142,137,-9.0,0.431,3,2018-03-02 07:26:22.850
5930,16.510144,-95.01543,-11.007,17712.8,20508.1,853.7,261.6,182.5,494.9,0.843,0,0,46,77,-9.0,0.11,1,2018-03-02 07:52:41.180
5931,15.52072,-94.650618,-26.505,8195.4,9415.1,-2640.7,1739.8,1703.0,3085.8,1.402,0,0,52,52,-9.0,0.326,3,2018-03-02 07:55:44.000
5932,16.509683,-95.1323,-10.994,5229.9,20457.1,840.7,369.5,291.2,270.7,1.091,0,0,101,212,-9.0,0.149,1,2018-03-02 07:56:19.870
5933,16.538381,-95.100195,-12.031,8658.8,23632.8,1877.7,270.4,221.5,338.8,1.404,0,0,142,175,-9.0,0.114,1,2018-03-02 07:59:44.490
5934,15.296416,-94.591398,-7.658,14558.4,-15404.6,-21487.9,2365.1,1682.8,2024.8,1.977,0,0,17,11,-9.0,0.382,3,2018-03-02 08:23:40.020
5935,16.487436,-95.229712,-11.067,-5174.4,17995.2,912.9,528.3,441.7,570.2,0.925,0,0,90,116,-9.0,0.176,1,2018-03-02 08:24:58.860
5936,15.301891,-94.24366,-26.422,51892.3,-14798.8,-2723.2,2495.9,2447.7,4745.3,1.854,0,0,9,11,-9.0,0.447,3,2018-03-02 08:39:35.670
5937,16.329946,-95.05214,-12.277,13798.1,567.2,2123.0,391.6,194.7,459.0,0.859,0,0,28,45,-9.0,0.17,1,2018-03-02 10:03:42.120
5938,16.202151,-97.940495,-27.461,-838.5,-8701.3,13055.3,309.1,344.2,557.1,1.33,0,0,11,12,-9.0,0.098,2,2018-03-02 10:14:12.390
5939,15.079222,-94.268384,-29.152,2364.9,6248.3,489.0,2279.6,1934.5,3818.5,1.568,0,0,8,5,-9.0,0.361,4,2018-03-02 10:22:38.850
5940,16.760501,-94.902824,-12.818,-636.8,9463.6,4686.2,893.7,317.0,636.7,1.529,0,0,2,3,-9.0,0.181,6,2018-03-02 10:40:30.180
5941,15.855196,-94.930493,-48.169,-1402.9,-1721.1,-285.9,321.3,723.0,1240.2,3.406,0,0,13,9,-9.0,0.242,20,2018-03-02 14:29:18.360
5942,15.295782,-94.491447,-32.647,25289.9,-15474.8,3501.6,2527.9,1989.4,2698.9,2.466,0,0,27,44,-9.0,0.371,3,2018-03-02 15:15:17.450
5943,16.290143,-97.83505,-13.597,10431.2,1036.0,-808.1,361.0,291.5,452.2,1.375,0,0,95,91,-9.0,0.108,2,2018-03-02 21:12:46.040
5944,16.302755,-97.998592,-11.341,-7047.9,2431.6,-3064.5,508.0,336.7,650.4,1.466,0,0,232,184,-9.0,0.196,2,2018-03-02 22:12:36.340
5945,15.452403,-94.943009,-31.175,-23184.1,1855.6,2029.9,2064.9,2710.9,3911.8,2.277,0,0,38,41,-9.0,0.525,3,2018-03-03 00:19:52.340
5946,16.261855,-98.055127,-15.345,-13091.7,-2094.4,939.8,866.9,612.1,765.3,0.822,0,0,185,140,-9.0,0.258,2,2018-03-03 01:36:57.040
5947,16.537442,-95.071411,-12.26,11732.5,23529.0,2106.8,444.7,354.9,369.3,1.07,0,0,100,145,-9.0,0.165,1,2018-03-03 02:47:56.080
5948,16.400777,-98.024593,-17.166,-9824.2,13278.8,2760.5,523.0,641.0,512.7,1.425,0,0,106,82,-9.0,0.21,2,2018-03-03 03:41:31.370
5949,15.569013,-94.609782,-26.581,12576.3,14758.9,-2564.2,1095.9,1602.5,3565.3,1.915,0,0,30,44,-9.0,0.464,3,2018-03-03 05:25:19.250
5950,16.109837,-97.641292,-8.192,31154.9,-18916.9,-6213.6,250.8,437.5,585.1,0.929,0,0,39,42,-9.0,0.156,2,2018-03-03 06:48:17.640
5951,16.426294,-95.071167,-8.127,11762.0,11229.2,-2026.9,477.8,801.3,613.1,1.731,0,0,1,80,-9.0,0.201,1,2018-03-03 07:09:03.170
5952,16.232417,-95.408073,-13.875,-24241.8,-10225.6,3720.9,547.0,547.5,759.8,1.25,0,0,9,10,-9.0,0.154,1,2018-03-03 07:30:39.530
5953,16.065895,-95.22618,-7.517,-4802.4,-28653.1,-2636.8,192.0,207.0,490.0,1.458,0,0,95,111,-9.0,0.115,1,2018-03-03 07:36:16.180
5954,16.265608,-95.363802,-9.294,-19508.8,-6552.6,-859.8,591.7,728.8,922.5,1.664,0,0,15,12,-9.0,0.26,1,2018-03-03 07:44:51.790
5955,17.680691,-97.661296,-63.56,408.1,-4732.4,1459.7,1471.5,1733.8,1069.6,1.26,0,0,4,4,-9.0,0.139,24,2018-03-03 08:19:24.020
5956,16.299158,-97.927197,-11.289,582.9,2033.5,-3116.3,399.0,696.5,1322.7,1.404,0,0,149,75,-9.0,0.172,2,2018-03-03 08:33:41.680
5957,15.448953,-94.744963,-31.969,-1928.9,1473.9,2823.2,3196.6,1725.6,7424.8,1.598,0,0,86,114,-9.0,0.505,3,2018-03-03 09:24:58.060
5958,15.426553,-94.658382,-18.707,7363.9,-1004.8,-10438.4,2572.5,1981.6,1612.2,1.953,0,0,30,38,-9.0,0.538,3,2018-03-03 10:21:48.060
5959,15.023181,-94.273584,-18.333,1806.6,47.5,-10329.4,2621.4,2509.6,2961.6,1.913,0,0,15,12,-9.0,0.483,4,2018-03-03 11:38:16.810
5960,17.766209,-97.669002,-60.64,-409.0,4732.5,-1459.8,1459.4,1822.7,1048.9,0.932,0,0,4,4,-9.0,0.139,24,2018-03-03 11:47:00.560
5961,16.296744,-98.00376,-12.879,-7599.8,1766.4,-1526.3,318.5,315.5,411.4,1.285,0,0,230,206,-9.0,0.169,2,2018-03-03 12:21:13.480
5962,16.536627,-95.140544,-11.741,4349.0,23438.8,1587.4,328.4,308.0,477.8,1.444,0,0,166,182,-9.0,0.178,1,2018-03-03 12:22:56.300
5963,15.519363,-94.714917,-25.356,1295.7,9264.9,-3789.4,1770.3,1432.2,2213.6,2.303,0,0,73,84,-9.0,0.432,3,2018-03-03 13:57:12.250
5964,16.283365,-98.089771,-16.924,-16793.2,286.0,2518.3,347.2,357.4,329.4,1.697,0,0,186,179,-9.0,0.166,2,2018-03-03 18:34:46.340
5965,15.436897,-94.712899,-40.224,1512.5,139.8,11078.5,1981.0,1740.0,4397.1,2.481,0,0,121,117,-9.0,0.398,3,2018-03-03 20:42:50.720
5966,16.26498,-98.010392,-12.299,-8309.5,-1748.5,-2106.8,343.0,226.8,414.5,2.463,0,0,237,152,-9.0,0.166,2,2018-03-03 20:56:24.740
5967,16.346998,-98.080542,-17.12,-15804.6,7327.6,2714.4,510.8,506.1,415.0,1.491,0,0,161,105,-9.0,0.205,2,2018-03-04 00:17:25.190
5968,16.264885,-95.26508,-2.544,-8957.7,-6632.5,-7609.5,517.5,683.4,556.9,1.519,0,0,10,8,-9.0,0.195,1,2018-03-04 00:57:00.400
5969,16.583796,-98.587703,-4.49,2059.3,-1217.6,-5085.2,1347.6,1876.9,2959.8,1.414,0,0,5,4,-9.0,0.161,25,2018-03-04 02:10:56.920
5970,15.484089,-94.754468,-27.461,-2948.1,5361.8,-1684.4,2074.4,1879.4,2863.8,2.105,0,0,140,147,-9.0,0.415,3,2018-03-04 02:19:52.590
5971,16.531451,-95.137549,-12.582,4669.2,22866.0,2428.4,333.9,504.4,591.0,1.102,0,0,160,137,-9.0,0.16,1,2018-03-04 05:08:46.120
5972,16.274613,-98.033586,-12.59,-10788.5,-682.5,-1815.8,658.6,397.4,701.6,1.226,0,0,195,160,-9.0,0.189,2,2018-03-04 05:20:52.190
5973,16.50754,-95.11875,-10.593,6677.4,20219.9,439.0,285.1,298.3,348.7,1.661,0,0,147,227,-9.0,0.172,1,2018-03-04 05:58:20.040
5974,16.120855,-95.26617,-9.024,-9077.1,-22571.2,-1129.9,383.6,451.5,531.4,1.561,0,0,81,87,-9.0,0.142,1,2018-03-04 06:30:13.340
5975,16.484014,-95.203215,-2.743,-2344.6,17616.5,-7410.4,765.0,728.8,948.0,0.508,0,0,136,115,-9.0,0.241,1,2018-03-04 07:35:04.680
5976,16.364816,-94.990804,-25.521,20350.7,4426.0,15367.8,1876.4,813.4,1635.0,0.637,0,0,3,4,-9.0,0.102,1,2018-03-04 07:52:27.680
5977,15.207587,-94.575553,-31.884,16263.2,-25233.9,2738.5,4224.3,2611.3,4706.5,1.816,0,0,7,10,-9.0,0.239,3,2018-03-04 08:03:33.790
5978,16.489234,-95.203841,-12.629,-2411.4,18194.2,2475.1,314.8,263.5,449.1,1.144,0,0,144,148,-9.0,0.181,1,2018-03-04 08:18:25.700
5979,16.316364,-95.05494,-11.159,13499.9,-935.9,1005.2,336.0,428.4,511.8,2.228,0,0,29,40,-9.0,0.141,1,2018-03-04 08:25:02.350
5980,15.619473,-94.751514,-23.517,-2630.4,20342.3,-5628.2,2332.3,2491.7,2787.4,1.753,0,0,18,19,-9.0,0.331,3,2018-03-04 08:28:30.920
5981,15.494543,-94.852083,-33.855,-13423.9,6518.5,4709.3,1733.9,2554.4,5389.7,2.688,0,0,158,114,-9.0,0.529,3,2018-03-04 09:46:51.890
5982,15.371956,-94.723551,-28.835,369.8,-7046.0,-310.4,1719.0,1306.8,2036.9,1.849,0,0,85,102,-9.0,0.411,3,2018-03-04 10:14:02.410
5983,16.558206,-95.456307,-9.421,-2762.4,-14.2,544.0,504.2,395.2,855.9,1.433,0,0,10,8,-9.0,0.119,12,2018-03-04 10:54:27.210
5984,15.449933,-94.676432,-31.432,5426.2,1582.2,2286.7,1693.4,1917.1,1774.6,2.326,0,0,169,107,-9.0,0.404,3,2018-03-04 11:10:19.760
5985,16.296087,-97.908594,-13.361,2571.1,1693.7,-1044.5,262.7,285.5,402.4,0.716,0,0,127,132,-9.0,0.173,2,2018-03-04 11:33:38.600
5986,15.696311,-94.047209,-81.689,1451.9,-4590.9,-326.0,2029.8,1583.2,1721.2,2.383,0,0,5,5,-9.0,0.224,26,2018-03-04 11:39:42.690
5987,16.285445,-97.967896,-13.854,-3766.8,516.1,-551.4,476.7,288.6,591.2,1.211,0,0,202,185,-9.0,0.155,2,2018-03-04 11:43:39.240
5988,15.413913,-94.736808,-20.029,-1053.7,-2403.4,-9116.2,3441.4,2639.1,2879.7,1.653,0,0,47,39,-9.0,0.496,3,2018-03-04 12:32:38.090
5989,16.150311,-95.286719,-9.3,-11273.2,-19311.5,-853.5,349.5,303.1,426.5,1.314,0,0,62,69,-9.0,0.151,1,2018-03-04 14:19:25.250
5990,16.460892,-95.30507,-18.559,-13225.1,15057.8,8405.6,546.5,533.5,831.1,1.574,0,0,12,17,-9.0,0.16,1,2018-03-04 21:02:39.900
5991,15.556872,-94.874683,-32.138,-15846.6,13415.3,2992.4,2137.1,1881.0,2737.5,2.015,0,0,56,43,-9.0,0.371,3,2018-03-04 21:42:10.720
5992,16.434524,-95.310693,-0.401,-13826.7,12139.9,-9752.8,828.8,893.4,1031.5,1.984,0,0,5,5,-9.0,0.182,1,2018-03-04 22:59:59.200
5993,16.107724,-97.554891,-6.701,40394.2,-19150.6,-7704.4,266.8,498.1,656.5,2.296,0,0,64,47,-9.0,0.189,2,2018-03-05 01:20:01.920
5994,15.580655,-94.564242,-24.556,17461.8,16047.0,-4589.1,2156.1,2485.0,3509.7,2.196,0,0,13,16,-9.0,0.393,3,2018-03-05 03:06:31.380
5995,16.248341,-98.050301,-14.522,-12576.5,-3589.9,116.1,714.4,506.1,665.3,1.509,0,0,197,104,-9.0,0.197,2,2018-03-05 03:34:47.030
5996,15.474266,-94.88422,-33.91,-16873.6,4274.7,4764.0,1213.6,2358.6,6075.2,2.147,0,0,71,97,-9.0,0.423,3,2018-03-05 04:05:59.800
5997,16.391109,-94.963704,-33.27,23244.5,7335.5,23116.0,1973.4,1063.7,2101.6,2.252,0,0,2,2,-9.0,0.081,1,2018-03-05 04:57:55.590
5998,16.509174,-95.2038,-8.622,-2406.5,20400.7,-1531.6,555.8,698.3,399.3,1.374,0,0,145,110,-9.0,0.212,1,2018-03-05 05:10:47.950
5999,16.413594,-95.385539,-14.341,-21823.9,9823.7,4187.7,670.0,593.8,850.9,1.83,0,0,1,3,-9.0,0.171,1,2018-03-05 05:30:30.580
6000,16.515832,-95.130119,-11.209,5462.9,21137.5,1055.3,294.8,256.5,302.3,1.564,0,0,232,222,-9.0,0.136,1,2018-03-05 05:57:10.950
6001,16.46734,-95.071672,-11.03,11706.8,15771.4,876.1,200.7,317.0,421.8,1.394,0,0,184,221,-9.0,0.158,1,2018-03-05 06:44:51.040
6002,15.247902,-94.584627,-32.354,15286.9,-20772.8,3208.9,3617.5,2909.2,4819.4,1.603,0,0,12,20,-9.0,0.386,3,2018-03-05 07:54:40.600
6003,15.381473,-94.675838,-33.019,5491.4,-5993.0,3873.2,2901.4,2315.9,7490.1,1.829,0,0,66,71,-9.0,0.489,3,2018-03-05 08:54:54.030
6004,15.673224,-94.849683,-18.098,-13160.3,26289.9,-11047.6,3326.9,1250.4,1969.9,1.24,0,0,7,4,-9.0,0.079,3,2018-03-05 09:00:44.670
6005,16.242082,-98.037923,-12.625,-11253.4,-4282.6,-1780.6,426.2,359.2,448.7,2.808,0,0,222,143,-9.0,0.171,2,2018-03-05 14:30:22.600
6006,16.177573,-97.993066,-22.738,-6459.4,-11421.1,8332.9,531.9,425.5,610.9,1.306,0,0,13,14,-9.0,0.134,2,2018-03-05 16:03:55.210
6007,16.250131,-98.039697,-12.863,-11442.5,-3391.7,-1542.5,488.1,364.0,526.2,2.218,0,0,238,150,-9.0,0.173,2,2018-03-05 16:05:18.810
6008,16.089251,-97.635474,-7.686,31778.7,-21195.0,-6719.4,322.8,416.2,643.1,1.487,0,0,32,32,-9.0,0.126,2,2018-03-05 16:47:14.670
6009,16.378319,-97.946753,-16.514,-1507.3,10793.7,2108.9,404.8,476.7,416.2,0.994,0,0,109,94,-9.0,0.195,2,2018-03-05 17:37:56.120
6010,16.292517,-98.074455,-15.134,-15156.1,1298.7,728.4,600.2,427.8,520.9,2.501,0,0,242,118,-9.0,0.192,2,2018-03-05 21:28:41.160
6011,16.541976,-95.198429,-9.401,-1832.6,24030.7,-752.9,286.3,290.3,594.1,2.037,0,0,112,146,-9.0,0.207,1,2018-03-05 22:26:42.020
6012,16.4756,-95.201676,-11.279,-2180.0,16685.4,1125.3,402.2,565.2,438.7,2.605,0,0,83,159,-9.0,0.227,1,2018-03-05 23:02:29.400
6013,16.273735,-98.049504,-10.854,-12489.7,-779.7,-3551.7,466.7,394.5,613.2,1.439,0,0,167,125,-9.0,0.219,2,2018-03-05 23:29:39.960
6014,16.311892,-95.0493,-7.277,14102.0,-1430.8,-2877.0,261.8,418.2,614.8,2.413,0,0,22,29,-9.0,0.151,1,2018-03-06 00:11:09.990
6015,15.51389,-94.691789,-31.359,3778.1,8659.3,2213.9,2265.1,1826.1,2350.2,2.391,0,0,61,82,-9.0,0.419,3,2018-03-06 04:15:56.890
6016,15.103576,-94.298088,-30.095,-828.7,8943.0,1432.7,7010.5,2621.4,4573.6,2.152,0,0,8,7,-9.0,0.71,4,2018-03-06 04:32:09.290
6017,16.457568,-94.992692,-9.913,20144.4,14690.0,-240.4,452.2,541.2,345.3,1.029,0,0,18,24,-9.0,0.134,1,2018-03-06 05:46:12.710
6018,15.518432,-94.703613,-27.62,2508.8,9161.9,-1525.2,1846.1,1598.0,2721.9,1.98,0,0,69,83,-9.0,0.341,3,2018-03-06 05:47:21.530
6019,14.992844,-94.219735,-34.915,7597.7,-3309.3,6251.9,3169.7,3936.9,9471.3,2.411,0,0,9,5,-9.0,0.468,4,2018-03-06 06:08:03.230
6020,16.532274,-95.214933,-9.929,-3595.7,22957.1,-224.6,307.0,425.2,392.5,1.784,0,0,115,127,-9.0,0.165,1,2018-03-06 07:09:27.880
6021,16.314419,-95.052075,-10.123,13805.7,-1151.1,-30.6,297.1,329.9,359.6,1.117,0,0,25,28,-9.0,0.124,1,2018-03-06 10:49:51.140
6022,15.32761,-94.433537,-32.368,31504.6,-11953.0,3222.5,1450.9,1130.1,1790.9,3.548,0,0,38,55,-9.0,0.286,3,2018-03-06 20:40:09.240
6023,15.315562,-94.442993,-32.034,30490.3,-13286.2,2888.6,1707.2,1286.5,1789.1,4.178,0,0,51,66,-9.0,0.295,3,2018-03-06 20:41:22.320
6024,15.378268,-94.423234,-29.877,32607.3,-6347.6,731.4,1031.4,1902.0,2464.7,2.882,0,0,17,31,-9.0,0.273,3,2018-03-06 20:48:54.560
6025,15.344789,-94.449365,-30.935,29803.9,-10052.1,1789.1,1498.3,1473.5,2379.9,2.713,0,0,22,39,-9.0,0.314,3,2018-03-06 21:12:13.280
6026,15.313844,-94.460335,-33.716,28628.6,-13476.3,4570.6,1309.0,1770.4,4457.7,2.673,0,0,22,45,-9.0,0.317,3,2018-03-06 21:48:34.520
6027,16.267409,-95.100334,-2.991,8649.5,-6353.2,-7162.3,317.8,349.3,390.6,1.923,0,0,16,15,-9.0,0.09,1,2018-03-06 22:33:50.540
6028,16.499299,-95.145931,-12.999,3774.1,19308.0,2845.0,394.2,594.8,506.5,1.974,0,0,150,169,-9.0,0.206,1,2018-03-07 00:07:15.970
6029,15.590552,-94.713184,-40.36,1481.7,17142.1,11214.5,2805.1,2523.2,4977.9,2.63,0,0,7,11,-9.0,0.448,3,2018-03-07 05:00:24.180
6030,15.385803,-94.103703,-22.187,702.0,-3136.7,2892.3,3908.7,4887.2,7189.7,2.193,0,0,4,6,-9.0,0.422,19,2018-03-07 06:24:30.670
6031,16.209297,-95.253141,-7.713,-7683.2,-12784.1,-2440.4,477.2,704.1,664.0,2.705,0,0,45,45,-9.0,0.199,1,2018-03-07 07:38:04.600
6032,15.367987,-94.595483,-12.716,14117.1,-7485.3,-16429.7,1493.8,1744.3,1495.2,2.1,0,0,28,27,-9.0,0.411,3,2018-03-07 08:54:05.530
6033,15.715703,-94.882772,-20.58,-16708.4,30990.3,-8565.1,3002.1,1201.1,3184.7,2.387,0,0,7,5,-9.0,0.087,3,2018-03-07 10:57:05.160
6034,15.334223,-94.584945,-19.636,15249.9,-11221.3,-9509.8,1683.5,1569.6,1945.8,1.804,0,0,15,21,-9.0,0.385,3,2018-03-07 11:01:21.860
6035,14.917037,-94.166227,-34.426,13355.0,-11697.1,5763.4,3964.5,3557.8,9085.1,2.607,0,0,7,4,-9.0,0.355,4,2018-03-07 11:08:35.910
6036,16.530853,-95.214893,-10.05,-3591.0,22799.8,-103.4,324.8,444.8,323.5,2.032,0,0,101,129,-9.0,0.159,1,2018-03-07 11:26:41.920
6037,15.338897,-94.36757,-41.929,38586.1,-10704.1,12783.4,1644.1,1510.8,3362.2,2.627,0,0,19,37,-9.0,0.233,3,2018-03-07 23:15:07.440
6038,16.309473,-95.046712,-6.857,14379.4,-1698.5,-3296.8,320.2,393.8,717.6,2.508,0,0,24,21,-9.0,0.164,1,2018-03-07 23:50:08.160
6039,16.232069,-95.243115,-5.161,-6610.8,-10264.1,-4992.7,353.4,666.3,539.3,1.562,0,0,25,47,-9.0,0.151,1,2018-03-08 05:42:42.390
6040,16.453515,-95.1566,-9.163,2634.6,14241.4,-991.0,294.4,458.5,492.5,1.487,0,0,166,200,-9.0,0.183,1,2018-03-08 06:28:56.130
6041,16.55429,-95.381486,-6.179,5223.8,-447.6,-2698.1,595.5,613.8,2174.2,1.642,0,0,8,6,-9.0,0.141,12,2018-03-08 06:54:12.330
6042,16.526605,-95.212052,-9.715,-3288.3,22329.7,-438.9,305.7,392.0,322.6,1.903,0,0,106,136,-9.0,0.165,1,2018-03-08 11:09:23.620
6043,16.343617,-94.937907,-8.917,26004.1,2080.0,-1236.2,513.4,522.6,545.6,2.4,0,0,10,8,-9.0,0.169,1,2018-03-08 11:33:51.410
6044,16.476752,-95.098218,-10.259,8871.2,16812.9,105.6,276.3,421.6,561.2,2.634,0,0,139,174,-9.0,0.171,1,2018-03-08 21:10:02.540
6045,16.496612,-95.090584,-9.611,9685.6,19010.6,-542.7,522.5,519.3,814.5,1.286,0,0,101,205,-9.0,0.166,1,2018-03-09 03:22:24.780
6046,15.420264,-94.738468,-37.981,-1232.0,-1700.6,8835.9,2250.9,2308.5,6886.5,1.324,0,0,66,41,-9.0,0.454,3,2018-03-09 03:51:16.160
6047,16.645985,-94.855168,-3.735,4446.3,-3209.4,-4396.0,520.4,473.9,767.6,2.091,0,0,17,17,-9.0,0.213,6,2018-03-09 04:16:10.400
6048,16.279276,-98.347868,-12.168,-44380.3,-166.6,-2237.6,1553.2,1766.3,1551.7,0.868,0,0,5,2,-9.0,0.196,2,2018-03-09 04:29:17.360
6049,16.494658,-95.099056,-7.622,8781.6,18794.4,-2531.3,406.4,407.2,885.8,1.479,0,0,180,236,-9.0,0.189,1,2018-03-09 04:41:13.550
6050,15.961784,-95.177743,-16.524,377.2,-40174.2,6370.4,692.7,538.6,904.4,2.383,0,0,21,23,-9.0,0.249,1,2018-03-09 04:59:47.540
6051,16.41958,-95.22902,-24.598,-5101.3,10486.2,14444.4,1395.1,1513.1,1311.7,0.625,0,0,2,1,-9.0,0.182,1,2018-03-09 05:26:46.140
6052,16.468828,-95.173372,-9.097,842.9,15936.1,-1056.5,130.0,273.4,319.7,1.384,0,0,214,238,-9.0,0.146,1,2018-03-09 05:37:25.980
6053,16.381947,-98.038485,-22.269,-11309.3,11195.1,7863.8,628.4,489.5,610.7,0.831,0,0,63,49,-9.0,0.177,2,2018-03-09 05:47:52.180
6054,16.466958,-95.206999,-13.474,-2748.6,15729.1,3320.8,375.7,236.1,452.0,0.69,0,0,117,120,-9.0,0.147,1,2018-03-09 07:16:45.100
6055,15.844595,-95.299178,-3.251,-12615.6,-53142.4,-6902.5,562.0,761.5,651.8,1.126,0,0,6,4,-9.0,0.116,1,2018-03-09 07:34:15.250
6056,16.498291,-95.167961,-7.355,1421.4,19196.5,-2799.1,391.0,312.8,830.4,1.508,0,0,211,256,-9.0,0.169,1,2018-03-09 07:44:31.460
6057,15.391554,-94.556258,-32.671,18326.9,-4877.4,3525.0,3365.0,2166.2,3298.4,2.366,0,0,28,17,-9.0,0.397,3,2018-03-09 07:54:13.310
6058,16.44455,-95.24165,-28.235,-6450.6,13249.4,18081.0,1622.0,990.5,956.4,0.951,0,0,1,2,-9.0,0.048,1,2018-03-09 09:23:32.840
6059,15.954436,-95.225203,-3.41,-4699.9,-40987.3,-6743.4,219.1,250.1,201.5,1.489,0,0,56,53,-9.0,0.128,1,2018-03-09 09:26:33.380
6060,16.249895,-97.874976,-9.874,6164.6,-3417.8,-4531.3,304.7,320.8,775.1,1.513,0,0,74,91,-9.0,0.089,2,2018-03-09 10:11:16.740
6061,15.455638,-94.684863,-27.759,4521.4,2213.5,-1386.3,2651.6,2397.6,2281.9,2.116,0,0,187,87,-9.0,0.433,3,2018-03-09 10:18:14.540
6062,16.187689,-98.031063,-10.184,-10521.0,-10301.7,-4221.1,330.6,355.4,471.6,1.211,0,0,126,91,-9.0,0.191,2,2018-03-09 10:40:31.080
6063,16.508322,-95.109945,-4.74,7617.6,20306.5,-5413.4,313.1,310.7,647.6,1.279,0,0,147,153,-9.0,0.176,1,2018-03-09 10:41:41.370
6064,15.758707,-95.286711,-33.669,925.2,-2666.0,-3556.1,34320.6,47593.2,101835.9,2.773,0,0,3,2,-9.0,1.413,23,2018-03-09 11:55:42.240
6065,16.268629,-97.891561,-10.725,4392.1,-1344.7,-3680.7,251.7,272.9,444.3,1.171,0,0,107,100,-9.0,0.109,2,2018-03-09 12:09:32.490
6066,15.940712,-95.174178,-5.984,757.9,-42506.0,-4170.0,351.4,411.1,808.3,2.631,0,0,68,54,-9.0,0.168,1,2018-03-09 12:16:51.730
6067,15.934671,-95.174146,-7.348,762.0,-43174.5,-2805.4,282.4,376.9,671.9,2.195,0,0,72,59,-9.0,0.177,1,2018-03-09 12:34:03.060
6068,16.3784,-95.224268,-30.123,1975.8,402.2,-77.2,38277.3,77749.2,68215.6,1.771,0,0,3,7,-9.0,1.59,9,2018-03-09 18:03:13.400
6069,15.272805,-94.610994,-17.043,12455.3,-18017.3,-12102.2,2058.0,1843.6,2164.6,2.948,0,0,42,32,-9.0,0.399,3,2018-03-09 19:41:17.480
6070,15.655029,-94.989697,-31.708,-28180.7,24276.6,2562.4,2386.2,2304.5,3512.0,2.412,0,0,23,15,-9.0,0.376,3,2018-03-10 04:06:56.400
6071,15.40301,-94.669979,-15.336,6120.3,-3609.8,-13809.8,2078.7,1809.2,1888.3,1.879,0,0,29,25,-9.0,0.467,3,2018-03-10 04:15:36.420
6072,15.485356,-94.640462,-25.349,9286.3,5501.9,-3796.3,1896.7,1411.9,2421.0,1.667,0,0,72,47,-9.0,0.315,3,2018-03-10 05:17:29.730
6073,16.481803,-95.140568,-7.024,4347.5,17371.8,-3129.3,195.2,343.5,493.0,0.907,0,0,170,192,-9.0,0.15,1,2018-03-10 06:04:57.270
6074,16.488708,-95.167961,-10.936,1420.9,18136.0,782.6,363.5,314.4,476.1,1.183,0,0,152,198,-9.0,0.154,1,2018-03-10 07:36:27.800
6075,14.977512,-94.203003,-13.883,9397.9,-5005.7,-14780.2,2045.6,2088.0,2170.5,2.201,0,0,8,9,-9.0,0.314,4,2018-03-10 08:24:29.490
6076,16.127141,-95.243416,-2.788,-6644.4,-21875.5,-7365.2,278.3,316.5,367.0,1.055,0,0,64,87,-9.0,0.164,1,2018-03-10 10:04:22.260
6077,16.130174,-95.26617,-9.069,-9077.6,-21539.9,-1084.4,229.3,318.1,338.3,1.212,0,0,53,82,-9.0,0.113,1,2018-03-10 10:10:13.520
6078,16.541397,-95.113818,-11.661,7203.7,23966.6,1507.1,364.2,194.7,553.1,0.527,0,0,127,169,-9.0,0.147,1,2018-03-10 10:21:21.340
6079,15.387243,-94.730314,-19.149,-356.8,-5354.5,-9996.5,1836.5,1625.6,1862.3,1.793,0,0,27,17,-9.0,0.389,3,2018-03-10 10:25:45.800
6080,15.887528,-95.214006,-5.131,-3502.2,-48391.4,-5022.5,319.7,440.1,603.1,1.583,0,0,48,40,-9.0,0.159,1,2018-03-10 11:07:28.340
6081,16.384016,-94.970036,-12.971,22568.6,6550.6,2817.2,437.2,383.6,393.1,1.626,0,0,18,22,-9.0,0.125,1,2018-03-10 13:57:13.220
6082,16.377085,-94.973201,-12.429,22231.3,5783.7,2275.8,184.8,282.9,533.5,1.717,0,0,25,21,-9.0,0.111,1,2018-03-10 14:09:54.840
6083,15.939742,-95.176335,-7.029,527.6,-42613.4,-3124.8,322.2,441.2,577.1,1.979,0,0,53,54,-9.0,0.176,1,2018-03-10 14:46:23.720
6084,16.420308,-95.132153,-11.131,5247.0,10566.8,977.5,412.0,404.4,798.6,1.649,0,0,118,141,-9.0,0.186,1,2018-03-10 16:20:53.150
6085,15.425789,-94.639437,-22.811,9398.0,-1089.2,-6334.3,2512.9,1678.5,2415.6,2.283,0,0,72,76,-9.0,0.42,3,2018-03-10 18:37:21.880
6086,15.046382,-94.226619,-31.445,6856.1,2614.6,2782.7,1232.2,1991.7,3081.0,3.125,0,0,40,20,-9.0,0.552,4,2018-03-10 18:57:17.800
6087,16.118943,-95.266406,-8.046,-9102.6,-22782.7,-2107.7,298.1,390.7,391.6,1.585,0,0,62,73,-9.0,0.16,1,2018-03-10 20:40:54.560
6088,15.402953,-94.756689,-31.771,-3187.9,-3616.1,2625.1,1688.9,1865.3,3019.4,2.123,0,0,105,104,-9.0,0.415,3,2018-03-11 00:44:50.290
6089,16.460849,-95.008675,-15.698,18436.6,15053.0,5544.8,551.3,348.6,361.5,1.851,0,0,41,41,-9.0,0.125,1,2018-03-11 02:08:20.790
6090,17.163798,-96.016504,-0.02,318.3,171.3,-15.0,643.4,649.0,451.6,1.616,0,0,7,4,-9.0,0.14,21,2018-03-11 03:48:08.320
6091,16.131854,-95.273348,-8.933,-9844.4,-21354.0,-1221.0,409.9,468.3,296.2,1.178,0,0,51,70,-9.0,0.135,1,2018-03-11 04:34:06.680
6092,16.678801,-94.896826,-4.277,2.6,422.3,-3854.8,666.3,88.0,587.7,1.458,0,0,15,18,-9.0,0.218,6,2018-03-11 04:58:18.620
6093,15.886304,-94.904297,-48.741,1403.3,1721.2,285.8,313.3,720.7,1203.8,2.342,0,0,13,9,-9.0,0.242,20,2018-03-11 05:17:55.000
6094,16.535984,-95.1302,-12.591,5454.4,23367.6,2437.4,173.0,301.1,259.2,1.413,0,0,182,206,-9.0,0.143,1,2018-03-11 06:41:51.300
6095,16.403323,-98.176188,-23.396,-26022.6,13560.6,8990.2,1127.9,1082.5,1659.9,1.739,0,0,22,15,-9.0,0.219,2,2018-03-11 07:07:39.400
6096,15.406567,-94.829435,-32.556,-10996.1,-3216.2,3410.9,1450.0,1553.3,1799.5,1.613,0,0,81,78,-9.0,0.451,3,2018-03-11 08:25:26.060
6097,16.67449,-94.923234,-4.911,-2814.2,-54.8,-3220.9,526.1,452.1,470.1,0.625,0,0,14,15,-9.0,0.229,6,2018-03-11 09:53:52.190
6098,16.500403,-95.039551,-10.555,15137.3,19430.1,400.9,284.3,150.8,431.2,1.267,0,0,108,115,-9.0,0.109,1,2018-03-11 10:23:54.160
6099,16.526795,-95.22238,-7.198,-4391.3,22350.8,-2955.5,237.3,404.3,651.1,1.706,0,0,99,141,-9.0,0.178,1,2018-03-11 10:28:46.670
6100,16.312089,-98.273999,-15.55,-36482.1,3464.6,1145.0,1348.9,1495.5,886.5,1.152,0,0,10,4,-9.0,0.21,2,2018-03-11 10:44:53.200
6101,15.386945,-94.591781,-32.625,14513.8,-5387.6,3479.1,2626.3,1696.0,2344.2,2.995,0,0,49,26,-9.0,0.406,3,2018-03-11 10:53:20.650
6102,16.562501,-95.453499,-11.029,-2462.5,461.1,2152.0,222.3,320.6,583.6,1.277,0,0,10,8,-9.0,0.119,12,2018-03-11 11:20:58.980
6103,15.908407,-95.25568,-4.125,-7960.1,-46081.0,-6028.9,414.3,382.9,506.0,1.518,0,0,48,40,-9.0,0.221,1,2018-03-11 12:58:06.700
6104,16.61103,-94.951009,-10.329,-5777.9,-7077.7,2197.5,524.4,621.6,1660.2,1.82,0,0,2,4,-9.0,0.271,6,2018-03-11 15:40:50.010
6105,15.62026,-94.780778,-29.744,-5770.1,20429.4,598.9,2879.7,2069.2,5619.4,1.636,0,0,13,11,-9.0,0.432,3,2018-03-11 22:25:55.500
6106,16.273932,-98.006486,-12.996,-7891.9,-757.9,-1409.9,375.5,250.5,407.7,1.931,0,0,247,137,-9.0,0.181,2,2018-03-12 00:58:31.650
6107,16.520581,-95.161898,-12.897,2069.0,21663.1,2743.1,322.8,270.1,413.4,1.027,0,0,163,187,-9.0,0.166,1,2018-03-12 01:55:38.990
6108,15.519301,-95.054281,-38.038,-35120.9,9258.1,8892.3,3736.4,3100.0,10036.8,1.913,0,0,5,8,-9.0,0.44,3,2018-03-12 02:03:15.210
6109,15.487734,-94.836995,-32.448,-11804.9,5765.0,3302.7,2198.5,1921.8,2479.1,2.035,0,0,133,119,-9.0,0.437,3,2018-03-12 02:21:23.080
6110,16.466783,-95.10485,-6.111,8163.0,15709.7,-4042.2,501.9,626.3,1008.0,1.693,0,0,166,187,-9.0,0.224,1,2018-03-12 02:31:11.740
6111,16.125145,-95.268994,-8.835,-9379.2,-22096.3,-1318.4,212.7,208.1,278.0,1.69,0,0,96,106,-9.0,0.166,1,2018-03-12 02:38:43.340
6112,16.120087,-95.266976,-9.083,-9163.5,-22656.2,-1070.6,283.5,346.2,505.9,1.737,0,0,84,106,-9.0,0.134,1,2018-03-12 03:04:51.670
6113,16.334822,-95.050122,-13.077,14013.4,1106.7,2923.3,303.6,505.3,598.4,1.048,0,0,17,25,-9.0,0.112,1,2018-03-12 03:39:50.720
6114,16.532394,-95.073682,-11.033,11490.6,22970.3,879.5,299.0,246.6,478.0,1.076,0,0,128,134,-9.0,0.1,1,2018-03-12 03:41:49.750
6115,16.377216,-97.988444,-18.291,-5962.1,10671.5,3885.9,570.3,427.2,594.0,0.545,0,0,107,98,-9.0,0.182,2,2018-03-12 04:33:39.720
6116,16.533562,-95.097746,-12.794,8920.2,23099.6,2640.7,253.0,332.7,276.9,1.689,0,0,178,201,-9.0,0.124,1,2018-03-12 05:24:35.220
6117,16.250419,-95.372437,-26.366,-20432.6,-8233.4,16211.9,478.4,1261.1,1056.7,1.309,0,0,2,1,-9.0,0.079,1,2018-03-12 05:26:05.800
6118,15.578032,-94.871826,-28.769,-15539.3,15756.8,-376.2,2349.0,1830.2,3651.1,2.677,0,0,88,51,-9.0,0.489,3,2018-03-12 05:41:01.150
6119,16.489728,-95.043547,-13.168,14711.0,18248.9,3014.5,331.2,223.2,286.8,1.166,0,0,118,144,-9.0,0.163,1,2018-03-12 06:14:45.810
6120,17.302295,-96.580493,-71.191,4503.1,-188.6,110.5,1212.9,2090.0,1221.0,1.122,0,0,4,4,-9.0,0.228,22,2018-03-12 06:15:56.850
6121,16.160377,-95.175366,-14.02,630.6,-18197.6,3866.1,654.5,528.8,862.4,1.374,0,0,24,25,-9.0,0.272,1,2018-03-12 06:43:43.460
6122,15.439858,-94.774243,-29.626,-5071.0,467.5,480.5,1621.8,1509.4,2375.1,1.919,0,0,189,138,-9.0,0.43,3,2018-03-12 07:49:44.890
6123,16.278295,-98.059497,-13.738,-13558.0,-275.1,-667.7,478.0,356.1,471.3,0.672,0,0,189,156,-9.0,0.149,2,2018-03-12 08:08:10.010
6124,15.522958,-94.867969,-32.302,-15128.0,9662.7,3156.6,2426.1,1866.3,2391.6,2.51,0,0,124,88,-9.0,0.451,3,2018-03-12 08:23:10.920
6125,16.6618,-94.892318,-7.449,483.6,-1459.2,-682.6,354.3,357.1,2175.5,0.668,0,0,13,15,-9.0,0.292,6,2018-03-12 08:33:37.570
6126,16.333833,-95.269076,-10.701,-9383.5,997.2,547.8,526.5,750.9,837.4,1.138,0,0,7,7,-9.0,0.188,1,2018-03-12 08:44:30.920
6127,15.286667,-94.516732,-36.497,22575.3,-16483.4,7351.1,1375.2,1605.4,9301.1,2.205,0,0,40,45,-9.0,0.299,3,2018-03-12 09:09:20.950
6128,16.467602,-95.13304,-9.524,5151.8,15800.2,-629.4,333.5,232.1,468.8,1.087,0,0,160,218,-9.0,0.139,1,2018-03-12 09:10:55.640
6129,14.415976,-92.884294,-0.048,2591.7,-7581.7,-3408.2,3058.6,2642.7,2337.0,2.54,0,0,8,4,-9.0,0.591,10,2018-03-12 09:16:40.620
6130,15.657041,-94.981592,-35.539,-27311.9,24499.3,6393.7,1543.9,1822.0,3698.6,2.045,0,0,21,12,-9.0,0.302,3,2018-03-12 09:32:57.100
6131,15.304365,-94.660767,-18.603,7110.0,-14525.1,-10542.3,1292.0,1383.6,1553.5,2.008,0,0,39,36,-9.0,0.385,3,2018-03-12 09:56:08.250
6132,16.421627,-95.043685,-22.264,14698.0,10712.7,12110.5,1181.3,839.0,1011.6,1.29,0,0,5,5,-9.0,0.158,1,2018-03-12 10:22:22.910
6133,16.270389,-98.014901,-12.722,-8791.1,-1150.1,-1683.1,524.5,282.5,574.0,1.24,0,0,203,167,-9.0,0.169,2,2018-03-12 10:41:45.080
6134,16.129056,-95.267668,-9.191,-9237.5,-21663.6,-962.4,299.4,268.2,333.4,0.892,0,0,71,94,-9.0,0.147,1,2018-03-12 10:55:03.210
6135,15.498092,-94.643685,-25.393,8939.8,6911.2,-3752.8,1988.9,1542.4,3596.2,2.297,0,0,74,68,-9.0,0.386,3,2018-03-12 11:58:56.440
6136,16.483199,-95.161825,-8.623,2076.3,17526.3,-1530.8,258.4,270.4,951.0,2.11,0,0,162,238,-9.0,0.19,1,2018-03-12 14:25:45.930
6137,15.507584,-94.727157,-45.703,-17.4,7961.5,16557.5,2322.2,2517.8,4417.7,2.667,0,0,9,10,-9.0,0.355,3,2018-03-12 14:43:57.810
6138,16.302702,-98.040259,-15.734,-11500.8,2425.8,1328.9,393.3,302.0,359.4,2.082,0,0,238,193,-9.0,0.178,2,2018-03-12 18:19:15.880
6139,15.587485,-93.988257,-70.029,-981.9,935.3,-1534.1,1524.9,962.8,836.5,2.823,0,0,6,16,-9.0,0.364,13,2018-03-12 20:57:27.460
6140,15.549861,-94.86617,-33.913,-14933.3,12639.5,4767.6,1067.7,1419.6,4219.9,1.924,0,0,58,71,-9.0,0.515,3,2018-03-12 21:25:38.080
6141,15.938809,-95.241479,-4.47,-6440.5,-42716.6,-5684.0,268.4,382.7,410.7,1.626,0,0,48,41,-9.0,0.157,1,2018-03-12 21:39:03.240
6142,16.298649,-95.297013,-30.266,-5796.9,-8423.1,66.0,40668.7,94182.7,76777.2,1.795,0,0,1,4,-9.0,1.436,9,2018-03-12 22:59:54.860
6143,15.559288,-93.983285,-71.452,-448.3,-2184.9,-111.4,1992.6,1276.6,1654.3,2.578,0,0,9,16,-9.0,0.368,13,2018-03-12 23:43:17.680
6144,16.146936,-95.233512,-7.12,-5585.9,-19685.0,-3033.8,270.5,273.5,375.7,1.814,0,0,66,111,-9.0,0.131,1,2018-03-13 01:48:25.320
6145,15.442497,-94.116789,-16.402,-702.6,3136.6,-2893.4,3846.9,5003.8,5465.5,2.419,0,0,4,6,-9.0,0.422,19,2018-03-13 02:48:44.730
6146,16.023207,-97.995003,-12.233,-2882.0,1544.6,4235.2,2155.2,1677.5,2659.4,2.022,0,0,14,6,-9.0,0.285,7,2018-03-13 02:54:16.330
6147,15.575114,-94.839372,-30.184,-12057.9,15433.9,1038.5,3378.2,2199.5,3864.6,2.156,0,0,66,60,-9.0,0.559,3,2018-03-13 03:13:09.750
6148,16.445497,-95.174292,-10.581,745.1,13354.2,427.6,496.3,669.5,324.2,1.915,0,0,137,167,-9.0,0.236,1,2018-03-13 04:24:38.690
6149,16.024914,-95.194629,-8.496,-1429.2,-33188.1,-1657.2,436.0,381.8,471.6,1.456,0,0,52,53,-9.0,0.172,1,2018-03-13 04:33:37.650
6150,15.933822,-95.239762,-6.216,-6257.3,-43268.5,-3937.2,401.9,395.1,666.2,2.137,0,0,65,45,-9.0,0.15,1,2018-03-13 05:25:35.870
6151,15.963642,-95.246712,-7.822,-6999.7,-39968.5,-2331.2,312.0,272.8,438.7,1.273,0,0,63,61,-9.0,0.155,1,2018-03-13 06:24:51.570
6152,14.546808,-92.923275,-10.26,-1610.5,6893.9,6803.1,5628.5,3529.8,3289.3,2.144,0,0,5,5,-9.0,0.7,10,2018-03-13 06:28:13.920
6153,16.284802,-95.371094,-12.26,-20287.4,-4428.6,2106.2,641.1,828.6,641.2,1.25,0,0,9,9,-9.0,0.198,1,2018-03-13 07:01:31.360
6154,16.692316,-94.856665,-13.194,4285.9,1917.8,5062.9,797.0,384.9,1219.8,1.331,0,0,17,20,-9.0,0.204,6,2018-03-13 08:18:03.960
6155,15.562385,-95.019132,-27.105,-31345.9,14025.4,-2041.0,2051.8,3049.7,3699.7,1.47,0,0,6,11,-9.0,0.476,3,2018-03-13 08:39:41.950
6156,15.943651,-95.238298,-12.322,-6100.4,-42180.8,2168.4,344.3,427.7,702.8,0.995,0,0,59,50,-9.0,0.224,1,2018-03-13 09:32:45.920
6157,15.048648,-94.285042,-25.852,574.1,2865.4,-2810.8,2238.5,2377.3,2255.3,3.036,0,0,33,19,-9.0,0.55,4,2018-03-13 09:43:56.870
6158,15.495044,-94.757723,-22.208,-3297.5,6574.0,-6937.1,2086.0,2145.1,2816.5,2.339,0,0,69,56,-9.0,0.376,3,2018-03-13 09:48:16.640
6159,16.524859,-95.256803,-11.988,-8067.5,22136.4,1834.1,323.2,468.3,758.1,1.473,0,0,56,55,-9.0,0.138,1,2018-03-13 11:35:35.540
6160,16.096316,-97.655135,-11.934,29675.2,-20413.2,-2471.3,372.5,390.1,830.4,1.235,0,0,28,19,-9.0,0.14,2,2018-03-13 15:51:41.120
6161,15.485998,-94.852336,-33.318,-13451.2,5572.9,4172.3,1925.2,1892.1,3768.2,2.79,0,0,144,133,-9.0,0.511,3,2018-03-13 16:25:43.370
6162,16.152126,-97.783813,-9.843,15913.7,-14237.0,-4562.9,423.9,365.3,653.0,0.793,0,0,28,25,-9.0,0.178,2,2018-03-13 16:32:03.500
6163,16.07396,-95.387964,-48.803,-558.2,-3501.1,-4227.1,3714.5,8168.7,8049.3,1.904,0,0,13,15,-9.0,0.836,8,2018-03-13 21:27:36.340
6164,16.494903,-95.137516,-7.485,4672.9,18821.4,-2668.8,261.2,419.2,635.8,1.382,0,0,106,186,-9.0,0.164,1,2018-03-13 22:04:16.680
6165,16.130032,-95.269466,-9.01,-9429.5,-21555.5,-1143.8,176.0,177.9,154.3,2.057,0,0,75,118,-9.0,0.118,1,2018-03-13 22:43:43.120
6166,15.944752,-95.179533,-7.545,185.5,-42058.9,-2608.8,304.4,381.3,615.1,2.728,0,0,77,66,-9.0,0.188,1,2018-03-14 01:07:11.600
6167,15.937974,-95.174967,-4.776,674.1,-42809.0,-5376.4,312.7,271.9,350.7,1.719,0,0,48,44,-9.0,0.132,1,2018-03-14 02:09:26.330
6168,16.136485,-95.22666,-5.889,-4852.9,-20841.5,-4264.6,428.0,316.5,682.6,1.731,0,0,87,108,-9.0,0.143,1,2018-03-14 03:48:03.620
6169,15.54842,-94.695443,-26.054,3385.8,12480.1,-3091.5,1625.2,1105.9,3091.1,1.291,0,0,41,52,-9.0,0.355,3,2018-03-14 04:51:56.720
6170,16.482862,-95.133097,-9.455,5145.6,17489.1,-698.8,293.4,236.5,454.3,1.93,0,0,197,218,-9.0,0.124,1,2018-03-14 05:16:51.620
6171,16.500921,-95.036865,-10.064,15423.9,19487.4,-89.9,192.3,185.1,414.8,0.988,0,0,123,112,-9.0,0.125,1,2018-03-14 06:22:31.180
6172,15.430422,-94.762036,-35.153,-3760.8,-576.7,6007.7,3784.6,2142.6,10110.6,1.629,0,0,110,42,-9.0,0.359,3,2018-03-14 06:26:53.320
6173,16.122873,-95.248022,-9.295,-7137.0,-22347.9,-858.7,517.0,339.9,663.2,1.891,0,0,73,71,-9.0,0.187,1,2018-03-14 06:27:34.260
6174,16.495129,-95.159375,-10.088,2338.6,18846.5,-65.3,351.0,350.2,360.4,1.422,0,0,172,196,-9.0,0.139,1,2018-03-14 06:51:36.040
6175,16.08424,-97.634066,-7.895,31929.6,-21749.5,-6510.8,274.1,468.1,644.1,1.803,0,0,33,26,-9.0,0.114,2,2018-03-14 06:58:34.270
6176,16.127843,-95.268498,-9.253,-9325.9,-21797.9,-900.3,307.1,258.4,398.7,1.701,0,0,95,98,-9.0,0.128,1,2018-03-14 07:30:02.960
6177,15.652498,-94.81132,-17.472,-9045.9,23996.6,-11673.9,3077.7,1327.6,1200.4,1.65,0,0,15,12,-9.0,0.24,3,2018-03-14 07:33:28.990
6178,16.478208,-95.149683,-9.329,3373.4,16974.1,-824.6,168.2,414.7,362.9,0.733,0,0,142,217,-9.0,0.137,1,2018-03-14 08:27:41.100
6179,16.413573,-95.124723,-12.356,6040.6,9821.5,2202.0,336.1,456.4,361.3,0.725,0,0,63,117,-9.0,0.138,1,2018-03-14 08:56:02.250
6180,15.354225,-94.593726,-17.958,14306.3,-9008.1,-11187.8,2376.8,2230.5,2451.1,1.961,0,0,33,32,-9.0,0.406,3,2018-03-14 09:32:51.480
6181,15.289221,-94.355575,-25.627,39877.9,-16200.9,-3518.5,1320.8,1470.2,2013.8,2.964,0,0,52,48,-9.0,0.363,3,2018-03-14 15:30:51.370
6182,16.12474,-95.262923,-8.319,-8730.1,-22141.2,-1835.0,342.8,171.6,379.4,1.542,0,0,55,87,-9.0,0.142,1,2018-03-14 17:53:28.120
6183,16.128699,-95.272502,-9.137,-9754.1,-21703.2,-1016.8,235.6,254.6,206.7,1.575,0,0,59,116,-9.0,0.114,1,2018-03-14 18:29:06.940
6184,16.020293,-97.29668,-22.954,-9834.5,-2082.5,433.2,1109.5,2445.9,2393.0,1.224,0,0,4,2,-9.0,0.535,5,2018-03-14 18:32:33.680
6185,15.319743,-94.376668,-32.938,37610.5,-12823.5,3792.4,1817.4,1832.1,2560.6,2.105,0,0,27,32,-9.0,0.282,3,2018-03-14 23:22:33.840
6186,14.962664,-94.214396,-33.317,8172.7,-6648.6,4654.2,2466.7,3403.8,8011.1,2.592,0,0,11,5,-9.0,0.372,4,2018-03-15 01:13:53.760
6187,16.347378,-97.935848,-15.644,-341.4,7369.7,1238.3,410.5,311.3,599.8,1.276,0,0,151,95,-9.0,0.205,2,2018-03-15 02:23:20.920
6188,16.158168,-95.364502,-53.802,1951.5,5817.2,771.9,4532.0,4940.2,6858.7,1.411,0,0,6,11,-9.0,0.724,8,2018-03-15 04:04:55.250
6189,15.438538,-94.687215,-31.511,4269.2,321.4,2365.2,2314.6,2094.2,3365.7,2.238,0,0,138,65,-9.0,0.352,3,2018-03-15 04:15:31.170
6190,15.411137,-94.683195,-31.932,4701.1,-2710.6,2786.6,1277.1,2113.7,2016.1,2.228,0,0,121,72,-9.0,0.376,3,2018-03-15 05:00:34.300
6191,15.642022,-95.03256,-30.503,-32779.9,22837.3,1357.7,2416.7,4677.9,6861.9,1.379,0,0,9,4,-9.0,0.679,3,2018-03-15 06:14:29.360
6192,15.969087,-95.192383,-15.716,-1188.7,-39366.1,5562.1,582.2,741.9,797.1,1.446,0,0,38,13,-9.0,0.246,1,2018-03-15 06:18:27.710
6193,15.659446,-94.971362,-35.334,-26214.0,24765.3,6188.4,2623.7,2538.0,6437.8,2.173,0,0,20,11,-9.0,0.338,3,2018-03-15 09:34:29.390
6194,15.257352,-94.625252,-18.491,10924.6,-19727.3,-10653.7,2387.8,1655.5,2084.5,2.04,0,0,18,11,-9.0,0.47,3,2018-03-15 09:37:37.370
6195,16.267082,-95.308838,-12.681,-13634.5,-6389.5,2527.8,883.8,2174.8,1703.0,1.814,0,0,2,5,-9.0,0.194,1,2018-03-15 09:55:51.950
6196,16.425778,-95.140422,-10.665,4363.7,11172.1,511.3,437.8,717.8,814.2,1.681,0,0,32,58,-9.0,0.25,1,2018-03-15 10:37:14.770
6197,16.124633,-95.265031,-8.618,-8955.6,-22153.1,-1536.0,294.1,295.3,445.3,1.266,0,0,70,76,-9.0,0.117,1,2018-03-15 10:47:50.650
6198,16.13518,-95.277051,-8.429,-10240.8,-20985.9,-1724.2,338.2,372.7,270.8,1.215,0,0,63,75,-9.0,0.165,1,2018-03-15 11:02:59.180
6199,16.285914,-95.36307,-17.42,-19429.0,-4305.5,7266.7,543.9,967.9,964.8,2.192,0,0,10,6,-9.0,0.209,1,2018-03-15 12:42:06.920
6200,16.341456,-98.014225,-22.462,-8718.1,6714.4,8057.8,720.1,601.8,742.8,1.575,0,0,109,101,-9.0,0.216,2,2018-03-15 16:27:30.340
6201,15.618824,-94.803906,-24.38,-8251.6,20270.4,-4765.5,3176.1,2315.9,3021.9,2.584,0,0,31,14,-9.0,0.467,3,2018-03-15 16:31:23.890
6202,15.250024,-94.272632,-23.573,48787.8,-20538.0,-5572.5,1371.4,1446.6,1824.1,2.663,0,0,15,11,-9.0,0.358,3,2018-03-16 00:52:48.740
6203,16.246886,-95.331323,-1.19,-16038.4,-8624.3,-8963.6,1447.9,1928.5,1460.2,1.686,0,0,2,3,-9.0,0.137,1,2018-03-16 02:19:17.840
6204,16.193309,-98.104801,-6.525,-18404.5,-9679.8,-7880.9,516.7,481.4,777.9,2.188,0,0,40,29,-9.0,0.233,2,2018-03-16 02:20:28.250
6205,15.491191,-95.00153,-35.125,-29462.3,6147.5,5979.2,2444.6,2784.0,6173.0,2.663,0,0,24,18,-9.0,0.342,3,2018-03-16 02:51:56.500
6206,15.395617,-94.706104,-37.017,2242.4,-4427.9,7871.3,2112.2,2560.0,7089.7,1.764,0,0,78,38,-9.0,0.444,3,2018-03-16 05:49:46.490
6207,16.240499,-98.084717,-22.361,-16255.2,-4457.7,7955.6,471.2,592.5,665.3,1.782,0,0,66,38,-9.0,0.279,2,2018-03-16 11:54:47.410
6208,16.400856,-98.011434,-20.617,-8418.1,13287.6,6212.0,985.6,743.2,819.4,3.272,0,0,81,48,-9.0,0.283,2,2018-03-16 14:00:16.290
6209,15.838558,-94.781405,-24.202,-5834.7,44584.5,-4943.6,4764.6,10779.7,6149.9,2.507,0,0,7,1,-9.0,0.502,3,2018-03-16 16:33:27.010
6210,15.042117,-94.208659,-9.121,8787.8,2142.8,-19541.5,1912.1,2635.6,2611.9,2.252,0,0,6,7,-9.0,0.518,4,2018-03-16 19:08:00.480
6211,15.9053,-95.641797,-43.111,3099.9,4011.2,2455.6,728.6,680.9,1367.1,1.835,0,0,6,4,-9.0,0.14,28,2018-03-17 07:27:40.460
6212,16.303767,-98.09554,-14.892,-17409.7,2543.7,486.2,714.2,653.4,623.4,1.325,0,0,230,181,-9.0,0.232,2,2018-03-17 07:49:39.780
6213,15.275107,-94.711629,-32.223,1650.0,-17762.6,3077.7,2341.7,1814.7,1822.9,1.982,0,0,37,29,-9.0,0.425,3,2018-03-17 08:11:12.090
6214,16.4599,-97.902035,-15.149,3271.0,19821.5,743.8,425.4,470.2,592.3,0.85,0,0,56,43,-9.0,0.159,2,2018-03-17 08:16:09.240
6215,16.488283,-97.974943,-20.006,-4517.7,22962.3,5600.2,753.6,697.5,841.3,0.987,0,0,40,39,-9.0,0.254,2,2018-03-17 09:45:37.990
6216,16.455902,-97.903809,-16.7,3081.0,19379.1,2294.3,362.0,341.3,435.6,2.33,0,0,63,43,-9.0,0.168,2,2018-03-17 12:18:04.240
6217,16.077677,-97.193685,-20.002,1187.8,4267.6,-2518.1,512.3,595.0,557.0,0.935,0,0,20,19,-9.0,0.156,5,2018-03-17 13:26:08.990
6218,15.0224,-94.44563,-34.143,-16695.0,-39.0,5480.6,2292.2,3200.1,4684.0,2.703,0,0,16,7,-9.0,0.486,4,2018-03-17 14:50:27.630
6219,16.274762,-97.863729,-12.678,7366.4,-666.1,-1727.6,253.9,316.0,415.9,1.191,0,0,99,93,-9.0,0.113,2,2018-03-17 18:02:49.940
6220,16.060682,-97.185156,-22.97,2100.8,2386.8,448.3,931.5,880.2,1045.9,1.515,0,0,32,22,-9.0,0.193,5,2018-03-17 19:50:10.040
6221,16.694284,-95.328923,-0.04,1926.8,-1695.0,-586.5,18283.1,18406.9,15986.2,2.0,0,0,4,4,-9.0,1.455,16,2018-03-17 21:00:42.240
6222,16.057646,-97.183675,-22.999,2258.7,2050.9,477.4,571.2,509.2,812.5,1.044,0,0,24,25,-9.0,0.181,5,2018-03-17 21:36:38.880
6223,17.305705,-96.665202,-70.969,-4502.4,188.6,-110.5,1214.9,2054.2,1207.0,2.183,0,0,4,4,-9.0,0.228,22,2018-03-17 23:02:37.240
6224,16.084267,-97.193913,-19.198,1163.4,4996.8,-3323.3,693.9,301.7,519.6,1.024,0,0,20,22,-9.0,0.219,5,2018-03-18 01:02:56.800
6225,16.463815,-97.886027,-17.176,4980.8,20254.7,2770.6,495.4,399.7,661.9,0.847,0,0,43,42,-9.0,0.194,2,2018-03-18 04:17:24.450
6226,15.806898,-95.303988,-40.739,-926.0,2666.7,3514.0,34526.5,48081.3,75816.3,2.505,0,0,3,2,-9.0,1.413,23,2018-03-18 08:43:09.460
6227,15.289574,-94.445166,-32.015,30258.7,-16161.7,2869.9,2007.8,2880.0,3318.5,2.043,0,0,31,19,-9.0,0.331,3,2018-03-18 11:08:31.080
6228,16.187044,-97.583293,-11.699,37349.0,-10373.0,-2706.8,300.4,437.3,657.8,1.565,0,0,55,57,-9.0,0.212,2,2018-03-18 15:14:06.170
6229,15.228321,-94.715145,-33.192,1272.6,-22939.5,4046.4,2651.2,2163.0,4946.9,1.916,0,0,18,13,-9.0,0.29,3,2018-03-18 16:08:06.660
6230,16.193134,-97.571143,-12.49,38648.1,-9699.2,-1916.0,313.5,316.6,481.6,2.684,0,0,57,44,-9.0,0.183,2,2018-03-18 16:54:59.540
6231,16.195865,-97.575496,-12.351,38182.3,-9396.9,-2054.2,239.7,263.1,406.7,1.339,0,0,36,40,-9.0,0.149,2,2018-03-18 16:58:56.750
6232,16.097598,-97.565861,-7.475,39222.0,-20271.2,-6930.4,264.5,354.0,543.7,0.884,0,0,48,44,-9.0,0.147,2,2018-03-18 19:37:54.360
6233,16.236696,-95.067692,-30.327,-3880.5,4710.2,-1083.4,752.2,737.1,1336.8,1.736,0,0,10,9,-9.0,0.273,17,2018-03-18 21:47:27.320
6234,16.381461,-97.679525,-24.024,27048.4,11141.3,9618.3,994.0,425.0,1257.5,1.236,0,0,4,4,-9.0,0.241,2,2018-03-18 23:24:27.400
6235,16.330112,-98.06757,-18.316,-14419.0,5459.0,3910.7,565.6,499.8,572.5,2.197,0,0,247,171,-9.0,0.215,2,2018-03-19 02:46:26.640
6236,16.447369,-95.207039,-30.219,3816.2,8034.5,19.2,45433.6,65786.4,67316.7,1.243,0,0,2,3,-9.0,1.731,9,2018-03-19 04:06:47.880
6237,14.987827,-94.377726,-34.925,-9393.7,-3864.4,6262.5,3711.5,2283.3,3968.3,2.169,0,0,25,9,-9.0,0.665,4,2018-03-19 06:00:02.240
6238,16.340751,-98.088786,-19.154,-16686.1,6636.4,4748.3,503.4,372.4,461.9,0.851,0,0,135,129,-9.0,0.185,2,2018-03-19 07:48:08.850
6239,15.382739,-94.810498,-34.239,-8963.6,-5852.9,5093.4,2000.0,2624.8,3749.7,2.642,0,0,71,41,-9.0,0.458,3,2018-03-19 14:47:07.900
6240,16.306522,-98.032642,-14.99,-10686.9,2848.4,584.3,508.6,403.9,488.1,1.398,0,0,227,221,-9.0,0.182,2,2018-03-19 14:50:07.340
6241,15.372484,-94.795736,-33.462,-7379.4,-6987.6,4316.8,2640.7,2545.6,3993.9,2.139,0,0,77,52,-9.0,0.406,3,2018-03-19 15:32:52.780
6242,16.297995,-98.089632,-19.173,-16778.3,1904.9,4767.8,542.3,422.0,691.8,1.177,0,0,163,110,-9.0,0.253,2,2018-03-19 23:31:25.320
6243,15.317515,-95.185498,-32.443,-2228.5,-236.3,342.7,4142.1,4625.9,5667.8,2.586,0,0,3,2,-9.0,0.372,27,2018-03-19 23:59:09.280
6244,16.306622,-97.991398,-11.351,-6278.9,2859.6,-3054.3,505.3,582.5,628.5,1.951,0,0,224,150,-9.0,0.186,2,2018-03-20 02:23:09.630
6245,16.149434,-97.528206,-9.914,43242.7,-14534.9,-4491.3,436.3,615.0,743.3,2.194,0,0,61,47,-9.0,0.19,2,2018-03-20 05:02:43.710
6246,16.10479,-97.647493,-11.775,30491.9,-19475.3,-2630.6,245.6,371.7,455.3,0.849,0,0,40,36,-9.0,0.167,2,2018-03-20 05:12:15.810
6247,16.25556,-98.028231,-12.488,-10216.6,-2790.9,-1917.4,631.0,464.8,538.0,1.388,0,0,197,152,-9.0,0.178,2,2018-03-20 06:10:10.350
6248,16.39756,-98.197144,-17.821,-28261.5,12922.9,3415.1,612.8,1005.1,495.5,0.97,0,0,27,25,-9.0,0.229,2,2018-03-20 06:16:51.600
6249,16.310552,-97.928361,-14.76,458.6,3294.5,354.6,353.2,364.1,494.5,0.308,0,0,154,147,-9.0,0.147,2,2018-03-20 06:56:07.740
6250,16.084997,-97.739331,-6.669,20673.2,-21665.7,-7736.6,468.6,423.5,690.3,1.084,0,0,32,30,-9.0,0.162,2,2018-03-20 06:57:06.590
6251,16.469613,-97.89755,-16.678,3749.4,20896.3,2272.6,360.1,431.0,440.6,1.69,0,0,62,43,-9.0,0.22,2,2018-03-20 08:27:05.420
6252,15.028504,-94.446322,-31.2,-16769.4,636.5,2537.1,1751.0,2362.4,3050.6,2.194,0,0,17,6,-9.0,0.483,4,2018-03-20 13:54:03.310
6253,16.00879,-98.661784,-20.312,3277.5,3842.4,2705.2,1308.9,1727.2,1821.1,3.113,0,0,9,3,-9.0,0.175,15,2018-03-20 18:07:16.160
6254,15.728698,-98.773006,-9.35,-1007.3,1051.0,-750.2,1111.6,816.1,998.0,1.743,0,0,4,3,-9.0,0.11,18,2018-03-20 18:38:03.320
6255,16.309266,-97.925887,-14.896,722.4,3152.2,490.9,321.7,330.0,482.0,1.17,0,0,150,144,-9.0,0.129,2,2018-03-20 21:22:15.920
6256,16.187338,-97.798649,-2.682,14326.0,-10340.5,-11723.2,450.5,656.5,767.4,1.797,0,0,20,10,-9.0,0.181,2,2018-03-20 23:42:52.880
6257,16.278075,-97.862565,-11.49,7491.0,-299.5,-2915.3,197.9,277.8,441.2,0.951,0,0,99,94,-9.0,0.101,2,2018-03-20 23:46:38.280
6258,16.270097,-97.887655,-10.726,4809.2,-1182.3,-3679.2,204.0,275.5,370.5,1.03,0,0,103,97,-9.0,0.106,2,2018-03-21 00:15:13.520
6259,16.332513,-97.997917,-32.184,-6975.0,5724.7,17778.9,978.4,1365.1,1063.0,2.195,0,0,4,1,-9.0,0.103,2,2018-03-21 01:14:36.190
6260,16.694072,-95.318148,-1.817,3075.6,-1718.4,1189.9,12730.8,17013.1,11371.0,2.368,0,0,6,3,-9.0,1.4,16,2018-03-21 01:17:29.630
6261,15.709702,-98.754199,-10.85,1008.1,-1051.0,750.2,1073.5,808.8,857.1,1.773,0,0,4,3,-9.0,0.11,18,2018-03-21 02:23:25.730
6262,16.422806,-97.929574,-16.834,329.0,15716.6,2429.0,372.1,441.6,466.6,1.406,0,0,87,59,-9.0,0.212,2,2018-03-21 08:35:20.860
6263,16.308567,-98.069385,-15.829,-14613.6,3074.8,1423.3,577.1,449.3,538.1,1.789,0,0,258,208,-9.0,0.186,2,2018-03-21 10:22:42.330
6264,16.27958,-98.029736,-12.727,-10377.1,-133.0,-1678.3,402.2,392.9,461.7,1.026,0,0,185,153,-9.0,0.148,2,2018-03-21 11:50:24.480
6265,16.303339,-97.819588,-12.994,12083.7,2496.2,-1411.5,263.8,307.2,484.5,1.119,0,0,91,89,-9.0,0.087,2,2018-03-21 13:47:39.490
6266,16.312249,-98.13256,-17.658,-21365.5,3482.3,3252.7,695.5,533.0,594.9,1.267,0,0,114,103,-9.0,0.205,2,2018-03-21 16:24:37.510
6267,15.389891,-94.805143,-30.99,-8388.7,-5061.5,1844.0,2966.2,4344.4,5037.9,2.195,0,0,21,2,-9.0,0.51,3,2018-03-21 20:27:26.120
6268,16.322156,-98.094735,-6.149,-17322.4,4578.5,-8257.0,821.3,879.1,1474.1,2.99,0,0,46,43,-9.0,0.275,2,2018-03-21 20:48:50.960
6269,16.02035,-97.190063,-26.598,1575.2,-2076.2,4076.4,939.5,962.0,958.7,1.809,0,0,32,24,-9.0,0.245,5,2018-03-22 02:16:50.740
6270,16.03052,-96.777808,-19.734,4319.7,3152.3,-1489.3,1283.2,1459.1,3166.1,1.303,0,0,7,7,-9.0,0.524,11,2018-03-22 02:52:00.330
6271,15.832801,-95.699699,-38.199,-3101.7,-4011.2,-2455.6,721.4,614.1,1349.2,1.813,0,0,6,4,-9.0,0.14,28,2018-03-22 06:42:43.220
6272,16.272414,-98.013094,-11.209,-8598.2,-925.8,-3196.1,604.6,483.4,622.8,0.882,0,0,222,180,-9.0,0.207,2,2018-03-22 07:12:32.970
6273,16.275641,-98.008504,-13.11,-8107.7,-568.8,-1295.8,475.8,300.3,557.7,0.841,0,0,188,173,-9.0,0.163,2,2018-03-22 08:28:48.230
6274,15.27257,-94.877743,-32.652,-16186.4,-18043.4,3506.7,4060.1,6271.0,7533.0,2.201,0,0,16,15,-9.0,0.587,3,2018-03-22 09:16:25.720
6275,15.950708,-98.67321,-20.648,2055.3,-2584.9,3041.7,1103.5,1529.6,1561.9,2.754,0,0,18,5,-9.0,0.209,15,2018-03-22 10:47:27.730
6276,16.2605,-98.11757,-19.387,-19765.6,-2244.3,4981.1,745.8,610.0,746.0,1.138,0,0,109,91,-9.0,0.28,2,2018-03-22 14:37:53.930
6277,15.468384,-94.698421,-16.923,3066.8,3623.9,-12222.9,2996.4,4250.4,4421.3,2.561,0,0,6,4,-9.0,0.41,3,2018-03-22 16:16:21.600
6278,16.233244,-98.046859,-12.487,-12209.0,-5260.5,-1918.8,519.5,346.7,532.9,1.632,0,0,205,115,-9.0,0.171,2,2018-03-22 20:19:30.360
6279,16.091709,-97.557609,-8.476,40104.4,-20922.9,-5929.6,285.8,375.8,596.1,1.706,0,0,42,33,-9.0,0.134,2,2018-03-22 22:33:57.480
6280,16.140421,-97.760962,-10.549,18357.2,-15532.5,-3856.9,512.2,430.4,758.7,1.748,0,0,24,20,-9.0,0.198,2,2018-03-22 23:31:11.800
6281,16.338328,-98.255835,-17.087,-34538.1,6368.2,2681.7,704.0,833.6,660.4,1.863,0,0,22,11,-9.0,0.217,2,2018-03-23 03:12:50.650
6282,16.275741,-98.076188,-15.052,-15342.1,-557.8,646.2,495.2,404.5,423.4,1.747,0,0,250,187,-9.0,0.188,2,2018-03-23 03:47:56.690
6283,16.246636,-97.879736,-11.308,5656.2,-3778.5,-3097.9,252.4,321.1,406.8,1.035,0,0,95,91,-9.0,0.108,2,2018-03-23 03:55:09.530
6284,16.278363,-98.060295,-13.722,-13643.2,-267.6,-683.7,697.5,425.0,728.0,1.462,0,0,239,194,-9.0,0.199,2,2018-03-23 04:10:48.960
6285,16.213371,-97.8205,-9.542,11989.4,-7459.7,-4863.4,247.9,266.2,395.5,0.658,0,0,87,82,-9.0,0.107,2,2018-03-23 05:44:39.780
6286,16.456375,-97.876034,-16.802,6048.7,19431.4,2396.4,573.8,582.7,666.5,1.322,0,0,59,32,-9.0,0.173,2,2018-03-23 08:31:07.220
6287,16.182692,-94.992993,-33.11,4106.2,-1265.9,1700.0,356.1,591.1,2577.5,1.452,0,0,11,7,-9.0,0.207,17,2018-03-23 09:37:20.240
6288,16.269384,-98.042554,-13.84,-11747.3,-1261.2,-565.0,721.0,468.0,700.9,0.583,0,0,167,112,-9.0,0.199,2,2018-03-23 10:53:06.770
6289,16.404568,-98.174325,-18.971,-25822.8,13698.5,4566.0,739.2,776.9,515.1,2.031,0,0,37,26,-9.0,0.152,2,2018-03-23 15:32:08.030
6290,15.962692,-98.742204,-11.861,-5330.7,-1258.7,-5745.7,903.3,1358.1,1153.9,2.169,0,0,9,2,-9.0,0.24,15,2018-03-23 17:57:54.080
6291,16.021998,-97.909798,-6.419,6237.2,1410.8,-1578.0,939.6,1132.4,1477.3,1.853,0,0,9,5,-9.0,0.274,7,2018-03-23 18:03:17.720
6292,16.406724,-97.922119,-16.46,1125.2,13937.0,2054.8,334.6,354.8,397.6,1.391,0,0,83,71,-9.0,0.213,2,2018-03-23 18:07:50.200
6293,16.436966,-97.896224,-16.832,3891.6,17283.6,2427.0,552.2,534.8,725.2,1.073,0,0,52,50,-9.0,0.216,2,2018-03-23 23:24:36.040
6294,15.506209,-94.911369,-22.755,-19785.5,7809.4,-6390.1,2209.5,2201.9,2713.8,1.624,0,0,24,17,-9.0,0.295,3,2018-03-24 03:20:42.140
6295,16.294883,-97.868392,-10.972,6867.8,1560.5,-3433.2,245.2,279.1,481.5,0.549,0,0,103,97,-9.0,0.102,2,2018-03-24 05:12:09.920
6296,16.287587,-98.013631,-11.894,-8655.5,753.2,-2511.6,662.9,288.9,731.7,1.33,0,0,233,181,-9.0,0.203,2,2018-03-24 06:02:26.080
6297,16.368955,-95.371566,-13.289,-20333.2,4883.9,3135.3,981.3,739.4,1167.2,1.381,0,0,3,3,-9.0,0.22,1,2018-03-24 06:26:19.400
6298,15.386438,-94.7646,-33.372,-4037.0,-5443.6,4226.8,1575.2,2611.7,3902.0,1.453,0,0,95,53,-9.0,0.512,3,2018-03-24 09:27:07.850
6299,16.330309,-98.089844,-18.128,-16799.5,5480.8,3722.4,479.6,471.2,355.8,1.295,0,0,117,140,-9.0,0.158,2,2018-03-24 14:39:26.400
6300,16.315594,-98.06049,-17.128,-13663.1,3852.5,2722.2,498.6,509.4,435.8,1.691,0,0,266,189,-9.0,0.191,2,2018-03-25 03:52:19.860
6301,15.472502,-94.913192,-29.235,-19982.7,4079.6,89.2,2633.3,2929.6,3545.8,1.672,0,0,44,33,-9.0,0.619,3,2018-03-25 09:11:03.610
6302,16.053709,-95.418083,-55.767,-3780.6,-5742.1,2736.6,4709.1,3740.4,8727.6,1.839,0,0,10,8,-9.0,0.647,8,2018-03-25 13:46:05.090
6303,15.983283,-97.160799,-29.711,4708.1,-6178.0,7189.3,831.7,878.0,665.7,1.626,0,0,16,11,-9.0,0.24,5,2018-03-25 15:04:54.620
6304,16.008239,-97.234098,-15.69,-3136.9,-3416.4,-6831.7,665.7,709.4,629.5,2.375,0,0,28,23,-9.0,0.234,5,2018-03-25 17:28:49.600
6305,15.886536,-95.012313,-33.283,-501.1,-2157.5,586.7,3202.1,3325.8,9198.4,2.43,0,0,9,8,-9.0,0.455,14,2018-03-25 17:40:25.320
6306,16.23402,-97.843774,-11.114,9500.4,-5174.6,-3291.1,190.7,297.0,495.8,0.655,0,0,91,84,-9.0,0.113,2,2018-03-25 19:10:43.280
6307,15.285203,-94.753215,-33.874,-2814.9,-16645.4,4728.8,2327.6,2149.4,3380.7,2.009,0,0,38,30,-9.0,0.317,3,2018-03-25 22:22:49.040
6308,16.163015,-95.033512,-30.783,-226.5,-3443.4,-627.0,797.6,1059.4,1369.9,1.446,0,0,11,6,-9.0,0.247,17,2018-03-25 22:25:25.040
6309,15.184465,-94.665535,-34.047,6600.5,-27792.4,4901.6,2718.4,1868.2,4330.6,1.695,0,0,6,8,-9.0,0.438,3,2018-03-25 23:43:48.760
6310,15.924313,-95.021281,-33.593,-1461.0,2022.8,896.4,2649.9,2814.1,6692.5,1.684,0,0,8,8,-9.0,0.406,14,2018-03-26 01:12:16.230
6311,15.033451,-94.399797,-34.82,-11766.0,1183.9,6157.5,3965.4,2474.6,4272.0,2.316,0,0,22,8,-9.0,0.583,4,2018-03-26 01:34:08.620
6312,16.199813,-97.583667,-11.113,37307.9,-8960.0,-3292.8,463.6,457.4,563.7,2.114,0,0,51,32,-9.0,0.194,2,2018-03-26 01:57:14.650
6313,15.441988,-94.862891,-29.996,-14585.7,703.2,850.0,2018.9,2293.6,3395.0,1.772,0,0,71,50,-9.0,0.694,3,2018-03-26 04:11:03.540
6314,16.146537,-97.536385,-12.115,42368.9,-14855.6,-2290.3,591.8,461.9,1202.9,0.731,0,0,44,33,-9.0,0.136,2,2018-03-26 04:16:28.870
6315,16.30424,-97.823877,-15.757,11624.9,2596.0,1351.1,453.6,399.5,717.8,0.643,0,0,87,65,-9.0,0.109,2,2018-03-26 05:21:43.700
6316,15.075725,-94.321395,-34.248,-3334.4,5861.4,5585.0,2067.7,3391.7,8400.8,2.011,0,0,23,7,-9.0,0.491,4,2018-03-26 07:22:58.910
6317,16.191812,-97.587329,-11.957,36917.0,-9845.3,-2448.0,271.7,287.4,427.3,1.36,0,0,53,53,-9.0,0.152,2,2018-03-26 07:24:08.260
6318,15.982795,-97.932804,-8.32,3774.8,-2927.3,322.8,1473.6,1291.7,2175.6,1.339,0,0,13,8,-9.0,0.236,7,2018-03-26 10:33:05.460
6319,15.570758,-94.961426,-26.865,-25153.8,14951.9,-2280.2,2233.0,1879.0,2670.6,1.622,0,0,20,17,-9.0,0.384,3,2018-03-26 12:45:53.280
6320,15.556759,-94.912321,-17.369,-19885.3,13402.7,-11776.7,2205.2,2114.7,1483.1,1.566,0,0,13,14,-9.0,0.329,3,2018-03-26 13:41:12.370
6321,16.008996,-98.034684,-5.023,-7129.6,-28.0,-2974.9,1875.9,1423.4,3016.1,1.24,0,0,8,5,-9.0,0.219,7,2018-03-26 14:25:10.300
6322,15.322213,-94.796346,-31.847,-7445.8,-12550.3,2701.6,2473.3,2902.2,3352.8,2.001,0,0,51,30,-9.0,0.452,3,2018-03-27 07:24:31.720
6323,15.402586,-94.840527,-32.585,-12186.3,-3656.7,3439.5,2534.8,2778.0,1667.7,1.799,0,0,69,54,-9.0,0.451,3,2018-03-27 09:41:59.930
6324,16.209947,-97.981462,-26.643,-5218.3,-7838.6,12237.7,348.3,281.9,250.9,1.6,0,0,11,12,-9.0,0.09,2,2018-03-27 17:06:56.840
6325,16.294197,-97.868734,-11.246,6831.7,1484.6,-3159.9,193.1,275.0,444.2,0.88,0,0,103,98,-9.0,0.105,2,2018-03-27 17:07:51.680
6326,15.511117,-94.89362,-35.223,-17881.1,8352.4,6077.0,2310.8,2718.9,4173.4,2.265,0,0,67,50,-9.0,0.403,3,2018-03-27 18:36:06.720
6327,16.381288,-98.090804,-19.192,-16899.6,11122.1,4786.3,730.8,683.1,508.4,1.164,0,0,90,84,-9.0,0.216,2,2018-03-27 22:40:37.880
6328,15.332051,-94.656348,-31.539,7583.9,-11461.7,2393.0,2414.3,4367.8,3878.6,2.766,0,0,32,10,-9.0,0.559,3,2018-03-27 23:32:23.840
6329,16.296987,-97.868498,-10.967,6856.3,1793.4,-3438.3,196.2,278.7,452.9,1.206,0,0,103,98,-9.0,0.103,2,2018-03-28 01:42:12.880
6330,16.136558,-95.360465,-53.74,2383.1,3425.9,710.1,3100.3,6523.4,7247.7,1.275,0,0,11,14,-9.0,0.8,8,2018-03-28 03:52:34.770
6331,16.342771,-98.047998,-15.809,-12326.8,6859.9,1403.4,388.1,380.0,379.6,0.855,0,0,211,201,-9.0,0.172,2,2018-03-28 07:14:13.290
6332,15.513714,-94.874365,-16.954,-15814.4,8639.8,-12191.1,2376.4,2855.8,2169.9,1.597,0,0,10,10,-9.0,0.4,3,2018-03-28 09:17:44.820
6333,15.323691,-94.839575,-33.112,-12086.3,-12386.7,3966.5,2639.4,3329.5,6314.4,1.926,0,0,45,37,-9.0,0.501,3,2018-03-28 10:24:12.810
6334,16.740483,-95.393962,-0.027,-5009.1,3417.5,-599.4,10635.8,18071.6,6898.5,2.0,0,0,10,7,-9.0,1.426,16,2018-03-28 11:07:09.160
6335,16.339351,-98.086629,-14.547,-16455.5,6481.4,141.8,466.6,587.0,523.3,1.01,0,0,184,173,-9.0,0.259,2,2018-03-28 11:28:53.330
6336,16.298661,-98.125464,-17.906,-20608.0,1978.6,3500.9,680.4,435.0,534.5,1.127,0,0,119,102,-9.0,0.187,2,2018-03-28 14:14:17.450
6337,16.262693,-97.8955,-9.832,3970.6,-2001.6,-4573.0,277.5,253.4,427.0,0.991,0,0,103,96,-9.0,0.101,2,2018-03-28 15:10:44.210
6338,16.320928,-97.917578,-15.136,1610.5,4442.7,730.7,402.3,211.6,549.4,0.85,0,0,133,122,-9.0,0.183,2,2018-03-28 15:53:21.220
6339,15.289676,-94.634269,-34.307,9955.8,-16150.5,5161.6,2553.7,2836.7,5746.9,2.089,0,0,16,9,-9.0,0.472,3,2018-03-28 19:36:52.600
6340,15.200917,-94.902913,-37.534,-18891.8,-25971.9,8388.2,5124.7,7009.0,22443.1,2.123,0,0,5,5,-9.0,0.372,3,2018-03-28 23:36:53.980
6341,16.36113,-98.088704,-19.112,-16676.3,8891.5,4706.9,648.6,566.6,435.2,0.841,0,0,115,101,-9.0,0.181,2,2018-03-29 03:41:13.950
6342,16.208755,-98.066829,-11.654,-14344.6,-7970.4,-2751.3,425.0,328.1,483.7,1.585,0,0,169,123,-9.0,0.17,2,2018-03-29 06:06:38.970
6343,16.305724,-98.097323,-17.592,-17599.4,2760.3,3186.1,383.2,375.0,350.1,1.02,0,0,183,155,-9.0,0.164,2,2018-03-29 07:50:38.840
6344,16.073917,-97.7573,-6.91,18751.9,-22891.8,-7495.4,526.6,314.4,757.2,1.121,0,0,12,12,-9.0,0.112,2,2018-03-29 08:01:21.870
6345,15.990254,-96.858171,-19.386,-4281.1,-1303.6,-1837.7,2547.6,2980.8,2494.3,1.009,0,0,8,8,-9.0,0.677,11,2018-03-29 08:45:50.310
6346,16.460009,-97.901839,-16.854,3291.6,19833.5,2448.2,305.6,345.2,349.7,1.917,0,0,63,43,-9.0,0.181,2,2018-03-29 09:32:24.080
6347,15.522323,-94.878475,-17.362,-16255.2,9592.3,-11783.4,2419.3,2453.3,1552.7,1.527,0,0,10,9,-9.0,0.156,3,2018-03-29 10:57:18.920
6348,15.401913,-94.830615,-34.058,-11122.5,-3731.2,4912.6,1596.0,2891.4,6150.2,2.18,0,0,71,52,-9.0,0.553,3,2018-03-29 11:26:09.950
6349,16.297222,-97.68759,-17.372,26191.6,1819.3,2966.7,691.7,503.6,944.2,0.761,0,0,8,8,-9.0,0.202,2,2018-03-29 17:34:07.440
6350,15.475806,-94.879899,-48.478,-16410.1,4445.2,19332.2,3162.6,3094.3,6291.2,1.977,0,0,9,5,-9.0,0.462,3,2018-03-29 18:18:11.420
6351,16.260187,-98.047909,-10.504,-12319.8,-2279.0,-3901.2,382.9,381.1,436.5,1.457,0,0,165,167,-9.0,0.175,2,2018-03-29 19:51:19.020
6352,15.338382,-94.787565,-21.901,-6502.9,-10761.1,-7244.6,2862.0,2674.9,2644.6,2.193,0,0,34,24,-9.0,0.47,3,2018-03-29 20:26:04.120
6353,16.215799,-97.513175,-14.365,44842.7,-7191.0,-40.8,409.1,367.5,577.0,1.511,0,0,32,30,-9.0,0.196,2,2018-03-29 22:46:20.980
6354,16.605804,-98.626294,-14.661,-2059.2,1218.0,5085.6,1611.3,2104.5,2463.7,1.634,0,0,5,4,-9.0,0.161,25,2018-03-30 00:07:55.520
6355,15.321784,-95.144002,-31.757,2227.8,236.2,-342.7,4149.8,4599.1,5667.8,1.909,0,0,3,2,-9.0,0.372,27,2018-03-30 03:19:12.760
6356,16.276076,-97.853727,-9.905,8435.5,-520.6,-4500.8,297.4,269.5,410.7,1.047,0,0,91,87,-9.0,0.116,2,2018-03-30 05:40:16.690
6357,16.212842,-97.970687,-24.849,-4065.9,-7518.2,10443.2,467.3,334.5,556.3,1.636,0,0,9,12,-9.0,0.063,2,2018-03-30 06:04:56.070
6358,15.41728,-94.801326,-30.921,-7978.3,-2030.9,1775.3,1617.6,2424.0,1757.4,1.628,0,0,100,71,-9.0,0.451,3,2018-03-30 06:29:04.780
6359,16.300978,-97.833447,-12.778,10602.3,2235.0,-1627.3,620.8,700.0,1017.1,1.386,0,0,97,71,-9.0,0.141,2,2018-03-30 09:44:13.090
6360,16.387257,-98.206527,-23.213,-29265.6,11782.7,8807.2,1002.8,890.0,698.8,1.911,0,0,21,7,-9.0,0.22,2,2018-03-30 11:40:31.110
6361,15.491971,-94.890365,-43.792,-17532.0,6233.9,14646.9,2159.7,3166.7,4290.2,1.89,0,0,68,36,-9.0,0.391,3,2018-03-30 11:45:08.390
6362,15.907251,-94.989315,-31.228,1961.9,134.8,-1469.1,3490.2,4050.2,4741.7,1.765,0,0,9,8,-9.0,0.443,14,2018-03-30 12:00:03.480
6363,16.280659,-98.011995,-13.313,-8480.4,-13.5,-1092.1,467.1,316.0,529.2,1.163,0,0,195,177,-9.0,0.156,2,2018-03-30 18:56:34.640
6364,16.385752,-97.857015,-16.072,8082.4,11616.2,1666.1,328.4,342.6,414.6,0.713,0,0,88,83,-9.0,0.186,2,2018-03-30 21:54:30.680
